{
  "expected_value_gibbs_state": -34.608244926838864,
  "expected_value_psgibbs_state": -34.869661078577124,
  "energy_qaoa_gibbs_state": -39.62513626738075,
  "energy_qaoa_psgibbs_state": -35.22753384128546,
  "energy_value_exact": -42,
  "entropy_gibbs_state": 9.92615198727645,
  "entropy_psgibbs_state": 8.128256420087329
}