{
  "expected_value_gibbs_state": -34.256074231853205,
  "expected_value_psgibbs_state": -34.00000000000092,
  "energy_qaoa_gibbs_state": -38.51126075098878,
  "energy_qaoa_psgibbs_state": -33.99999934907756,
  "energy_value_exact": -41,
  "entropy_gibbs_state": 9.865694617501562,
  "entropy_psgibbs_state": 7.971776122880382
}