{
  "expected_value_gibbs_state": -32.26264777672007,
  "expected_value_psgibbs_state": -32.08318158288368,
  "energy_qaoa_gibbs_state": -36.149523458251785,
  "energy_qaoa_psgibbs_state": -33.89020426147427,
  "energy_value_exact": -38,
  "entropy_gibbs_state": 10.019420246096056,
  "entropy_psgibbs_state": 9.067744641171338
}