{
  "expected_value_gibbs_state": -34.718050105541714,
  "expected_value_psgibbs_state": -34.99999999999895,
  "energy_qaoa_gibbs_state": -39.43675067852352,
  "energy_qaoa_psgibbs_state": -34.99999972824672,
  "energy_value_exact": -42,
  "entropy_gibbs_state": 9.883000471004761,
  "entropy_psgibbs_state": 7.703459047866989
}