{
  "expected_value_gibbs_state": -39.94589144061674,
  "expected_value_psgibbs_state": -39.999999999997506,
  "energy_qaoa_gibbs_state": -43.75656569757729,
  "energy_qaoa_psgibbs_state": -39.99999991370474,
  "energy_value_exact": -47,
  "entropy_gibbs_state": 9.858812192077895,
  "entropy_psgibbs_state": 7.816819965764708
}