{
  "expected_value_gibbs_state": -35.666620540573795,
  "expected_value_psgibbs_state": -35.7039585660753,
  "energy_qaoa_gibbs_state": -39.51101647981331,
  "energy_qaoa_psgibbs_state": -36.112206128516405,
  "energy_value_exact": -42,
  "entropy_gibbs_state": 9.92319243007319,
  "entropy_psgibbs_state": 8.491542261046021
}