{
  "expected_value_gibbs_state": -35.53906131613241,
  "expected_value_psgibbs_state": -35.359371013212744,
  "energy_qaoa_gibbs_state": -39.25312781575771,
  "energy_qaoa_psgibbs_state": -36.392967308990904,
  "energy_value_exact": -42,
  "entropy_gibbs_state": 9.96959185996298,
  "entropy_psgibbs_state": 9.030610191723127
}