{
  "expected_value_gibbs_state": -34.256074231853205,
  "expected_value_psgibbs_state": -34.06880896174918,
  "energy_qaoa_gibbs_state": -38.51126075098878,
  "energy_qaoa_psgibbs_state": -34.081884423128955,
  "energy_value_exact": -41,
  "entropy_gibbs_state": 9.865694617501562,
  "entropy_psgibbs_state": 8.21057452691018
}