{
  "expected_value_gibbs_state": -39.59717877090566,
  "expected_value_psgibbs_state": -39.460384766867314,
  "energy_qaoa_gibbs_state": -44.818937582475115,
  "energy_qaoa_psgibbs_state": -40.59540677174735,
  "energy_value_exact": -48,
  "entropy_gibbs_state": 9.797792365329338,
  "entropy_psgibbs_state": 8.571683094396388
}