{
  "expected_value_gibbs_state": -35.53906131613241,
  "expected_value_psgibbs_state": -35.60026251942393,
  "energy_qaoa_gibbs_state": -39.25312781575771,
  "energy_qaoa_psgibbs_state": -35.99661006247126,
  "energy_value_exact": -42,
  "entropy_gibbs_state": 9.96959185996298,
  "entropy_psgibbs_state": 8.65794467183645
}