{
  "expected_value_gibbs_state": -36.35487736344542,
  "expected_value_psgibbs_state": -36.21895066727666,
  "energy_qaoa_gibbs_state": -39.92094236905055,
  "energy_qaoa_psgibbs_state": -36.79880826016794,
  "energy_value_exact": -42,
  "entropy_gibbs_state": 10.033250389364744,
  "entropy_psgibbs_state": 8.850976088076159
}