{
  "expected_value_gibbs_state": -30.798065397961256,
  "expected_value_psgibbs_state": -30.877172435746242,
  "energy_qaoa_gibbs_state": -34.83360190121143,
  "energy_qaoa_psgibbs_state": -31.642484528040416,
  "energy_value_exact": -37,
  "entropy_gibbs_state": 10.14053257228649,
  "entropy_psgibbs_state": 8.655282311787944
}