{
  "expected_value_gibbs_state": -36.087440854377135,
  "expected_value_psgibbs_state": -36.0087237876176,
  "energy_qaoa_gibbs_state": -39.79036581593387,
  "energy_qaoa_psgibbs_state": -36.179294662994856,
  "energy_value_exact": -43,
  "entropy_gibbs_state": 9.959054452809335,
  "entropy_psgibbs_state": 8.186052841838872
}