{
  "expected_value_gibbs_state": -35.666620540573795,
  "expected_value_psgibbs_state": -36.00000000000194,
  "energy_qaoa_gibbs_state": -39.51101647981331,
  "energy_qaoa_psgibbs_state": -35.99999980669581,
  "energy_value_exact": -42,
  "entropy_gibbs_state": 9.92319243007319,
  "entropy_psgibbs_state": 7.739794458408236
}