{
  "expected_value_gibbs_state": -34.608244926838864,
  "expected_value_psgibbs_state": -34.410535240566034,
  "energy_qaoa_gibbs_state": -39.62513626738075,
  "energy_qaoa_psgibbs_state": -36.08234949849174,
  "energy_value_exact": -42,
  "entropy_gibbs_state": 9.92615198727645,
  "entropy_psgibbs_state": 8.92538139305733
}