{
  "expected_value_gibbs_state": -38.80277966266421,
  "expected_value_psgibbs_state": -38.64738273382521,
  "energy_qaoa_gibbs_state": -41.919129765089146,
  "energy_qaoa_psgibbs_state": -39.73055989760036,
  "energy_value_exact": -44,
  "entropy_gibbs_state": 10.082146263423585,
  "entropy_psgibbs_state": 9.202382805259097
}