{
  "expected_value_gibbs_state": -36.544040606048355,
  "expected_value_psgibbs_state": -36.99978042892127,
  "energy_qaoa_gibbs_state": -40.43656411184228,
  "energy_qaoa_psgibbs_state": -36.999811264607025,
  "energy_value_exact": -43,
  "entropy_gibbs_state": 9.984206951161513,
  "entropy_psgibbs_state": 7.903160655876477
}