{
  "expected_value_gibbs_state": -5.423652947941144,
  "expected_value_psgibbs_state": -5.068313313798158,
  "energy_qaoa_gibbs_state": -6.4725751262381515,
  "energy_qaoa_psgibbs_state": -6.353172134171566,
  "energy_value_exact": -7,
  "entropy_gibbs_state": 3.9420594615433755,
  "entropy_psgibbs_state": 3.182391440135337
}