{
  "expected_value_gibbs_state": -4.926929086615661,
  "expected_value_psgibbs_state": -5.000000000000003,
  "energy_qaoa_gibbs_state": -5.970782160527667,
  "energy_qaoa_psgibbs_state": -5.019384698616192,
  "energy_value_exact": -7,
  "entropy_gibbs_state": 3.9328843886411895,
  "entropy_psgibbs_state": 2.4849066497880012
}