{
  "expected_value_gibbs_state": -5.468745182189026,
  "expected_value_psgibbs_state": -5.276226100572147,
  "energy_qaoa_gibbs_state": -7.245905348338624,
  "energy_qaoa_psgibbs_state": -6.442939183210726,
  "energy_value_exact": -8,
  "entropy_gibbs_state": 3.9249186507203264,
  "entropy_psgibbs_state": 3.6869108672420925
}