{
  "expected_value_gibbs_state": -3.026455117257636,
  "expected_value_psgibbs_state": -3.0,
  "energy_qaoa_gibbs_state": -3.995393316699287,
  "energy_qaoa_psgibbs_state": -3.252410295825526,
  "energy_value_exact": -4,
  "entropy_gibbs_state": 4.035504071214043,
  "entropy_psgibbs_state": 3.178053830347946
}