{
  "expected_value_gibbs_state": -4.926929086615661,
  "expected_value_psgibbs_state": -4.959768073812868,
  "energy_qaoa_gibbs_state": -5.986661266498267,
  "energy_qaoa_psgibbs_state": -5.638990719788655,
  "energy_value_exact": -7,
  "entropy_gibbs_state": 3.9328843886411895,
  "entropy_psgibbs_state": 2.728454067798423
}