{
  "expected_value_gibbs_state": -5.468745182189025,
  "expected_value_psgibbs_state": -5.280058858724311,
  "energy_qaoa_gibbs_state": -7.388134032787416,
  "energy_qaoa_psgibbs_state": -6.860622438146649,
  "energy_value_exact": -8,
  "entropy_gibbs_state": 3.9249186507203264,
  "entropy_psgibbs_state": 3.5783357753672274
}