{
  "expected_value_gibbs_state": -5.468745182189026,
  "expected_value_psgibbs_state": -5.280058858724318,
  "energy_qaoa_gibbs_state": -7.333745797733103,
  "energy_qaoa_psgibbs_state": -6.111636172575244,
  "energy_value_exact": -8,
  "entropy_gibbs_state": 3.9249186507203264,
  "entropy_psgibbs_state": 3.578335775367227
}