{
  "expected_value_gibbs_state": -5.856175907625055,
  "expected_value_psgibbs_state": -6.0,
  "energy_qaoa_gibbs_state": -6.7921977481551545,
  "energy_qaoa_psgibbs_state": -6.613111405452424,
  "energy_value_exact": -7,
  "entropy_gibbs_state": 3.971534398412671,
  "entropy_psgibbs_state": 2.772588722239781
}