{
  "expected_value_gibbs_state": -5.423652947941144,
  "expected_value_psgibbs_state": -5.000000093462904,
  "energy_qaoa_gibbs_state": -6.533848938281428,
  "energy_qaoa_psgibbs_state": -6.26304092686992,
  "energy_value_exact": -7,
  "entropy_gibbs_state": 3.9420594615433755,
  "entropy_psgibbs_state": 2.995733794140325
}