{
  "expected_value_gibbs_state": -3.648914448459491,
  "expected_value_psgibbs_state": -3.9999999999998717,
  "energy_qaoa_gibbs_state": -4.820139432424088,
  "energy_qaoa_psgibbs_state": -4.00000000000013,
  "energy_value_exact": -5,
  "entropy_gibbs_state": 4.005204209233283,
  "entropy_psgibbs_state": 2.890371757900139
}