{
  "expected_value_gibbs_state": -5.423652947941144,
  "expected_value_psgibbs_state": -5.177929451240885,
  "energy_qaoa_gibbs_state": -6.245582334663947,
  "energy_qaoa_psgibbs_state": -6.4362933651400365,
  "energy_value_exact": -7,
  "entropy_gibbs_state": 3.9420594615433755,
  "entropy_psgibbs_state": 3.305266453506599
}