{
  "expected_value_gibbs_state": -5.468745182189026,
  "expected_value_psgibbs_state": -5.00096336848596,
  "energy_qaoa_gibbs_state": -7.245905348338619,
  "energy_qaoa_psgibbs_state": -6.492104291392404,
  "energy_value_exact": -8,
  "entropy_gibbs_state": 3.9249186507203264,
  "entropy_psgibbs_state": 3.18503964447425
}