{
  "expected_value_gibbs_state": -5.324694479187225,
  "expected_value_psgibbs_state": -5.2891782245880705,
  "energy_qaoa_gibbs_state": -6.014752240959654,
  "energy_qaoa_psgibbs_state": -5.860177791724828,
  "energy_value_exact": -7,
  "entropy_gibbs_state": 3.9746879004159688,
  "entropy_psgibbs_state": 3.694009176093958
}