{
  "expected_value_gibbs_state": -4.856246758237426,
  "expected_value_psgibbs_state": -4.999672052415562,
  "energy_qaoa_gibbs_state": -6.647047723855337,
  "energy_qaoa_psgibbs_state": -5.629314468986569,
  "energy_value_exact": -7,
  "entropy_gibbs_state": 3.955026918527978,
  "entropy_psgibbs_state": 2.9986594696037407
}