{
  "expected_value_gibbs_state": -3.64891444845949,
  "expected_value_psgibbs_state": -3.5739001140434925,
  "energy_qaoa_gibbs_state": -4.665272902906381,
  "energy_qaoa_psgibbs_state": -4.676912268796229,
  "energy_value_exact": -5,
  "entropy_gibbs_state": 4.005204209233283,
  "entropy_psgibbs_state": 3.746663890962757
}