{
  "expected_value_gibbs_state": -5.856175907625055,
  "expected_value_psgibbs_state": -5.999544069907727,
  "energy_qaoa_gibbs_state": -6.758043385310835,
  "energy_qaoa_psgibbs_state": -6.781025155073179,
  "energy_value_exact": -7,
  "entropy_gibbs_state": 3.971534398412671,
  "entropy_psgibbs_state": 2.776662707104785
}