{
  "expected_value_gibbs_state": -4.926929086615661,
  "expected_value_psgibbs_state": -4.99988826594258,
  "energy_qaoa_gibbs_state": -6.577834045654239,
  "energy_qaoa_psgibbs_state": -5.013101486915941,
  "energy_value_exact": -7,
  "entropy_gibbs_state": 3.9328843886411895,
  "entropy_psgibbs_state": 2.486126020737302
}