{
  "expected_value_gibbs_state": -5.324694479187225,
  "expected_value_psgibbs_state": -5.016003385854722,
  "energy_qaoa_gibbs_state": -6.365278178146183,
  "energy_qaoa_psgibbs_state": -5.660061323662248,
  "energy_value_exact": -7,
  "entropy_gibbs_state": 3.9746879004159688,
  "entropy_psgibbs_state": 3.0742092695566767
}