{
  "expected_value_gibbs_state": -3.64891444845949,
  "expected_value_psgibbs_state": -3.747936810789447,
  "energy_qaoa_gibbs_state": -4.471335448839002,
  "energy_qaoa_psgibbs_state": -4.822648669713953,
  "energy_value_exact": -5,
  "entropy_gibbs_state": 4.005204209233283,
  "entropy_psgibbs_state": 3.484134616650822
}