{
  "expected_value_gibbs_state": -5.324694479187224,
  "expected_value_psgibbs_state": -5.2659459274349825,
  "energy_qaoa_gibbs_state": -6.159734778846584,
  "energy_qaoa_psgibbs_state": -5.805685561958429,
  "energy_value_exact": -7,
  "entropy_gibbs_state": 3.9746879004159688,
  "entropy_psgibbs_state": 3.5800463405330047
}