{
  "expected_value_gibbs_state": -5.423652947941144,
  "expected_value_psgibbs_state": -5.189864488785437,
  "energy_qaoa_gibbs_state": -6.344503459700181,
  "energy_qaoa_psgibbs_state": -6.213688820671052,
  "energy_value_exact": -7,
  "entropy_gibbs_state": 3.9420594615433755,
  "entropy_psgibbs_state": 3.585691461340982
}