{
  "expected_value_gibbs_state": -5.324694479187224,
  "expected_value_psgibbs_state": -5.1637757745878865,
  "energy_qaoa_gibbs_state": -5.885196838662877,
  "energy_qaoa_psgibbs_state": -5.840083522593196,
  "energy_value_exact": -7,
  "entropy_gibbs_state": 3.9746879004159688,
  "entropy_psgibbs_state": 3.4102066761453167
}