{
  "expected_value_gibbs_state": -4.185532240909712,
  "expected_value_psgibbs_state": -4.21047312210362,
  "energy_qaoa_gibbs_state": -4.869054285165863,
  "energy_qaoa_psgibbs_state": -4.799974531344308,
  "energy_value_exact": -5,
  "entropy_gibbs_state": 4.003024645010716,
  "entropy_psgibbs_state": 3.7142489286845475
}