{
  "expected_value_gibbs_state": -5.468745182189025,
  "expected_value_psgibbs_state": -5.199775402228544,
  "energy_qaoa_gibbs_state": -6.697463864599223,
  "energy_qaoa_psgibbs_state": -7.159804788523028,
  "energy_value_exact": -8,
  "entropy_gibbs_state": 3.9249186507203264,
  "entropy_psgibbs_state": 3.5396709849364076
}