{
  "expected_value_gibbs_state": -4.664293786432058,
  "expected_value_psgibbs_state": -4.64796940533,
  "energy_qaoa_gibbs_state": -5.180604454129899,
  "energy_qaoa_psgibbs_state": -5.269479697127418,
  "energy_value_exact": -6,
  "entropy_gibbs_state": 4.015644625353662,
  "entropy_psgibbs_state": 3.836587122209489
}