{
  "expected_value_gibbs_state": -3.64891444845949,
  "expected_value_psgibbs_state": -3.6284792061549234,
  "energy_qaoa_gibbs_state": -4.907856055375544,
  "energy_qaoa_psgibbs_state": -4.238139003297867,
  "energy_value_exact": -5,
  "entropy_gibbs_state": 4.005204209233283,
  "entropy_psgibbs_state": 3.6322898929285747
}