{
  "expected_value_gibbs_state": -4.87431915655884,
  "expected_value_psgibbs_state": -4.999617057455709,
  "energy_qaoa_gibbs_state": -6.675299181805014,
  "energy_qaoa_psgibbs_state": -5.548376026544712,
  "energy_value_exact": -7,
  "entropy_gibbs_state": 3.948601149810863,
  "entropy_psgibbs_state": 2.642635237799881
}