{
  "expected_value_gibbs_state": -6.995829986791779,
  "expected_value_psgibbs_state": -6.999991790682012,
  "energy_qaoa_gibbs_state": -7.354116313430531,
  "energy_qaoa_psgibbs_state": -7.350554108346077,
  "energy_value_exact": -9,
  "entropy_gibbs_state": 3.9408816791512287,
  "entropy_psgibbs_state": 3.091231107231835
}