{
  "expected_value_gibbs_state": -4.664293786432058,
  "expected_value_psgibbs_state": -4.704415410494199,
  "energy_qaoa_gibbs_state": -5.429631413903351,
  "energy_qaoa_psgibbs_state": -5.161702815841354,
  "energy_value_exact": -6,
  "entropy_gibbs_state": 4.015644625353662,
  "entropy_psgibbs_state": 3.7560005965411403
}