{
  "expected_value_gibbs_state": -3.648914448459489,
  "expected_value_psgibbs_state": -3.999999999999871,
  "energy_qaoa_gibbs_state": -4.731016845912698,
  "energy_qaoa_psgibbs_state": -3.999999999999997,
  "energy_value_exact": -5,
  "entropy_gibbs_state": 4.005204209233282,
  "entropy_psgibbs_state": 2.890371757900139
}