{
  "expected_value_gibbs_state": -4.664293786432058,
  "expected_value_psgibbs_state": -4.9999999999999964,
  "energy_qaoa_gibbs_state": -5.250403511559753,
  "energy_qaoa_psgibbs_state": -5.210748721069244,
  "energy_value_exact": -6,
  "entropy_gibbs_state": 4.015644625353662,
  "entropy_psgibbs_state": 3.178053830348097
}