{
  "expected_value_gibbs_state": -5.324694479187224,
  "expected_value_psgibbs_state": -5.016003385854723,
  "energy_qaoa_gibbs_state": -6.073210226382841,
  "energy_qaoa_psgibbs_state": -5.75772683089107,
  "energy_value_exact": -7,
  "entropy_gibbs_state": 3.9746879004159688,
  "entropy_psgibbs_state": 3.074209269556678
}