{
  "expected_value_gibbs_state": -5.324694479187225,
  "expected_value_psgibbs_state": -5.265945927434984,
  "energy_qaoa_gibbs_state": -5.983881163087149,
  "energy_qaoa_psgibbs_state": -6.155649090320834,
  "energy_value_exact": -7,
  "entropy_gibbs_state": 3.9746879004159688,
  "entropy_psgibbs_state": 3.580046340533004
}