{
  "expected_value_gibbs_state": -5.468745182189026,
  "expected_value_psgibbs_state": -5.199775402228549,
  "energy_qaoa_gibbs_state": -7.558727466101406,
  "energy_qaoa_psgibbs_state": -6.09352374312884,
  "energy_value_exact": -8,
  "entropy_gibbs_state": 3.9249186507203264,
  "entropy_psgibbs_state": 3.5396709849364103
}