{
  "expected_value_gibbs_state": -6.995829986791777,
  "expected_value_psgibbs_state": -6.945726217955788,
  "energy_qaoa_gibbs_state": -8.106842985015216,
  "energy_qaoa_psgibbs_state": -7.302315997141491,
  "energy_value_exact": -9,
  "entropy_gibbs_state": 3.9408816791512287,
  "entropy_psgibbs_state": 3.4503018050999157
}