{
  "expected_value_gibbs_state": -7.735833777381916,
  "expected_value_psgibbs_state": -7.801725403631925,
  "energy_qaoa_gibbs_state": -8.671049044460926,
  "energy_qaoa_psgibbs_state": -8.180067262148835,
  "energy_value_exact": -10,
  "entropy_gibbs_state": 5.2656160076275595,
  "entropy_psgibbs_state": 4.299775138065281
}