{
  "expected_value_gibbs_state": -8.805618938609307,
  "expected_value_psgibbs_state": -9.000000000000005,
  "energy_qaoa_gibbs_state": -9.829323804659957,
  "energy_qaoa_psgibbs_state": -9.000000000000009,
  "energy_value_exact": -11,
  "entropy_gibbs_state": 5.256547474568399,
  "entropy_psgibbs_state": 3.9512437185814298
}