{
  "expected_value_gibbs_state": -7.735833777381916,
  "expected_value_psgibbs_state": -7.587796387565836,
  "energy_qaoa_gibbs_state": -8.96203794939872,
  "energy_qaoa_psgibbs_state": -8.430627827744576,
  "energy_value_exact": -10,
  "entropy_gibbs_state": 5.2656160076275595,
  "entropy_psgibbs_state": 4.855382349705252
}