{
  "expected_value_gibbs_state": -10.027280685246271,
  "expected_value_psgibbs_state": -10.000000000000012,
  "energy_qaoa_gibbs_state": -11.745725811909317,
  "energy_qaoa_psgibbs_state": -10.778048283381839,
  "energy_value_exact": -12,
  "entropy_gibbs_state": 5.2005340658096815,
  "entropy_psgibbs_state": 4.54329478227001
}