{
  "expected_value_gibbs_state": -9.431247090087666,
  "expected_value_psgibbs_state": -9.000000750909575,
  "energy_qaoa_gibbs_state": -11.073616487154137,
  "energy_qaoa_psgibbs_state": -9.552242523627609,
  "energy_value_exact": -12,
  "entropy_gibbs_state": 5.225815436283058,
  "entropy_psgibbs_state": 3.9889951229175566
}