{
  "expected_value_gibbs_state": -6.628013806134431,
  "expected_value_psgibbs_state": -6.999999999989511,
  "energy_qaoa_gibbs_state": -7.528245604400846,
  "energy_qaoa_psgibbs_state": -7.258923244992329,
  "energy_value_exact": -9,
  "entropy_gibbs_state": 5.282419231157948,
  "entropy_psgibbs_state": 3.7376696185626144
}