{
  "expected_value_gibbs_state": -6.812019953534731,
  "expected_value_psgibbs_state": -6.998688556056961,
  "energy_qaoa_gibbs_state": -8.098519118455599,
  "energy_qaoa_psgibbs_state": -6.999526446929455,
  "energy_value_exact": -9,
  "entropy_gibbs_state": 5.222030262000397,
  "entropy_psgibbs_state": 3.8390479252167244
}