{
  "expected_value_gibbs_state": -8.394738278240556,
  "expected_value_psgibbs_state": -8.06490924762865,
  "energy_qaoa_gibbs_state": -9.92634333383585,
  "energy_qaoa_psgibbs_state": -8.609961171473763,
  "energy_value_exact": -11,
  "entropy_gibbs_state": 5.222719798038836,
  "entropy_psgibbs_state": 4.1309671834521415
}