{
  "expected_value_gibbs_state": -7.153176283749265,
  "expected_value_psgibbs_state": -7.000304447720237,
  "energy_qaoa_gibbs_state": -8.459374980326917,
  "energy_qaoa_psgibbs_state": -7.229452928280784,
  "energy_value_exact": -9,
  "entropy_gibbs_state": 5.281631383841782,
  "entropy_psgibbs_state": 4.028015512528721
}