{
  "expected_value_gibbs_state": -6.65585561141277,
  "expected_value_psgibbs_state": -6.951245821458637,
  "energy_qaoa_gibbs_state": -8.511124948098075,
  "energy_qaoa_psgibbs_state": -6.982542913790823,
  "energy_value_exact": -9,
  "entropy_gibbs_state": 5.272116222746641,
  "entropy_psgibbs_state": 4.00303051516219
}