{
  "expected_value_gibbs_state": -9.985809242057595,
  "expected_value_psgibbs_state": -9.999984800557332,
  "energy_qaoa_gibbs_state": -10.83873757154118,
  "energy_qaoa_psgibbs_state": -10.000138599522657,
  "energy_value_exact": -12,
  "entropy_gibbs_state": 5.2154859657395924,
  "entropy_psgibbs_state": 3.9123501855496703
}