{
  "expected_value_gibbs_state": -10.027280685246271,
  "expected_value_psgibbs_state": -10.00000000000001,
  "energy_qaoa_gibbs_state": -11.186932540120454,
  "energy_qaoa_psgibbs_state": -10.470484153593855,
  "energy_value_exact": -12,
  "entropy_gibbs_state": 5.2005340658096815,
  "entropy_psgibbs_state": 4.543294782270009
}