{
  "expected_value_gibbs_state": -8.228355923333085,
  "expected_value_psgibbs_state": -8.155658396818724,
  "energy_qaoa_gibbs_state": -9.512489621853991,
  "energy_qaoa_psgibbs_state": -8.840216302704814,
  "energy_value_exact": -10,
  "entropy_gibbs_state": 5.273908966206605,
  "entropy_psgibbs_state": 4.654564285317814
}