{
  "expected_value_gibbs_state": -6.812019953534731,
  "expected_value_psgibbs_state": -6.900735369377515,
  "energy_qaoa_gibbs_state": -8.16248381816515,
  "energy_qaoa_psgibbs_state": -6.941182666995675,
  "energy_value_exact": -9,
  "entropy_gibbs_state": 5.222030262000397,
  "entropy_psgibbs_state": 4.187493106461789
}