{
  "expected_value_gibbs_state": -7.186325424163273,
  "expected_value_psgibbs_state": -7.088622299705958,
  "energy_qaoa_gibbs_state": -8.38933380008286,
  "energy_qaoa_psgibbs_state": -8.153339345054825,
  "energy_value_exact": -9,
  "entropy_gibbs_state": 5.272332599352503,
  "entropy_psgibbs_state": 4.5755157838348985
}