{
  "expected_value_gibbs_state": -8.57427394289219,
  "expected_value_psgibbs_state": -8.999999263104801,
  "energy_qaoa_gibbs_state": -9.349725493828446,
  "energy_qaoa_psgibbs_state": -8.949869294069638,
  "energy_value_exact": -11,
  "entropy_gibbs_state": 5.164175977583328,
  "entropy_psgibbs_state": 3.1780655136659535
}