{
  "expected_value_gibbs_state": -8.826166558416734,
  "expected_value_psgibbs_state": -8.923998276213789,
  "energy_qaoa_gibbs_state": -10.569919094872223,
  "energy_qaoa_psgibbs_state": -9.522643567381493,
  "energy_value_exact": -11,
  "entropy_gibbs_state": 5.249984220806478,
  "entropy_psgibbs_state": 4.2499346987454585
}