{
  "expected_value_gibbs_state": -7.186325424163273,
  "expected_value_psgibbs_state": -7.056988727846516,
  "energy_qaoa_gibbs_state": -8.217356887886751,
  "energy_qaoa_psgibbs_state": -7.754221556808385,
  "energy_value_exact": -9,
  "entropy_gibbs_state": 5.272332599352503,
  "entropy_psgibbs_state": 4.842453704373675
}