{
  "expected_value_gibbs_state": -7.254589496971112,
  "expected_value_psgibbs_state": -7.002204629090287,
  "energy_qaoa_gibbs_state": -8.339582623572039,
  "energy_qaoa_psgibbs_state": -7.328982918057499,
  "energy_value_exact": -10,
  "entropy_gibbs_state": 5.24740081353659,
  "entropy_psgibbs_state": 4.1413658010222765
}