{
  "expected_value_gibbs_state": -7.735833777381916,
  "expected_value_psgibbs_state": -8.0,
  "energy_qaoa_gibbs_state": -8.764879063939564,
  "energy_qaoa_psgibbs_state": -8.204047691091649,
  "energy_value_exact": -10,
  "entropy_gibbs_state": 5.2656160076275595,
  "entropy_psgibbs_state": 3.6888794541139314
}