{
  "expected_value_gibbs_state": -8.826166558416734,
  "expected_value_psgibbs_state": -8.999179877544078,
  "energy_qaoa_gibbs_state": -10.324669751906708,
  "energy_qaoa_psgibbs_state": -9.165360368301664,
  "energy_value_exact": -11,
  "entropy_gibbs_state": 5.249984220806478,
  "entropy_psgibbs_state": 3.958012343861744
}