{
  "expected_value_gibbs_state": -8.394738278240556,
  "expected_value_psgibbs_state": -8.27500077571505,
  "energy_qaoa_gibbs_state": -9.266981775047434,
  "energy_qaoa_psgibbs_state": -8.922674788307354,
  "energy_value_exact": -11,
  "entropy_gibbs_state": 5.222719798038836,
  "entropy_psgibbs_state": 4.721698986688379
}