{
  "expected_value_gibbs_state": -9.88232211896427,
  "expected_value_psgibbs_state": -9.947031479482353,
  "energy_qaoa_gibbs_state": -10.60412914419888,
  "energy_qaoa_psgibbs_state": -10.675868059582912,
  "energy_value_exact": -12,
  "entropy_gibbs_state": 5.244363801456979,
  "entropy_psgibbs_state": 4.199070979775364
}