{
  "expected_value_gibbs_state": -9.431247090087666,
  "expected_value_psgibbs_state": -9.288211909612905,
  "energy_qaoa_gibbs_state": -10.200725526853962,
  "energy_qaoa_psgibbs_state": -10.078831887600483,
  "energy_value_exact": -12,
  "entropy_gibbs_state": 5.225815436283058,
  "entropy_psgibbs_state": 4.492622397484498
}