{
  "expected_value_gibbs_state": -9.575120771198495,
  "expected_value_psgibbs_state": -10.000000000000005,
  "energy_qaoa_gibbs_state": -11.518249705256867,
  "energy_qaoa_psgibbs_state": -10.000000000000101,
  "energy_value_exact": -12,
  "entropy_gibbs_state": 5.177341364639521,
  "entropy_psgibbs_state": 4.189654742026424
}