{
  "expected_value_gibbs_state": -6.65585561141277,
  "expected_value_psgibbs_state": -6.475071202227132,
  "energy_qaoa_gibbs_state": -8.199484376803365,
  "energy_qaoa_psgibbs_state": -7.259063528173048,
  "energy_value_exact": -9,
  "entropy_gibbs_state": 5.272116222746641,
  "entropy_psgibbs_state": 4.894711641375098
}