{
  "expected_value_gibbs_state": -10.027280685246271,
  "expected_value_psgibbs_state": -9.990159957052791,
  "energy_qaoa_gibbs_state": -11.689404621390157,
  "energy_qaoa_psgibbs_state": -11.33937191850427,
  "energy_value_exact": -12,
  "entropy_gibbs_state": 5.2005340658096815,
  "entropy_psgibbs_state": 4.591706617764859
}