{
  "expected_value_gibbs_state": -9.88232211896427,
  "expected_value_psgibbs_state": -9.999999999999998,
  "energy_qaoa_gibbs_state": -11.423288934413115,
  "energy_qaoa_psgibbs_state": -10.000000000000135,
  "energy_value_exact": -12,
  "entropy_gibbs_state": 5.244363801456979,
  "entropy_psgibbs_state": 3.9512437185814298
}