{
  "expected_value_gibbs_state": -9.88232211896427,
  "expected_value_psgibbs_state": -9.823076908805511,
  "energy_qaoa_gibbs_state": -11.30585721677251,
  "energy_qaoa_psgibbs_state": -10.322677261476683,
  "energy_value_exact": -12,
  "entropy_gibbs_state": 5.244363801456979,
  "entropy_psgibbs_state": 4.6113270362999454
}