{
  "expected_value_gibbs_state": -8.228355923333085,
  "expected_value_psgibbs_state": -8.00000000000001,
  "energy_qaoa_gibbs_state": -9.121544139635457,
  "energy_qaoa_psgibbs_state": -8.156801478937782,
  "energy_value_exact": -10,
  "entropy_gibbs_state": 5.273908966206605,
  "entropy_psgibbs_state": 4.094344562222102
}