{
  "expected_value_gibbs_state": -9.88232211896427,
  "expected_value_psgibbs_state": -9.74170506614737,
  "energy_qaoa_gibbs_state": -11.303794706540614,
  "energy_qaoa_psgibbs_state": -10.653207522093156,
  "energy_value_exact": -12,
  "entropy_gibbs_state": 5.244363801456979,
  "entropy_psgibbs_state": 4.84368164892505
}