{
  "expected_value_gibbs_state": -6.812019953534731,
  "expected_value_psgibbs_state": -6.733704842571827,
  "energy_qaoa_gibbs_state": -8.792318898856617,
  "energy_qaoa_psgibbs_state": -7.76222715499852,
  "energy_value_exact": -9,
  "entropy_gibbs_state": 5.222030262000397,
  "entropy_psgibbs_state": 4.5324965158121655
}