{
  "expected_value_gibbs_state": -6.628013806134431,
  "expected_value_psgibbs_state": -6.668957820158125,
  "energy_qaoa_gibbs_state": -7.770696314274632,
  "energy_qaoa_psgibbs_state": -7.350670581021038,
  "energy_value_exact": -9,
  "entropy_gibbs_state": 5.282419231157948,
  "entropy_psgibbs_state": 4.483614668791443
}