{
  "expected_value_gibbs_state": -8.209764538721895,
  "expected_value_hadamard_state": -7.000006999986487,
  "energy_qaoa_gibbs_state": -9.53920138319463,
  "energy_qaoa_hadamard_state": -9.16234335030632,
  "energy_value_exact": -10
}