{
  "expected_value_gibbs_state": -12.412210270823149,
  "expected_value_hadamard_state": -9.500009499971481,
  "energy_qaoa_gibbs_state": -12.67834315206758,
  "energy_qaoa_hadamard_state": -11.108122855073047,
  "energy_value_exact": -13
}