{
  "expected_value_gibbs_state": -11.815654628384177,
  "expected_value_hadamard_state": -9.50000949997449,
  "energy_qaoa_gibbs_state": -12.257816370351389,
  "energy_qaoa_hadamard_state": -11.340798598372936,
  "energy_value_exact": -13
}