{
  "expected_value_gibbs_state": -7.894057297052934,
  "expected_value_hadamard_state": -6.500006499994006,
  "energy_qaoa_gibbs_state": -9.105509339199472,
  "energy_qaoa_hadamard_state": -10.159862794476272,
  "energy_value_exact": -11
}