{
  "expected_value_gibbs_state": -13.893215408151104,
  "expected_value_hadamard_state": -9.500009499977494,
  "energy_qaoa_gibbs_state": -13.90439682696088,
  "energy_qaoa_hadamard_state": -11.835157958074372,
  "energy_value_exact": -14
}