{
  "expected_value_gibbs_state": -11.202165445109744,
  "expected_value_hadamard_state": -10.000009999972974,
  "energy_qaoa_gibbs_state": -13.160988345035836,
  "energy_qaoa_hadamard_state": -12.141373414137806,
  "energy_value_exact": -14
}