{
  "expected_value_gibbs_state": -11.449061051460529,
  "expected_value_hadamard_state": -9.500009499977493,
  "energy_qaoa_gibbs_state": -12.564128746619758,
  "energy_qaoa_hadamard_state": -11.466249161092001,
  "energy_value_exact": -13
}