{
  "expected_value_gibbs_state": -9.128159728835728,
  "expected_value_hadamard_state": -8.000007999982012,
  "energy_qaoa_gibbs_state": -11.140234171831978,
  "energy_qaoa_hadamard_state": -10.546549683442699,
  "energy_value_exact": -12
}