{
  "expected_value_gibbs_state": -10.135853617647546,
  "expected_value_hadamard_state": -9.000008999973005,
  "energy_qaoa_gibbs_state": -10.920100479717574,
  "energy_qaoa_hadamard_state": -10.881230627914256,
  "energy_value_exact": -12
}