{
  "expected_value_gibbs_state": -10.84009113542021,
  "expected_value_hadamard_state": -9.500009499977493,
  "energy_qaoa_gibbs_state": -11.786502206944316,
  "energy_qaoa_hadamard_state": -11.589020546211689,
  "energy_value_exact": -14
}