{
  "expected_value_gibbs_state": -12.65751060279702,
  "expected_value_hadamard_state": -11.500011499953516,
  "energy_qaoa_gibbs_state": -14.0271751941237,
  "energy_qaoa_hadamard_state": -12.957779377888231,
  "energy_value_exact": -15
}