{
  "expected_value_gibbs_state": -11.231920476313181,
  "expected_value_hadamard_state": -10.000009999974479,
  "energy_qaoa_gibbs_state": -12.810417024293965,
  "energy_qaoa_hadamard_state": -12.429253220698097,
  "energy_value_exact": -14
}