{
  "expected_value_gibbs_state": -9.010216584874517,
  "expected_value_hadamard_state": -7.500007499991006,
  "energy_qaoa_gibbs_state": -9.98978609498186,
  "energy_qaoa_hadamard_state": -9.56010101178186,
  "energy_value_exact": -12
}