{
  "expected_value_gibbs_state": -12.011341091769701,
  "expected_value_hadamard_state": -10.00000999996998,
  "energy_qaoa_gibbs_state": -12.951199104659445,
  "energy_qaoa_hadamard_state": -11.681730548229645,
  "energy_value_exact": -15
}