{
  "expected_value_gibbs_state": -11.16450589943945,
  "expected_value_hadamard_state": -10.000009999971473,
  "energy_qaoa_gibbs_state": -12.160819091828532,
  "energy_qaoa_hadamard_state": -11.975243526220115,
  "energy_value_exact": -14
}