{
  "expected_value_gibbs_state": -12.363931675106949,
  "expected_value_hadamard_state": -11.00001099996102,
  "energy_qaoa_gibbs_state": -13.3092631655616,
  "energy_qaoa_hadamard_state": -13.281011406874686,
  "energy_value_exact": -15
}