{
  "expected_value_gibbs_state": -9.73775849145502,
  "expected_value_hadamard_state": -8.000007999985009,
  "energy_qaoa_gibbs_state": -10.617627600653904,
  "energy_qaoa_hadamard_state": -10.11029526581914,
  "energy_value_exact": -12
}