{
  "expected_value_gibbs_state": -12.834889491192405,
  "expected_value_hadamard_state": -9.000008999979006,
  "energy_qaoa_gibbs_state": -12.873321046832926,
  "energy_qaoa_hadamard_state": -11.023362714010222,
  "energy_value_exact": -13
}