{
  "expected_value_gibbs_state": -12.162478187604899,
  "expected_value_hadamard_state": -9.000008999979006,
  "energy_qaoa_gibbs_state": -12.542340073227992,
  "energy_qaoa_hadamard_state": -10.974357673197314,
  "energy_value_exact": -13
}