{
  "expected_value_gibbs_state": -14.922247193283413,
  "expected_value_hadamard_state": -10.500010499968525,
  "energy_qaoa_gibbs_state": -14.943782669455572,
  "energy_qaoa_hadamard_state": -13.161091278992298,
  "energy_value_exact": -15
}