{
  "expected_value_gibbs_state": -8.600924991074676,
  "expected_value_hadamard_state": -7.50000749998351,
  "energy_qaoa_gibbs_state": -9.510845392381345,
  "energy_qaoa_hadamard_state": -10.425375000473476,
  "energy_value_exact": -12
}