{
  "expected_value_gibbs_state": -6.6804959108403175,
  "expected_value_hadamard_state": -5.500005499996995,
  "energy_qaoa_gibbs_state": -8.124247063958858,
  "energy_qaoa_hadamard_state": -7.960014138465647,
  "energy_value_exact": -9
}