{
  "expected_value_gibbs_state": -8.546801123269466,
  "expected_value_hadamard_state": -7.500007499989513,
  "energy_qaoa_gibbs_state": -9.618795178600598,
  "energy_qaoa_hadamard_state": -9.876218991303542,
  "energy_value_exact": -11
}