{
  "expected_value_gibbs_state": -14.405368825900531,
  "expected_value_hadamard_state": -11.000010999959521,
  "energy_qaoa_gibbs_state": -14.593408019696096,
  "energy_qaoa_hadamard_state": -12.577808583477147,
  "energy_value_exact": -15
}