{
  "expected_value_gibbs_state": -8.705704537959768,
  "expected_value_hadamard_state": -7.500007499989507,
  "energy_qaoa_gibbs_state": -10.336799544621599,
  "energy_qaoa_hadamard_state": -9.617476456845816,
  "energy_value_exact": -12
}