{
  "expected_value_gibbs_state": -11.800292682632865,
  "expected_value_hadamard_state": -7.000006999993983,
  "energy_qaoa_gibbs_state": -11.962867165194655,
  "energy_qaoa_hadamard_state": -9.558950480720119,
  "energy_value_exact": -12
}