{
  "expected_value_gibbs_state": -12.560698426322267,
  "expected_value_hadamard_state": -10.000009999966972,
  "energy_qaoa_gibbs_state": -12.781704295709307,
  "energy_qaoa_hadamard_state": -12.365345980104557,
  "energy_value_exact": -13
}