{
  "expected_value_gibbs_state": -15.82162701584423,
  "expected_value_hadamard_state": -12.000011999950507,
  "energy_qaoa_gibbs_state": -15.843016481911295,
  "energy_qaoa_hadamard_state": -14.327736834587565,
  "energy_value_exact": -16
}