{
  "expected_value_gibbs_state": -12.574556143886715,
  "expected_value_hadamard_state": -10.500010499967024,
  "energy_qaoa_gibbs_state": -13.88450351438416,
  "energy_qaoa_hadamard_state": -12.571437082313903,
  "energy_value_exact": -15
}