{
  "expected_value_gibbs_state": -9.356624573149578,
  "expected_value_hadamard_state": -8.000007999985005,
  "energy_qaoa_gibbs_state": -10.49128454165054,
  "energy_qaoa_hadamard_state": -10.287662834998702,
  "energy_value_exact": -11
}