{
  "expected_value_gibbs_state": -8.942996442149349,
  "expected_value_hadamard_state": -7.0000069999924905,
  "energy_qaoa_gibbs_state": -10.131992294612143,
  "energy_qaoa_hadamard_state": -9.487232929285334,
  "energy_value_exact": -12
}