{
  "expected_value_gibbs_state": -10.664679552986186,
  "expected_value_hadamard_state": -9.000008999977512,
  "energy_qaoa_gibbs_state": -11.550113682434535,
  "energy_qaoa_hadamard_state": -11.329485136297093,
  "energy_value_exact": -12
}