{
  "expected_value_gibbs_state": -8.765432549701895,
  "expected_value_hadamard_state": -7.500007499985008,
  "energy_qaoa_gibbs_state": -10.03448591067632,
  "energy_qaoa_hadamard_state": -9.250778931547407,
  "energy_value_exact": -11
}