{
  "expected_value_gibbs_state": -10.324444319372374,
  "expected_value_hadamard_state": -9.000008999980503,
  "energy_qaoa_gibbs_state": -11.814219975015547,
  "energy_qaoa_hadamard_state": -11.692922345194432,
  "energy_value_exact": -13
}