{
  "expected_value_gibbs_state": -11.134937554860047,
  "expected_value_hadamard_state": -9.000008999982008,
  "energy_qaoa_gibbs_state": -13.077745391875755,
  "energy_qaoa_hadamard_state": -11.923483839128803,
  "energy_value_exact": -14
}