{
  "expected_value_gibbs_state": -15.996383036385359,
  "expected_value_hadamard_state": -10.500010499970024,
  "energy_qaoa_gibbs_state": -15.998532730137937,
  "energy_qaoa_hadamard_state": -13.958287617630415,
  "energy_value_exact": -16
}