{
  "expected_value_gibbs_state": -10.583638973154606,
  "expected_value_hadamard_state": -9.50000949997299,
  "energy_qaoa_gibbs_state": -11.507671588648986,
  "energy_qaoa_hadamard_state": -11.301075533835506,
  "energy_value_exact": -13
}