{
  "expected_value_gibbs_state": -9.022681727606326,
  "expected_value_hadamard_state": -6.5000064999940035,
  "energy_qaoa_gibbs_state": -9.726278258952522,
  "energy_qaoa_hadamard_state": -9.365064564482898,
  "energy_value_exact": -11
}