{
  "expected_value_gibbs_state": -10.015024159565787,
  "expected_value_hadamard_state": -7.50000749998951,
  "energy_qaoa_gibbs_state": -10.980270199646146,
  "energy_qaoa_hadamard_state": -10.187562882448457,
  "energy_value_exact": -12
}