{
  "expected_value_gibbs_state": -12.157604674630349,
  "expected_value_hadamard_state": -9.00000899998051,
  "energy_qaoa_gibbs_state": -12.368002983874543,
  "energy_qaoa_hadamard_state": -11.005587452628149,
  "energy_value_exact": -13
}