{
  "expected_value_gibbs_state": -9.948656749629771,
  "expected_value_hadamard_state": -7.500007499994013,
  "energy_qaoa_gibbs_state": -10.939196853155874,
  "energy_qaoa_hadamard_state": -12.186230847860298,
  "energy_value_exact": -13
}