{
  "expected_value_gibbs_state": -10.729985610665217,
  "expected_value_hadamard_state": -9.500009499972991,
  "energy_qaoa_gibbs_state": -11.343439749286127,
  "energy_qaoa_hadamard_state": -11.396837810879967,
  "energy_value_exact": -13
}