{
  "expected_value_gibbs_state": -11.203339989246139,
  "expected_value_hadamard_state": -10.00000999997298,
  "energy_qaoa_gibbs_state": -12.863252589795083,
  "energy_qaoa_hadamard_state": -12.623235019818885,
  "energy_value_exact": -14
}