{
  "expected_value_gibbs_state": -11.322283948382518,
  "expected_value_hadamard_state": -10.000009999969976,
  "energy_qaoa_gibbs_state": -12.076335303365912,
  "energy_qaoa_hadamard_state": -12.184635161713224,
  "energy_value_exact": -14
}