{
  "expected_value_gibbs_state": -9.088218120763587,
  "expected_value_hadamard_state": -8.000007999986515,
  "energy_qaoa_gibbs_state": -10.312623521949241,
  "energy_qaoa_hadamard_state": -9.930862198694374,
  "energy_value_exact": -12
}