{
  "expected_value_gibbs_state": -9.787760073409038,
  "expected_value_hadamard_state": -7.500007499988012,
  "energy_qaoa_gibbs_state": -10.805234351011542,
  "energy_qaoa_hadamard_state": -9.700464383805345,
  "energy_value_exact": -11
}