{
  "expected_value_gibbs_state": -11.303618275368322,
  "expected_value_hadamard_state": -9.000008999979002,
  "energy_qaoa_gibbs_state": -11.943149745915864,
  "energy_qaoa_hadamard_state": -11.779400024799319,
  "energy_value_exact": -13
}