{
  "expected_value_gibbs_state": -11.78704928944482,
  "expected_value_hadamard_state": -10.500010499964032,
  "energy_qaoa_gibbs_state": -12.02930439134564,
  "energy_qaoa_hadamard_state": -12.77464882211703,
  "energy_value_exact": -14
}