{
  "expected_value_gibbs_state": -12.97393838371018,
  "expected_value_hadamard_state": -9.000008999982006,
  "energy_qaoa_gibbs_state": -12.97513090424162,
  "energy_qaoa_hadamard_state": -11.997943472875729,
  "energy_value_exact": -13
}