{
  "expected_value_gibbs_state": -11.111682192321839,
  "expected_value_hadamard_state": -10.000009999968471,
  "energy_qaoa_gibbs_state": -12.064377382306581,
  "energy_qaoa_hadamard_state": -12.917143150502891,
  "energy_value_exact": -14
}