{
  "expected_value_gibbs_state": -5.9951725786287655,
  "expected_value_hadamard_state": -4.500004499996995,
  "energy_qaoa_gibbs_state": -6.504066047113227,
  "energy_qaoa_hadamard_state": -6.449603605944521,
  "energy_value_exact": -7
}