{
  "expected_value_gibbs_state": -7.890514775419892,
  "expected_value_hadamard_state": -6.0000059999940065,
  "energy_qaoa_gibbs_state": -8.342932674352335,
  "energy_qaoa_hadamard_state": -8.18183907126571,
  "energy_value_exact": -9
}