{
  "expected_value_gibbs_state": -9.467579291624174,
  "expected_value_hadamard_state": -8.000007999985016,
  "energy_qaoa_gibbs_state": -10.388023538608824,
  "energy_qaoa_hadamard_state": -9.98615507439441,
  "energy_value_exact": -12
}