{
  "expected_value_gibbs_state": -10.262132879351833,
  "expected_value_hadamard_state": -9.000008999977506,
  "energy_qaoa_gibbs_state": -10.917843413774431,
  "energy_qaoa_hadamard_state": -11.115028503956166,
  "energy_value_exact": -13
}