{
  "expected_value_gibbs_state": -12.203060903071625,
  "expected_value_hadamard_state": -11.000010999961017,
  "energy_qaoa_gibbs_state": -13.450940941140177,
  "energy_qaoa_hadamard_state": -13.430908336855438,
  "energy_value_exact": -15
}