{
  "expected_value_gibbs_state": -8.154168419851826,
  "expected_value_hadamard_state": -6.000005999994006,
  "energy_qaoa_gibbs_state": -9.015096075762774,
  "energy_qaoa_hadamard_state": -8.883813218843205,
  "energy_value_exact": -10
}