{
  "expected_value_gibbs_state": -12.97716890516716,
  "expected_value_hadamard_state": -8.000007999986513,
  "energy_qaoa_gibbs_state": -12.670355121207653,
  "energy_qaoa_hadamard_state": -10.16109662982981,
  "energy_value_exact": -13
}