{
  "expected_value_gibbs_state": -12.356349458274375,
  "expected_value_hadamard_state": -8.50000849998049,
  "energy_qaoa_gibbs_state": -12.651106077228235,
  "energy_qaoa_hadamard_state": -10.795555517729536,
  "energy_value_exact": -13
}