{
  "expected_value_gibbs_state": -9.079180124296853,
  "expected_value_hadamard_state": -7.5000074999925115,
  "energy_qaoa_gibbs_state": -11.105944998974113,
  "energy_qaoa_hadamard_state": -10.121965227712138,
  "energy_value_exact": -12
}