{
  "expected_value_gibbs_state": -9.691208600572514,
  "expected_value_hadamard_state": -8.000007999989514,
  "energy_qaoa_gibbs_state": -11.306626754112436,
  "energy_qaoa_hadamard_state": -11.761097185117325,
  "energy_value_exact": -13
}