{
  "expected_value_gibbs_state": -8.409637660771326,
  "expected_value_hadamard_state": -7.0000069999909895,
  "energy_qaoa_gibbs_state": -10.075238406622713,
  "energy_qaoa_hadamard_state": -9.567521294628367,
  "energy_value_exact": -11
}