{
  "expected_value_gibbs_state": -9.350154856631798,
  "expected_value_hadamard_state": -7.000006999989487,
  "energy_qaoa_gibbs_state": -10.421734013535678,
  "energy_qaoa_hadamard_state": -9.70970773897905,
  "energy_value_exact": -11
}