{
  "expected_value_gibbs_state": -9.718228479353705,
  "expected_value_hadamard_state": -8.000007999985014,
  "energy_qaoa_gibbs_state": -10.817807505523554,
  "energy_qaoa_hadamard_state": -10.107909444223374,
  "energy_value_exact": -12
}