{
  "expected_value_gibbs_state": -9.56626984121741,
  "expected_value_hadamard_state": -7.000006999990989,
  "energy_qaoa_gibbs_state": -10.41271459108232,
  "energy_qaoa_hadamard_state": -9.441822147569322,
  "energy_value_exact": -11
}