{
  "expected_value_gibbs_state": -11.125843469956417,
  "expected_value_hadamard_state": -8.500008499981988,
  "energy_qaoa_gibbs_state": -12.11544989894028,
  "energy_qaoa_hadamard_state": -10.869894218586968,
  "energy_value_exact": -13
}