{
  "expected_value_gibbs_state": -12.846387932315109,
  "expected_value_hadamard_state": -9.000008999979007,
  "energy_qaoa_gibbs_state": -12.89007766867455,
  "energy_qaoa_hadamard_state": -10.990049642914684,
  "energy_value_exact": -13
}