{
  "expected_value_gibbs_state": -10.866306145669272,
  "expected_value_hadamard_state": -9.000008999979004,
  "energy_qaoa_gibbs_state": -11.670459935996575,
  "energy_qaoa_hadamard_state": -11.308588828403774,
  "energy_value_exact": -13
}