{
  "expected_value_gibbs_state": -9.552544348236752,
  "expected_value_hadamard_state": -7.500007499988008,
  "energy_qaoa_gibbs_state": -10.297569546698885,
  "energy_qaoa_hadamard_state": -9.83582203358122,
  "energy_value_exact": -11
}