{
  "expected_value_gibbs_state": -7.860122507229829,
  "expected_value_hadamard_state": -6.500006499994005,
  "energy_qaoa_gibbs_state": -9.318006489875149,
  "energy_qaoa_hadamard_state": -8.940059408859728,
  "energy_value_exact": -11
}