{
  "expected_value_gibbs_state": -9.232192320823573,
  "expected_value_hadamard_state": -8.000007999986513,
  "energy_qaoa_gibbs_state": -10.268039432803963,
  "energy_qaoa_hadamard_state": -11.610915317037572,
  "energy_value_exact": -12
}