{
  "expected_value_gibbs_state": -8.37995504522411,
  "expected_value_hadamard_state": -7.000006999989491,
  "energy_qaoa_gibbs_state": -9.416900442420516,
  "energy_qaoa_hadamard_state": -9.460533906856437,
  "energy_value_exact": -12
}