{
  "expected_value_gibbs_state": -10.158298292532692,
  "expected_value_hadamard_state": -9.00000899998201,
  "energy_qaoa_gibbs_state": -11.53564327545395,
  "energy_qaoa_hadamard_state": -11.916790778820708,
  "energy_value_exact": -13
}