{
  "expected_value_gibbs_state": -12.585458663688387,
  "expected_value_hadamard_state": -9.000008999977505,
  "energy_qaoa_gibbs_state": -12.586646968934836,
  "energy_qaoa_hadamard_state": -11.003984721262338,
  "energy_value_exact": -13
}