{
  "expected_value_gibbs_state": -10.675308006337133,
  "expected_value_hadamard_state": -9.500009499977493,
  "energy_qaoa_gibbs_state": -10.815305581061645,
  "energy_qaoa_hadamard_state": -11.642563547270985,
  "energy_value_exact": -14
}