{
  "expected_value_gibbs_state": -12.11663975703301,
  "expected_value_hadamard_state": -11.000010999956523,
  "energy_qaoa_gibbs_state": -12.920242295092198,
  "energy_qaoa_hadamard_state": -12.450675476502035,
  "energy_value_exact": -14
}