{
  "expected_value_gibbs_state": -13.960323012663668,
  "expected_value_hadamard_state": -9.500009499978994,
  "energy_qaoa_gibbs_state": -13.977708224933991,
  "energy_qaoa_hadamard_state": -11.465468605654419,
  "energy_value_exact": -14
}