{
  "expected_value_gibbs_state": -12.006149452701443,
  "expected_value_hadamard_state": -10.000009999971477,
  "energy_qaoa_gibbs_state": -12.784713574440275,
  "energy_qaoa_hadamard_state": -12.114049085340959,
  "energy_value_exact": -15
}