{
  "expected_value_gibbs_state": -10.196958019471735,
  "expected_value_hadamard_state": -8.000007999985007,
  "energy_qaoa_gibbs_state": -10.683443437987723,
  "energy_qaoa_hadamard_state": -9.90175532480049,
  "energy_value_exact": -12
}