{
  "expected_value_gibbs_state": -8.877876050107119,
  "expected_value_hadamard_state": -7.50000749998801,
  "energy_qaoa_gibbs_state": -10.332312320047983,
  "energy_qaoa_hadamard_state": -10.01178384596178,
  "energy_value_exact": -11
}