{
  "expected_value_gibbs_state": -11.925321598768603,
  "expected_value_hadamard_state": -7.500007499988012,
  "energy_qaoa_gibbs_state": -11.979436434991413,
  "energy_qaoa_hadamard_state": -9.567194125946774,
  "energy_value_exact": -12
}