{
  "expected_value_gibbs_state": -13.844448095430668,
  "expected_value_hadamard_state": -10.500010499964027,
  "energy_qaoa_gibbs_state": -13.891221322478152,
  "energy_qaoa_hadamard_state": -12.092689646271369,
  "energy_value_exact": -14
}