{
  "expected_value_gibbs_state": -10.135072101144418,
  "expected_value_hadamard_state": -9.00000899998051,
  "energy_qaoa_gibbs_state": -12.086946058625733,
  "energy_qaoa_hadamard_state": -12.056870772902062,
  "energy_value_exact": -13
}