{
  "expected_value_gibbs_state": -12.182987347574237,
  "expected_value_hadamard_state": -11.000010999961017,
  "energy_qaoa_gibbs_state": -13.068920085366223,
  "energy_qaoa_hadamard_state": -12.741547775492018,
  "energy_value_exact": -15
}