{
  "expected_value_gibbs_state": -14.927101712040464,
  "expected_value_hadamard_state": -11.500011499955017,
  "energy_qaoa_gibbs_state": -14.960693984414064,
  "energy_qaoa_hadamard_state": -13.4010017180182,
  "energy_value_exact": -15
}