{
  "expected_value_gibbs_state": -9.913462160206606,
  "expected_value_hadamard_state": -7.000006999992487,
  "energy_qaoa_gibbs_state": -11.123052340858697,
  "energy_qaoa_hadamard_state": -9.815382119701187,
  "energy_value_exact": -12
}