{
  "expected_value_gibbs_state": -12.177468491679706,
  "expected_value_hadamard_state": -9.000008999982011,
  "energy_qaoa_gibbs_state": -12.214739247064218,
  "energy_qaoa_hadamard_state": -11.783778248191782,
  "energy_value_exact": -13
}