{
  "expected_value_gibbs_state": -12.210666153400172,
  "expected_value_hadamard_state": -11.00001099996252,
  "energy_qaoa_gibbs_state": -13.241055543696671,
  "energy_qaoa_hadamard_state": -13.044499401711324,
  "energy_value_exact": -15
}