{
  "expected_value_gibbs_state": -10.599958499314104,
  "expected_value_hadamard_state": -8.50000849998049,
  "energy_qaoa_gibbs_state": -11.444273799039927,
  "energy_qaoa_hadamard_state": -10.70052279657126,
  "energy_value_exact": -12
}