{
  "expected_value_gibbs_state": -11.14525483882698,
  "expected_value_hadamard_state": -10.000009999969976,
  "energy_qaoa_gibbs_state": -12.601802895640112,
  "energy_qaoa_hadamard_state": -12.183724735654305,
  "energy_value_exact": -14
}