{
  "expected_value_gibbs_state": -10.00209887604916,
  "expected_value_hadamard_state": -7.000006999990987,
  "energy_qaoa_gibbs_state": -11.139165916513377,
  "energy_qaoa_hadamard_state": -9.587041292751916,
  "energy_value_exact": -12
}