{
  "expected_value_gibbs_state": -8.947247532926376,
  "expected_value_hadamard_state": -7.000006999989493,
  "energy_qaoa_gibbs_state": -9.130034879514607,
  "energy_qaoa_hadamard_state": -9.017634802380005,
  "energy_value_exact": -10
}