{
  "expected_value_gibbs_state": -15.147606193240616,
  "expected_value_hadamard_state": -12.00001199995051,
  "energy_qaoa_gibbs_state": -15.195275627097823,
  "energy_qaoa_hadamard_state": -14.260743679797947,
  "energy_value_exact": -16
}