{
  "expected_value_gibbs_state": -5.300701481549456,
  "expected_value_one_state": -6.0,
  "energy_qaoa_gibbs_state": -6.998766499263272,
  "energy_qaoa_one_state": -5.999999947741153,
  "energy_value_exact": -7
}