{
  "expected_value_gibbs_state": -6.609495571182261,
  "expected_value_one_state": -7.0,
  "energy_qaoa_gibbs_state": -7.508501956660973,
  "energy_qaoa_one_state": -6.999999817114763,
  "energy_value_exact": -8
}