{
  "expected_value_gibbs_state": -5.3493167676151625,
  "expected_value_one_state": -6.0,
  "energy_qaoa_gibbs_state": -7.954401048968833,
  "energy_qaoa_one_state": -5.99999995940149,
  "energy_value_exact": -8
}