{
  "expected_value_gibbs_state": -6.642474176162265,
  "expected_value_one_state": -7.0,
  "energy_qaoa_gibbs_state": -7.815464813824402,
  "energy_qaoa_one_state": -6.999999762715989,
  "energy_value_exact": -8
}