{
  "expected_value_gibbs_state": -5.676376086432186,
  "expected_value_one_state": -6.0,
  "energy_qaoa_gibbs_state": -7.306427486609801,
  "energy_qaoa_one_state": -5.999999894236673,
  "energy_value_exact": -8
}