{
  "expected_value_gibbs_state": -6.74785866012191,
  "expected_value_one_state": -7.0,
  "energy_qaoa_gibbs_state": -7.751655592548341,
  "energy_qaoa_one_state": -6.999999855509697,
  "energy_value_exact": -8
}