{
  "expected_value_gibbs_state": -5.630277608687327,
  "expected_value_one_state": -6.0,
  "energy_qaoa_gibbs_state": -6.927266106435303,
  "energy_qaoa_one_state": -5.999999984036961,
  "energy_value_exact": -7
}