{
  "expected_value_gibbs_state": -6.3492800296159055,
  "expected_value_one_state": -7.0,
  "energy_qaoa_gibbs_state": -7.5959772521889,
  "energy_qaoa_one_state": -6.999999943626137,
  "energy_value_exact": -8
}