{
  "expected_value_gibbs_state": -6.674567106053763,
  "expected_value_one_state": -7.0,
  "energy_qaoa_gibbs_state": -7.597102673380325,
  "energy_qaoa_one_state": -6.999999906427504,
  "energy_value_exact": -8
}