{
  "expected_value_gibbs_state": -5.630277608687324,
  "expected_value_one_state": -6.0,
  "energy_qaoa_gibbs_state": -6.829082499286317,
  "energy_qaoa_one_state": -5.999999914232663,
  "energy_value_exact": -7
}