{
  "expected_value_gibbs_state": -5.705511947206243,
  "expected_value_one_state": -6.0,
  "energy_qaoa_gibbs_state": -7.781008128963036,
  "energy_qaoa_one_state": -5.9999998308130715,
  "energy_value_exact": -8
}