{
  "expected_value_gibbs_state": -6.551704489297315,
  "expected_value_one_state": -7.0,
  "energy_qaoa_gibbs_state": -7.28013150942267,
  "energy_qaoa_one_state": -6.99999998198601,
  "energy_value_exact": -8
}