{
  "expected_value_gibbs_state": -4.439191684806617,
  "expected_value_one_state": -5.0,
  "energy_qaoa_gibbs_state": -6.9734540484208285,
  "energy_qaoa_one_state": -5.445708042233624,
  "energy_value_exact": -7
}