{
  "expected_value_gibbs_state": -6.197039092226252,
  "expected_value_one_state": -7.0,
  "energy_qaoa_gibbs_state": -7.485832249458365,
  "energy_qaoa_one_state": -6.999999856167224,
  "energy_value_exact": -8
}