{
  "expected_value_gibbs_state": -5.976843841379872,
  "expected_value_one_state": -6.0,
  "energy_qaoa_gibbs_state": -6.810579926416556,
  "energy_qaoa_one_state": -5.999999974924193,
  "energy_value_exact": -7
}