{
  "expected_value_gibbs_state": -6.3492800296159055,
  "expected_value_one_state": -7.0,
  "energy_qaoa_gibbs_state": -7.606818820314354,
  "energy_qaoa_one_state": -6.999999820804575,
  "energy_value_exact": -8
}