{
  "expected_value_gibbs_state": -4.8743191565588395,
  "expected_value_one_state": -5.0,
  "energy_qaoa_gibbs_state": -6.545805929906759,
  "energy_qaoa_one_state": -5.000000000000031,
  "energy_value_exact": -7
}