{
  "expected_value_gibbs_state": -5.745251902393889,
  "expected_value_one_state": -6.0,
  "energy_qaoa_gibbs_state": -6.524013879186285,
  "energy_qaoa_one_state": -5.999999965516882,
  "energy_value_exact": -7
}