{
  "expected_value_gibbs_state": -5.201831385731685,
  "expected_value_one_state": -6.0,
  "energy_qaoa_gibbs_state": -6.578584191292702,
  "energy_qaoa_one_state": -5.999999780322082,
  "energy_value_exact": -7
}