{
  "expected_value_gibbs_state": -6.968451435739141,
  "expected_value_one_state": -7.0,
  "energy_qaoa_gibbs_state": -7.9125293193226245,
  "energy_qaoa_one_state": -6.999999958363983,
  "energy_value_exact": -8
}