{
  "expected_value_gibbs_state": -6.233245731593873,
  "expected_value_one_state": -7.0,
  "energy_qaoa_gibbs_state": -7.5836876614083835,
  "energy_qaoa_one_state": -6.9999998522595765,
  "energy_value_exact": -8
}