{
  "expected_value_gibbs_state": -6.7600356816802085,
  "expected_value_one_state": -7.0,
  "energy_qaoa_gibbs_state": -7.591366065948447,
  "energy_qaoa_one_state": -6.999999891952615,
  "energy_value_exact": -8
}