{
  "expected_value_gibbs_state": -4.555992256628353,
  "expected_value_one_state": -5.0,
  "energy_qaoa_gibbs_state": -5.771940348004528,
  "energy_qaoa_one_state": -4.999999887156525,
  "energy_value_exact": -6
}