{
  "expected_value_gibbs_state": -6.817790482354157,
  "expected_value_one_state": -7.0,
  "energy_qaoa_gibbs_state": -7.340392706610659,
  "energy_qaoa_one_state": -6.999999836092208,
  "energy_value_exact": -8
}