{
  "expected_value_gibbs_state": -4.211928767198381,
  "expected_value_one_state": -5.0,
  "energy_qaoa_gibbs_state": -5.212972856346765,
  "energy_qaoa_one_state": -5.000000000000022,
  "energy_value_exact": -6
}