{
  "expected_value_gibbs_state": -4.251859825356988,
  "expected_value_one_state": -5.0,
  "energy_qaoa_gibbs_state": -5.310803601372891,
  "energy_qaoa_one_state": -4.999999999999995,
  "energy_value_exact": -6
}