{
  "expected_value_gibbs_state": -5.423652947941144,
  "expected_value_one_state": -6.0,
  "energy_qaoa_gibbs_state": -6.867274311345359,
  "energy_qaoa_one_state": -5.999999999999873,
  "energy_value_exact": -7
}