{
  "expected_value_gibbs_state": -5.976843841379874,
  "expected_value_one_state": -6.0,
  "energy_qaoa_gibbs_state": -6.726936935370515,
  "energy_qaoa_one_state": -5.999999989935248,
  "energy_value_exact": -7
}