{
  "expected_value_gibbs_state": -7.614414136211779,
  "expected_value_one_state": -8.0,
  "energy_qaoa_gibbs_state": -8.476112496550298,
  "energy_qaoa_one_state": -7.999999809903783,
  "energy_value_exact": -9
}