{
  "expected_value_gibbs_state": -5.941177266273873,
  "expected_value_one_state": -6.0,
  "energy_qaoa_gibbs_state": -7.46049262801702,
  "energy_qaoa_one_state": -6.102814170741398,
  "energy_value_exact": -8
}