{
  "expected_value_gibbs_state": -5.105737039556457,
  "expected_value_one_state": -6.0,
  "energy_qaoa_gibbs_state": -6.302723826375669,
  "energy_qaoa_one_state": -5.9999998508109345,
  "energy_value_exact": -7
}