{
  "expected_value_gibbs_state": -5.105737039556456,
  "expected_value_one_state": -6.0,
  "energy_qaoa_gibbs_state": -6.302721969561835,
  "energy_qaoa_one_state": -5.999999879782563,
  "energy_value_exact": -7
}