{
  "expected_value_gibbs_state": -6.609495571182264,
  "expected_value_one_state": -7.0,
  "energy_qaoa_gibbs_state": -7.680801099775264,
  "energy_qaoa_one_state": -6.999999858266133,
  "energy_value_exact": -8
}