{
  "expected_value_gibbs_state": -5.940867955305849,
  "expected_value_one_state": -6.0,
  "energy_qaoa_gibbs_state": -6.923798234419672,
  "energy_qaoa_one_state": -5.999999848054449,
  "energy_value_exact": -7
}