{
  "expected_value_gibbs_state": -4.045024958934609,
  "expected_value_one_state": -5.0,
  "energy_qaoa_gibbs_state": -5.62587509982424,
  "energy_qaoa_one_state": -4.999999834910763,
  "energy_value_exact": -6
}