{
  "expected_value_gibbs_state": -6.165842718030124,
  "expected_value_one_state": -7.0,
  "energy_qaoa_gibbs_state": -7.388761810141581,
  "energy_qaoa_one_state": -6.999999898968367,
  "energy_value_exact": -8
}