{
  "expected_value_gibbs_state": -6.349280029615905,
  "expected_value_one_state": -7.0,
  "energy_qaoa_gibbs_state": -7.595972033769481,
  "energy_qaoa_one_state": -6.999999846428848,
  "energy_value_exact": -8
}