{
  "expected_value_gibbs_state": -5.151220095164012,
  "expected_value_one_state": -6.0,
  "energy_qaoa_gibbs_state": -6.800929995071693,
  "energy_qaoa_one_state": -5.999999940707198,
  "energy_value_exact": -7
}