{
  "expected_value_gibbs_state": -3.112296656009271,
  "expected_value_one_state": -4.0,
  "energy_qaoa_gibbs_state": -4.226566643607994,
  "energy_qaoa_one_state": -3.9999999999999525,
  "energy_value_exact": -5
}