{
  "expected_value_gibbs_state": -4.6448677751426795,
  "expected_value_one_state": -5.0,
  "energy_qaoa_gibbs_state": -5.975746941971006,
  "energy_qaoa_one_state": -4.99999982824933,
  "energy_value_exact": -6
}