{
  "expected_value_gibbs_state": -6.737865333513928,
  "expected_value_one_state": -7.0,
  "energy_qaoa_gibbs_state": -8.303920037803497,
  "energy_qaoa_one_state": -6.999999854572558,
  "energy_value_exact": -9
}