{
  "expected_value_gibbs_state": -5.263562621914508,
  "expected_value_one_state": -6.0,
  "energy_qaoa_gibbs_state": -6.695122814240097,
  "energy_qaoa_one_state": -5.999999849388662,
  "energy_value_exact": -7
}