{
  "expected_value_gibbs_state": -5.119432158567719,
  "expected_value_one_state": -6.0,
  "energy_qaoa_gibbs_state": -6.898411243862702,
  "energy_qaoa_one_state": -5.999999748402505,
  "energy_value_exact": -7
}