{
  "expected_value_gibbs_state": -5.669542529651963,
  "expected_value_one_state": -6.0,
  "energy_qaoa_gibbs_state": -6.804308202638482,
  "energy_qaoa_one_state": -5.999999831393166,
  "energy_value_exact": -7
}