{
  "expected_value_gibbs_state": -4.211928767198382,
  "expected_value_one_state": -5.0,
  "energy_qaoa_gibbs_state": -5.153096953169527,
  "energy_qaoa_one_state": -4.999999999999643,
  "energy_value_exact": -6
}