{
  "expected_value_gibbs_state": -5.15122009516401,
  "expected_value_one_state": -6.0,
  "energy_qaoa_gibbs_state": -6.944258241355975,
  "energy_qaoa_one_state": -5.999999877078179,
  "energy_value_exact": -7
}