{
  "expected_value_gibbs_state": -6.349280029615906,
  "expected_value_one_state": -7.0,
  "energy_qaoa_gibbs_state": -7.595982094535373,
  "energy_qaoa_one_state": -6.999999946513503,
  "energy_value_exact": -8
}