{
  "expected_value_gibbs_state": -5.669542529651962,
  "expected_value_one_state": -6.0,
  "energy_qaoa_gibbs_state": -6.858832708716278,
  "energy_qaoa_one_state": -5.999999808760916,
  "energy_value_exact": -7
}