{
  "expected_value_gibbs_state": -5.758402460081903,
  "expected_value_one_state": -6.0,
  "energy_qaoa_gibbs_state": -6.974364842918325,
  "energy_qaoa_one_state": -5.999999842453857,
  "energy_value_exact": -7
}