{
  "expected_value_gibbs_state": -4.8219150810648825,
  "expected_value_one_state": -5.0,
  "energy_qaoa_gibbs_state": -5.58590630010047,
  "energy_qaoa_one_state": -5.761201717487719,
  "energy_value_exact": -6
}