{
  "expected_value_gibbs_state": -6.2577007452626185,
  "expected_value_one_state": -7.0,
  "energy_qaoa_gibbs_state": -7.504829922646964,
  "energy_qaoa_one_state": -6.9999997710009305,
  "energy_value_exact": -8
}