{
  "expected_value_gibbs_state": -5.976843841379873,
  "expected_value_one_state": -6.0,
  "energy_qaoa_gibbs_state": -6.795672710219927,
  "energy_qaoa_one_state": -5.999999836274404,
  "energy_value_exact": -7
}