{
  "expected_value_gibbs_state": -5.621018203073172,
  "expected_value_one_state": -6.0,
  "energy_qaoa_gibbs_state": -6.669504325848222,
  "energy_qaoa_one_state": -5.999999842732361,
  "energy_value_exact": -7
}