{
  "expected_value_gibbs_state": -6.9684514357391425,
  "expected_value_one_state": -7.0,
  "energy_qaoa_gibbs_state": -7.681458148513817,
  "energy_qaoa_one_state": -6.9999998312387275,
  "energy_value_exact": -8
}