{
  "expected_value_gibbs_state": -5.630277608687326,
  "expected_value_one_state": -6.0,
  "energy_qaoa_gibbs_state": -6.717032992868593,
  "energy_qaoa_one_state": -5.999999971889029,
  "energy_value_exact": -7
}