{
  "expected_value_gibbs_state": -5.745251902393892,
  "expected_value_one_state": -6.0,
  "energy_qaoa_gibbs_state": -6.447203217526046,
  "energy_qaoa_one_state": -5.999999833429124,
  "energy_value_exact": -7
}