{
  "expected_value_gibbs_state": -5.336047460343071,
  "expected_value_one_state": -6.0,
  "energy_qaoa_gibbs_state": -7.444128343350995,
  "energy_qaoa_one_state": -5.999999836460883,
  "energy_value_exact": -8
}