{
  "expected_value_gibbs_state": -3.6489144484594904,
  "expected_value_one_state": -4.0,
  "energy_qaoa_gibbs_state": -4.617687781518738,
  "energy_qaoa_one_state": -3.998571583211289,
  "energy_value_exact": -5
}