{
  "expected_value_gibbs_state": -6.173962016518269,
  "expected_value_one_state": -7.0,
  "energy_qaoa_gibbs_state": -7.843715216015989,
  "energy_qaoa_one_state": -6.999999849596689,
  "energy_value_exact": -8
}