{
  "expected_value_gibbs_state": -4.291006577860291,
  "expected_value_one_state": -5.0,
  "energy_qaoa_gibbs_state": -5.560058806847421,
  "energy_qaoa_one_state": -5.000000000000001,
  "energy_value_exact": -6
}