{
  "expected_value_gibbs_state": -7.211824625835939,
  "expected_value_one_state": -8.0,
  "energy_qaoa_gibbs_state": -8.642122171165445,
  "energy_qaoa_one_state": -7.999999816159174,
  "energy_value_exact": -9
}