{
  "expected_value_gibbs_state": -5.621018203073172,
  "expected_value_one_state": -6.0,
  "energy_qaoa_gibbs_state": -6.838743529593799,
  "energy_qaoa_one_state": -5.999999802134745,
  "energy_value_exact": -7
}