{
  "expected_value_gibbs_state": -6.299826225959315,
  "expected_value_one_state": -7.0,
  "energy_qaoa_gibbs_state": -7.501620712898578,
  "energy_qaoa_one_state": -6.999999934559074,
  "energy_value_exact": -8
}