{
  "expected_value_gibbs_state": -6.817790482354157,
  "expected_value_one_state": -7.0,
  "energy_qaoa_gibbs_state": -7.605778171061202,
  "energy_qaoa_one_state": -6.999999753562469,
  "energy_value_exact": -8
}