{
  "expected_value_gibbs_state": -5.676376086432187,
  "expected_value_one_state": -6.0,
  "energy_qaoa_gibbs_state": -7.731455321390559,
  "energy_qaoa_one_state": -5.9999999754220426,
  "energy_value_exact": -8
}