{
  "expected_value_gibbs_state": -5.786047089446538,
  "expected_value_one_state": -6.0,
  "energy_qaoa_gibbs_state": -7.330316449360723,
  "energy_qaoa_one_state": -5.999999897985589,
  "energy_value_exact": -8
}