{
  "expected_value_gibbs_state": -6.642474176162266,
  "expected_value_one_state": -7.0,
  "energy_qaoa_gibbs_state": -7.8966511682391936,
  "energy_qaoa_one_state": -6.999999762148056,
  "energy_value_exact": -8
}