{
  "expected_value_gibbs_state": -6.25770074526262,
  "expected_value_one_state": -7.0,
  "energy_qaoa_gibbs_state": -7.230328650518622,
  "energy_qaoa_one_state": -6.999999834788759,
  "energy_value_exact": -8
}