{
  "expected_value_gibbs_state": -4.916120633309648,
  "expected_value_one_state": -5.0,
  "energy_qaoa_gibbs_state": -5.768112116634149,
  "energy_qaoa_one_state": -4.999999837998798,
  "energy_value_exact": -6
}