{
  "expected_value_gibbs_state": -6.537143787911648,
  "expected_value_one_state": -7.0,
  "energy_qaoa_gibbs_state": -7.833738824048611,
  "energy_qaoa_one_state": -6.999999866724467,
  "energy_value_exact": -8
}