{
  "expected_value_gibbs_state": -6.530977000017012,
  "expected_value_one_state": -7.0,
  "energy_qaoa_gibbs_state": -7.622373963441987,
  "energy_qaoa_one_state": -6.999999718990692,
  "energy_value_exact": -8
}