{
  "expected_value_gibbs_state": -6.112461369500328,
  "expected_value_one_state": -7.0,
  "energy_qaoa_gibbs_state": -7.498218724801562,
  "energy_qaoa_one_state": -6.999999792133936,
  "energy_value_exact": -8
}