{
  "expected_value_gibbs_state": -6.747858660121911,
  "expected_value_one_state": -7.0,
  "energy_qaoa_gibbs_state": -7.751655592485365,
  "energy_qaoa_one_state": -6.999999867238576,
  "energy_value_exact": -8
}