{
  "expected_value_gibbs_state": -6.737865333513927,
  "expected_value_one_state": -7.0,
  "energy_qaoa_gibbs_state": -8.166584338986578,
  "energy_qaoa_one_state": -6.99999990387159,
  "energy_value_exact": -9
}