{
  "expected_value_gibbs_state": -5.719666607574588,
  "expected_value_one_state": -6.0,
  "energy_qaoa_gibbs_state": -6.728259381905323,
  "energy_qaoa_one_state": -5.999999891949128,
  "energy_value_exact": -7
}