{
  "expected_value_gibbs_state": -5.91187556718089,
  "expected_value_one_state": -6.0,
  "energy_qaoa_gibbs_state": -6.7500389694872815,
  "energy_qaoa_one_state": -5.999999949429025,
  "energy_value_exact": -7
}