{
  "expected_value_gibbs_state": -3.762277383548922,
  "expected_value_one_state": -4.0,
  "energy_qaoa_gibbs_state": -4.865445118346413,
  "energy_qaoa_one_state": -5.000000000000014,
  "energy_value_exact": -6
}