{
  "expected_value_gibbs_state": -5.669542529651963,
  "expected_value_one_state": -6.0,
  "energy_qaoa_gibbs_state": -6.828833898954923,
  "energy_qaoa_one_state": -5.999999911157099,
  "energy_value_exact": -7
}