{
  "expected_value_gibbs_state": -5.168642734640441,
  "expected_value_one_state": -6.0,
  "energy_qaoa_gibbs_state": -6.457441993310725,
  "energy_qaoa_one_state": -5.999999987223527,
  "energy_value_exact": -7
}