{
  "expected_value_gibbs_state": -6.2496633630239495,
  "expected_value_one_state": -7.0,
  "energy_qaoa_gibbs_state": -7.201710865851794,
  "energy_qaoa_one_state": -6.9999998286624,
  "energy_value_exact": -8
}