{
  "expected_value_gibbs_state": -5.8240580632264365,
  "expected_value_one_state": -6.0,
  "energy_qaoa_gibbs_state": -7.29638454825575,
  "energy_qaoa_one_state": -5.999999932589128,
  "energy_value_exact": -8
}