{
  "expected_value_gibbs_state": -5.636925660969669,
  "expected_value_one_state": -6.0,
  "energy_qaoa_gibbs_state": -6.919633817873409,
  "energy_qaoa_one_state": -5.999999962575832,
  "energy_value_exact": -7
}