{
  "expected_value_gibbs_state": -5.838306166097183,
  "expected_value_one_state": -6.0,
  "energy_qaoa_gibbs_state": -6.623950329018504,
  "energy_qaoa_one_state": -6.026202981324178,
  "energy_value_exact": -7
}