{
  "expected_value_gibbs_state": -5.556781175841915,
  "expected_value_one_state": -6.0,
  "energy_qaoa_gibbs_state": -6.611678377200083,
  "energy_qaoa_one_state": -5.9999998446425415,
  "energy_value_exact": -7
}