{
  "expected_value_gibbs_state": -6.6007090502923385,
  "expected_value_one_state": -7.0,
  "energy_qaoa_gibbs_state": -7.6071689770634325,
  "energy_qaoa_one_state": -6.999999833225714,
  "energy_value_exact": -8
}