{
  "expected_value_gibbs_state": -5.556781175841915,
  "expected_value_one_state": -6.0,
  "energy_qaoa_gibbs_state": -6.712322852835284,
  "energy_qaoa_one_state": -5.999999778024008,
  "energy_value_exact": -7
}