{
  "expected_value_gibbs_state": -6.299826225959314,
  "expected_value_one_state": -7.0,
  "energy_qaoa_gibbs_state": -7.878932655568368,
  "energy_qaoa_one_state": -6.99999988029504,
  "energy_value_exact": -8
}