{
  "expected_value_gibbs_state": -6.642474176162264,
  "expected_value_one_state": -7.0,
  "energy_qaoa_gibbs_state": -7.618930483440708,
  "energy_qaoa_one_state": -6.999999846395053,
  "energy_value_exact": -8
}