{
  "expected_value_gibbs_state": -5.212321615325477,
  "expected_value_one_state": -6.0,
  "energy_qaoa_gibbs_state": -6.5672870036274595,
  "energy_qaoa_one_state": -5.999999844423421,
  "energy_value_exact": -7
}