{
  "expected_value_gibbs_state": -5.991639968678159,
  "expected_value_one_state": -6.0,
  "energy_qaoa_gibbs_state": -6.842719609867166,
  "energy_qaoa_one_state": -6.720834345390422,
  "energy_value_exact": -8
}