{
  "expected_value_gibbs_state": -5.286753117633909,
  "expected_value_one_state": -6.0,
  "energy_qaoa_gibbs_state": -6.412453939470007,
  "energy_qaoa_one_state": -6.00000000000002,
  "energy_value_exact": -7
}