{
  "expected_value_gibbs_state": -5.606070327857912,
  "expected_value_one_state": -6.0,
  "energy_qaoa_gibbs_state": -6.941427665960229,
  "energy_qaoa_one_state": -5.999999685869164,
  "energy_value_exact": -7
}