{
  "expected_value_gibbs_state": -5.362551083545416,
  "expected_value_one_state": -6.0,
  "energy_qaoa_gibbs_state": -6.123757805604614,
  "energy_qaoa_one_state": -5.999999999999089,
  "energy_value_exact": -7
}