{
  "expected_value_gibbs_state": -4.2910065778602915,
  "expected_value_one_state": -5.0,
  "energy_qaoa_gibbs_state": -5.747198942548897,
  "energy_qaoa_one_state": -4.999999999999856,
  "energy_value_exact": -6
}