{
  "expected_value_gibbs_state": -4.555992256628351,
  "expected_value_one_state": -5.0,
  "energy_qaoa_gibbs_state": -5.947281878716822,
  "energy_qaoa_one_state": -4.999999969402321,
  "energy_value_exact": -6
}