{
  "expected_value_gibbs_state": -6.165842718030125,
  "expected_value_one_state": -7.0,
  "energy_qaoa_gibbs_state": -7.2205446914134335,
  "energy_qaoa_one_state": -6.999999830866496,
  "energy_value_exact": -8
}