{
  "expected_value_gibbs_state": -5.745251902393887,
  "expected_value_one_state": -6.0,
  "energy_qaoa_gibbs_state": -6.447203176856117,
  "energy_qaoa_one_state": -5.9999998300848425,
  "energy_value_exact": -7
}