{
  "expected_value_gibbs_state": -6.846224420292514,
  "expected_value_one_state": -7.0,
  "energy_qaoa_gibbs_state": -8.191773185685221,
  "energy_qaoa_one_state": -6.999999891056631,
  "energy_value_exact": -9
}