{
  "expected_value_gibbs_state": -4.866401838209509,
  "expected_value_one_state": -5.0,
  "energy_qaoa_gibbs_state": -5.935828324548261,
  "energy_qaoa_one_state": -4.99999982865938,
  "energy_value_exact": -6
}