{
  "expected_value_gibbs_state": -5.745251902393893,
  "expected_value_one_state": -6.0,
  "energy_qaoa_gibbs_state": -6.688102328943386,
  "energy_qaoa_one_state": -5.999999969304616,
  "energy_value_exact": -7
}