{
  "expected_value_gibbs_state": -7.962703972042313,
  "expected_value_one_state": -8.0,
  "energy_qaoa_gibbs_state": -8.601843773350726,
  "energy_qaoa_one_state": -7.999999982513517,
  "energy_value_exact": -9
}