{
  "expected_value_gibbs_state": -7.299871008704134,
  "expected_value_one_state": -8.0,
  "energy_qaoa_gibbs_state": -8.384428367657648,
  "energy_qaoa_one_state": -7.999999953263287,
  "energy_value_exact": -9
}