{
  "expected_value_gibbs_state": -6.760035681680208,
  "expected_value_one_state": -7.0,
  "energy_qaoa_gibbs_state": -7.5913570973462425,
  "energy_qaoa_one_state": -6.999999892716957,
  "energy_value_exact": -8
}