{
  "expected_value_gibbs_state": -5.577765246564418,
  "expected_value_one_state": -6.0,
  "energy_qaoa_gibbs_state": -6.8191394644233645,
  "energy_qaoa_one_state": -5.999999960268382,
  "energy_value_exact": -7
}