{
  "expected_value_gibbs_state": -5.263562621914509,
  "expected_value_one_state": -6.0,
  "energy_qaoa_gibbs_state": -6.94680070066988,
  "energy_qaoa_one_state": -5.999999795769277,
  "energy_value_exact": -7
}