{
  "expected_value_gibbs_state": -6.69926462089962,
  "expected_value_one_state": -7.0,
  "energy_qaoa_gibbs_state": -7.9309805710390044,
  "energy_qaoa_one_state": -6.999999850566438,
  "energy_value_exact": -8
}