{
  "expected_value_gibbs_state": -7.660491586788003,
  "expected_value_one_state": -8.0,
  "energy_qaoa_gibbs_state": -8.653348278517162,
  "energy_qaoa_one_state": -7.999999924904342,
  "energy_value_exact": -9
}