{
  "expected_value_gibbs_state": -5.472046007403321,
  "expected_value_one_state": -6.0,
  "energy_qaoa_gibbs_state": -6.719578918461991,
  "energy_qaoa_one_state": -5.962584654928493,
  "energy_value_exact": -7
}