{
  "expected_value_gibbs_state": -5.630277608687325,
  "expected_value_one_state": -6.0,
  "energy_qaoa_gibbs_state": -6.71703777001516,
  "energy_qaoa_one_state": -5.999999891729683,
  "energy_value_exact": -7
}