{
  "expected_value_gibbs_state": -4.916120633309646,
  "expected_value_one_state": -5.0,
  "energy_qaoa_gibbs_state": -5.837477710020095,
  "energy_qaoa_one_state": -4.999999785614876,
  "energy_value_exact": -6
}