{
  "expected_value_gibbs_state": -6.677453247090427,
  "expected_value_one_state": -7.0,
  "energy_qaoa_gibbs_state": -7.641769423031723,
  "energy_qaoa_one_state": -6.999999914635758,
  "energy_value_exact": -8
}