{
  "expected_value_gibbs_state": -5.286753117633911,
  "expected_value_one_state": -6.0,
  "energy_qaoa_gibbs_state": -6.736414093155914,
  "energy_qaoa_one_state": -5.845042351163044,
  "energy_value_exact": -7
}