{
  "expected_value_gibbs_state": -5.976467245456984,
  "expected_value_one_state": -6.0,
  "energy_qaoa_gibbs_state": -6.8259410652359165,
  "energy_qaoa_one_state": -5.999999829945984,
  "energy_value_exact": -7
}