{
  "expected_value_gibbs_state": -6.968451435739138,
  "expected_value_one_state": -7.0,
  "energy_qaoa_gibbs_state": -7.681455930900649,
  "energy_qaoa_one_state": -6.999999896452278,
  "energy_value_exact": -8
}