{
  "expected_value_gibbs_state": -6.370841343960026,
  "expected_value_one_state": -7.0,
  "energy_qaoa_gibbs_state": -8.334908868862614,
  "energy_qaoa_one_state": -6.999999901496616,
  "energy_value_exact": -9
}