{
  "expected_value_gibbs_state": -6.367122345626474,
  "expected_value_one_state": -7.0,
  "energy_qaoa_gibbs_state": -7.316201162382276,
  "energy_qaoa_one_state": -6.999999999999938,
  "energy_value_exact": -8
}