{
  "expected_value_gibbs_state": -6.165842718030126,
  "expected_value_one_state": -7.0,
  "energy_qaoa_gibbs_state": -7.2205491768451004,
  "energy_qaoa_one_state": -6.999999832828092,
  "energy_value_exact": -8
}