{
  "expected_value_gibbs_state": -3.1122966560092724,
  "expected_value_one_state": -4.0,
  "energy_qaoa_gibbs_state": -4.967040225488622,
  "energy_qaoa_one_state": -3.9999999999982454,
  "energy_value_exact": -5
}