{
  "expected_value_gibbs_state": -6.535222934348276,
  "expected_value_one_state": -7.0,
  "energy_qaoa_gibbs_state": -7.643464355518303,
  "energy_qaoa_one_state": -6.9999997772764235,
  "energy_value_exact": -8
}