{
  "expected_value_gibbs_state": -6.439611348735377,
  "expected_value_one_state": -7.0,
  "energy_qaoa_gibbs_state": -7.667780889219218,
  "energy_qaoa_one_state": -7.000000000000005,
  "energy_value_exact": -8
}