{
  "expected_value_gibbs_state": -5.349564296807524,
  "expected_value_one_state": -6.0,
  "energy_qaoa_gibbs_state": -6.690030882540789,
  "energy_qaoa_one_state": -6.000000000000012,
  "energy_value_exact": -7
}