{
  "expected_value_gibbs_state": -3.535531747282163,
  "expected_value_one_state": -4.0,
  "energy_qaoa_gibbs_state": -4.781428886856541,
  "energy_qaoa_one_state": -3.9999998884332495,
  "energy_value_exact": -5
}