{
  "expected_value_gibbs_state": -4.393931997337879,
  "expected_value_one_state": -5.0,
  "energy_qaoa_gibbs_state": -5.581144669471553,
  "energy_qaoa_one_state": -4.999999911320305,
  "energy_value_exact": -6
}