{
  "expected_value_gibbs_state": -4.767227582362317,
  "expected_value_one_state": -5.0,
  "energy_qaoa_gibbs_state": -5.862599624427989,
  "energy_qaoa_one_state": -5.077155543874818,
  "energy_value_exact": -6
}