{
  "expected_value_gibbs_state": -5.2635626219145095,
  "expected_value_one_state": -6.0,
  "energy_qaoa_gibbs_state": -6.946800877379055,
  "energy_qaoa_one_state": -5.999999849759067,
  "energy_value_exact": -7
}