{
  "expected_value_gibbs_state": -7.815625821020019,
  "expected_value_one_state": -8.0,
  "energy_qaoa_gibbs_state": -8.380360047233513,
  "energy_qaoa_one_state": -7.999999838688281,
  "energy_value_exact": -9
}