{
  "expected_value_gibbs_state": -5.2743507840432065,
  "expected_value_one_state": -6.0,
  "energy_qaoa_gibbs_state": -6.898682759899574,
  "energy_qaoa_one_state": -5.999999957911818,
  "energy_value_exact": -7
}