{
  "expected_value_gibbs_state": -5.730191744564718,
  "expected_value_one_state": -6.0,
  "energy_qaoa_gibbs_state": -6.922224101851075,
  "energy_qaoa_one_state": -5.99999986773209,
  "energy_value_exact": -7
}