{
  "expected_value_gibbs_state": -5.880818538299932,
  "expected_value_one_state": -6.0,
  "energy_qaoa_gibbs_state": -7.803135770653208,
  "energy_qaoa_one_state": -5.999999960926427,
  "energy_value_exact": -8
}