{
  "expected_value_gibbs_state": -6.535222934348273,
  "expected_value_one_state": -7.0,
  "energy_qaoa_gibbs_state": -7.712009283375224,
  "energy_qaoa_one_state": -6.9999996730755285,
  "energy_value_exact": -8
}