{
  "expected_value_gibbs_state": -5.606070327857907,
  "expected_value_one_state": -6.0,
  "energy_qaoa_gibbs_state": -6.766330093134491,
  "energy_qaoa_one_state": -5.999999744937961,
  "energy_value_exact": -7
}