{
  "expected_value_gibbs_state": -4.29100657786029,
  "expected_value_one_state": -5.0,
  "energy_qaoa_gibbs_state": -5.653031117204133,
  "energy_qaoa_one_state": -5.000000000000021,
  "energy_value_exact": -6
}