{
  "expected_value_gibbs_state": -4.874319156558839,
  "expected_value_one_state": -5.0,
  "energy_qaoa_gibbs_state": -5.852157589412206,
  "energy_qaoa_one_state": -5.0783531128275605,
  "energy_value_exact": -7
}