{
  "expected_value_gibbs_state": -5.824058063226435,
  "expected_value_one_state": -6.0,
  "energy_qaoa_gibbs_state": -7.296382915299036,
  "energy_qaoa_one_state": -5.99999989530149,
  "energy_value_exact": -8
}