{
  "expected_value_gibbs_state": -5.349564296807527,
  "expected_value_one_state": -6.0,
  "energy_qaoa_gibbs_state": -6.424263585290203,
  "energy_qaoa_one_state": -6.000000000000035,
  "energy_value_exact": -7
}