{
  "expected_value_gibbs_state": -3.9753554621620784,
  "expected_value_one_state": -4.0,
  "energy_qaoa_gibbs_state": -4.800585200552878,
  "energy_qaoa_one_state": -3.9999999371567143,
  "energy_value_exact": -5
}