{
  "expected_value_gibbs_state": -5.666334535985445,
  "expected_value_one_state": -6.0,
  "energy_qaoa_gibbs_state": -6.969683223718253,
  "energy_qaoa_one_state": -5.9999999218053715,
  "energy_value_exact": -7
}