{
  "expected_value_gibbs_state": -4.767227582362313,
  "expected_value_one_state": -5.0,
  "energy_qaoa_gibbs_state": -5.846157886277213,
  "energy_qaoa_one_state": -4.999999999999687,
  "energy_value_exact": -6
}