{
  "expected_value_gibbs_state": -6.9684514357391425,
  "expected_value_one_state": -7.0,
  "energy_qaoa_gibbs_state": -7.681457455162228,
  "energy_qaoa_one_state": -6.999999831238754,
  "energy_value_exact": -8
}