{
  "expected_value_gibbs_state": -3.589469435996524,
  "expected_value_one_state": -4.0,
  "energy_qaoa_gibbs_state": -4.97126621632159,
  "energy_qaoa_one_state": -3.999999999999943,
  "energy_value_exact": -5
}