{
  "expected_value_gibbs_state": -6.551704489297313,
  "expected_value_one_state": -7.0,
  "energy_qaoa_gibbs_state": -7.280131643055748,
  "energy_qaoa_one_state": -6.999999834778168,
  "energy_value_exact": -8
}