{
  "expected_value_gibbs_state": -3.4624547524722926,
  "expected_value_one_state": -4.0,
  "energy_qaoa_gibbs_state": -4.85283327347698,
  "energy_qaoa_one_state": -3.9999998900349,
  "energy_value_exact": -5
}