{
  "expected_value_gibbs_state": -5.212321615325478,
  "expected_value_one_state": -6.0,
  "energy_qaoa_gibbs_state": -6.781084476560206,
  "energy_qaoa_one_state": -5.999999796865314,
  "energy_value_exact": -7
}