{
  "expected_value_gibbs_state": -7.6144141362117805,
  "expected_value_one_state": -8.0,
  "energy_qaoa_gibbs_state": -8.796771547486799,
  "energy_qaoa_one_state": -7.999999959350196,
  "energy_value_exact": -9
}