{
  "expected_value_gibbs_state": -5.143001534585477,
  "expected_value_one_state": -6.0,
  "energy_qaoa_gibbs_state": -6.4775094052512365,
  "energy_qaoa_one_state": -5.999999984374376,
  "energy_value_exact": -7
}