{
  "expected_value_gibbs_state": -5.324694479187227,
  "expected_value_one_state": -6.0,
  "energy_qaoa_gibbs_state": -6.369426506326555,
  "energy_qaoa_one_state": -6.000000000000021,
  "energy_value_exact": -7
}