{
  "expected_value_gibbs_state": -4.211928767198382,
  "expected_value_one_state": -5.0,
  "energy_qaoa_gibbs_state": -5.1006896964579305,
  "energy_qaoa_one_state": -4.855967980494058,
  "energy_value_exact": -6
}