{
  "expected_value_gibbs_state": -5.669542529651962,
  "expected_value_one_state": -6.0,
  "energy_qaoa_gibbs_state": -6.8572611402912855,
  "energy_qaoa_one_state": -5.999999781482704,
  "energy_value_exact": -7
}