{
  "expected_value_gibbs_state": -6.233245731593872,
  "expected_value_one_state": -7.0,
  "energy_qaoa_gibbs_state": -7.583684271652051,
  "energy_qaoa_one_state": -6.999999977354426,
  "energy_value_exact": -8
}