{
  "expected_value_gibbs_state": -5.775623883215443,
  "expected_value_one_state": -6.0,
  "energy_qaoa_gibbs_state": -8.988468982296219,
  "energy_qaoa_one_state": -5.999999844271187,
  "energy_value_exact": -9
}