{
  "expected_value_gibbs_state": -4.770115735555745,
  "expected_value_one_state": -5.0,
  "energy_qaoa_gibbs_state": -6.973082696659317,
  "energy_qaoa_one_state": -4.999999830789308,
  "energy_value_exact": -7
}