{
  "expected_value_gibbs_state": -5.697430098353439,
  "expected_value_one_state": -6.0,
  "energy_qaoa_gibbs_state": -6.9357593227284156,
  "energy_qaoa_one_state": -5.9999998307172975,
  "energy_value_exact": -7
}