{
  "expected_value_gibbs_state": -4.251859825356986,
  "expected_value_one_state": -5.0,
  "energy_qaoa_gibbs_state": -5.966229299695927,
  "energy_qaoa_one_state": -4.999999999999997,
  "energy_value_exact": -6
}