{
  "expected_value_gibbs_state": -4.767227582362312,
  "expected_value_one_state": -5.0,
  "energy_qaoa_gibbs_state": -5.407762894233832,
  "energy_qaoa_one_state": -4.930599273875756,
  "energy_value_exact": -6
}