{
  "expected_value_gibbs_state": -6.257700745262619,
  "expected_value_one_state": -7.0,
  "energy_qaoa_gibbs_state": -7.230315939060294,
  "energy_qaoa_one_state": -6.999999832692212,
  "energy_value_exact": -8
}