{
  "expected_value_gibbs_state": -6.197039092226254,
  "expected_value_one_state": -7.0,
  "energy_qaoa_gibbs_state": -7.485826594850524,
  "energy_qaoa_one_state": -6.999999892035681,
  "energy_value_exact": -8
}