{
  "expected_value_gibbs_state": -5.824058063226438,
  "expected_value_one_state": -6.0,
  "energy_qaoa_gibbs_state": -7.79038001378217,
  "energy_qaoa_one_state": -5.999999974349865,
  "energy_value_exact": -8
}