{
  "expected_value_gibbs_state": -5.100132038065012,
  "expected_value_one_state": -6.0,
  "energy_qaoa_gibbs_state": -6.732866135966073,
  "energy_qaoa_one_state": -5.999999939162293,
  "energy_value_exact": -7
}