{
  "expected_value_gibbs_state": -5.9408679553058485,
  "expected_value_one_state": -6.0,
  "energy_qaoa_gibbs_state": -6.811642729976851,
  "energy_qaoa_one_state": -5.999999826550731,
  "energy_value_exact": -7
}