{
  "expected_value_gibbs_state": -5.976467245456981,
  "expected_value_one_state": -6.0,
  "energy_qaoa_gibbs_state": -6.952731288761306,
  "energy_qaoa_one_state": -5.9999998356032,
  "energy_value_exact": -7
}