{
  "expected_value_gibbs_state": -4.393931997337878,
  "expected_value_one_state": -5.0,
  "energy_qaoa_gibbs_state": -5.479102107907263,
  "energy_qaoa_one_state": -4.99999983267586,
  "energy_value_exact": -6
}