{
  "expected_value_gibbs_state": -5.556781175841915,
  "expected_value_one_state": -6.0,
  "energy_qaoa_gibbs_state": -6.602073671245016,
  "energy_qaoa_one_state": -5.99999983123953,
  "energy_value_exact": -7
}