{
  "expected_value_gibbs_state": -5.120159104300244,
  "expected_value_one_state": -6.0,
  "energy_qaoa_gibbs_state": -7.706965990684452,
  "energy_qaoa_one_state": -6.000000000000019,
  "energy_value_exact": -8
}