{
  "expected_value_gibbs_state": -6.677453247090426,
  "expected_value_one_state": -7.0,
  "energy_qaoa_gibbs_state": -7.596358977109386,
  "energy_qaoa_one_state": -6.99999995867034,
  "energy_value_exact": -8
}