{
  "expected_value_gibbs_state": -5.556781175841919,
  "expected_value_one_state": -6.0,
  "energy_qaoa_gibbs_state": -6.740901954332367,
  "energy_qaoa_one_state": -5.99999979802743,
  "energy_value_exact": -7
}