{
  "expected_value_gibbs_state": -5.976843841379871,
  "expected_value_one_state": -6.0,
  "energy_qaoa_gibbs_state": -6.795672648727663,
  "energy_qaoa_one_state": -5.99999997900411,
  "energy_value_exact": -7
}