{
  "expected_value_gibbs_state": -4.21192876719838,
  "expected_value_one_state": -5.0,
  "energy_qaoa_gibbs_state": -5.671433633030345,
  "energy_qaoa_one_state": -4.999999999999985,
  "energy_value_exact": -6
}