{
  "expected_value_gibbs_state": -5.722010784817981,
  "expected_value_one_state": -6.0,
  "energy_qaoa_gibbs_state": -7.638277216980271,
  "energy_qaoa_one_state": -5.9999999791236895,
  "energy_value_exact": -8
}