{
  "expected_value_gibbs_state": -6.933287229498413,
  "expected_value_one_state": -7.0,
  "energy_qaoa_gibbs_state": -7.90444837926435,
  "energy_qaoa_one_state": -6.999999759157895,
  "energy_value_exact": -8
}