{
  "expected_value_gibbs_state": -5.669542529651963,
  "expected_value_one_state": -6.0,
  "energy_qaoa_gibbs_state": -6.80430860077176,
  "energy_qaoa_one_state": -5.999999925476717,
  "energy_value_exact": -7
}