{
  "expected_value_gibbs_state": -4.534804365241658,
  "expected_value_one_state": -5.0,
  "energy_qaoa_gibbs_state": -5.808116729211348,
  "energy_qaoa_one_state": -4.999999775886021,
  "energy_value_exact": -6
}