{
  "expected_value_gibbs_state": -7.211824625835941,
  "expected_value_one_state": -8.0,
  "energy_qaoa_gibbs_state": -8.179864955499031,
  "energy_qaoa_one_state": -7.999999869755679,
  "energy_value_exact": -9
}