{
  "expected_value_gibbs_state": -6.180959040987236,
  "expected_value_one_state": -7.0,
  "energy_qaoa_gibbs_state": -7.700245147127195,
  "energy_qaoa_one_state": -6.999999845806622,
  "energy_value_exact": -8
}