{
  "expected_value_gibbs_state": -5.286753117633912,
  "expected_value_one_state": -6.0,
  "energy_qaoa_gibbs_state": -6.074330098273135,
  "energy_qaoa_one_state": -6.000000000000003,
  "energy_value_exact": -7
}