{
  "expected_value_gibbs_state": -6.299826225959316,
  "expected_value_one_state": -7.0,
  "energy_qaoa_gibbs_state": -7.50162913510983,
  "energy_qaoa_one_state": -6.999999830866496,
  "energy_value_exact": -8
}