{
  "expected_value_gibbs_state": -4.706414040792084,
  "expected_value_one_state": -5.0,
  "energy_qaoa_gibbs_state": -5.662526157312879,
  "energy_qaoa_one_state": -4.999999844798052,
  "energy_value_exact": -6
}