{
  "expected_value_gibbs_state": -6.677453247090429,
  "expected_value_one_state": -7.0,
  "energy_qaoa_gibbs_state": -7.83676614164774,
  "energy_qaoa_one_state": -6.999999693561239,
  "energy_value_exact": -8
}