{
  "expected_value_gibbs_state": -5.539893565402011,
  "expected_value_one_state": -6.0,
  "energy_qaoa_gibbs_state": -7.026159345332269,
  "energy_qaoa_one_state": -6.411177786405644,
  "energy_value_exact": -8
}