{
  "expected_value_gibbs_state": -6.846224420292514,
  "expected_value_one_state": -7.0,
  "energy_qaoa_gibbs_state": -8.419757599175515,
  "energy_qaoa_one_state": -6.9999998580539335,
  "energy_value_exact": -9
}