{
  "expected_value_gibbs_state": -4.767227582362312,
  "expected_value_one_state": -5.0,
  "energy_qaoa_gibbs_state": -5.720569917141484,
  "energy_qaoa_one_state": -5.000000000000011,
  "energy_value_exact": -6
}