{
  "expected_value_gibbs_state": -5.143001534585478,
  "expected_value_one_state": -6.0,
  "energy_qaoa_gibbs_state": -6.930818494622353,
  "energy_qaoa_one_state": -5.999999786644921,
  "energy_value_exact": -7
}