{
  "expected_value_gibbs_state": -6.933287229498415,
  "expected_value_one_state": -7.0,
  "energy_qaoa_gibbs_state": -7.904367583982825,
  "energy_qaoa_one_state": -6.999999776117764,
  "energy_value_exact": -8
}