{
  "expected_value_gibbs_state": -35.91793056588975,
  "expected_value_one_state": -36.0,
  "energy_qaoa_gibbs_state": -38.074051719683595,
  "energy_qaoa_one_state": -35.999999902412505,
  "energy_value_exact": -39
}