{
  "expected_value_gibbs_state": -36.26013070617121,
  "expected_value_one_state": -37.0,
  "energy_qaoa_gibbs_state": -40.15253694990917,
  "energy_qaoa_one_state": -36.9999998598757,
  "energy_value_exact": -44
}