{
  "expected_value_gibbs_state": -29.5024812298706,
  "expected_value_one_state": -30.0,
  "energy_qaoa_gibbs_state": -34.846888771689834,
  "energy_qaoa_one_state": -30.000000000001236,
  "energy_value_exact": -38
}