{
  "expected_value_gibbs_state": -38.29898711026737,
  "expected_value_one_state": -39.0,
  "energy_qaoa_gibbs_state": -42.759166118009006,
  "energy_qaoa_one_state": -39.37512252771418,
  "energy_value_exact": -45
}