{
  "expected_value_gibbs_state": -32.37929237667542,
  "expected_value_one_state": -33.0,
  "energy_qaoa_gibbs_state": -35.19561003174374,
  "energy_qaoa_one_state": -32.99999960781024,
  "energy_value_exact": -38
}