{
  "expected_value_gibbs_state": -35.07537418557039,
  "expected_value_one_state": -36.0,
  "energy_qaoa_gibbs_state": -37.75372595792723,
  "energy_qaoa_one_state": -35.999999853850326,
  "energy_value_exact": -40
}