{
  "expected_value_gibbs_state": -32.23788722166405,
  "expected_value_one_state": -33.0,
  "energy_qaoa_gibbs_state": -35.506281600366215,
  "energy_qaoa_one_state": -32.96415201894457,
  "energy_value_exact": -40
}