{
  "expected_value_gibbs_state": -37.59320069065286,
  "expected_value_one_state": -38.0,
  "energy_qaoa_gibbs_state": -41.9948073767289,
  "energy_qaoa_one_state": -37.99999960999157,
  "energy_value_exact": -47
}