{
  "expected_value_gibbs_state": -37.83721609768791,
  "expected_value_one_state": -38.0,
  "energy_qaoa_gibbs_state": -39.97497310960694,
  "energy_qaoa_one_state": -37.9999990448622,
  "energy_value_exact": -41
}