{
  "expected_value_gibbs_state": -39.253230091520116,
  "expected_value_one_state": -40.0,
  "energy_qaoa_gibbs_state": -43.40361573874817,
  "energy_qaoa_one_state": -39.999999748686186,
  "energy_value_exact": -47
}