{
  "expected_value_gibbs_state": -38.74790754913043,
  "expected_value_one_state": -39.0,
  "energy_qaoa_gibbs_state": -40.25830616014602,
  "energy_qaoa_one_state": -38.99999969285609,
  "energy_value_exact": -42
}