{
  "expected_value_gibbs_state": -37.43372455519142,
  "expected_value_one_state": -38.0,
  "energy_qaoa_gibbs_state": -42.175767741758946,
  "energy_qaoa_one_state": -37.99999996544106,
  "energy_value_exact": -45
}