{
  "expected_value_gibbs_state": -39.82166322592816,
  "expected_value_one_state": -40.0,
  "energy_qaoa_gibbs_state": -43.91352178854051,
  "energy_qaoa_one_state": -39.99999989386494,
  "energy_value_exact": -47
}