{
  "expected_value_gibbs_state": -36.863834449887015,
  "expected_value_one_state": -37.0,
  "energy_qaoa_gibbs_state": -39.74110634386937,
  "energy_qaoa_one_state": -36.99999987764806,
  "energy_value_exact": -43
}