{
  "expected_value_gibbs_state": -38.920970682399584,
  "expected_value_one_state": -39.0,
  "energy_qaoa_gibbs_state": -43.27756695419708,
  "energy_qaoa_one_state": -39.48881480435916,
  "energy_value_exact": -46
}