{
  "expected_value_gibbs_state": -39.05567355482859,
  "expected_value_one_state": -40.0,
  "energy_qaoa_gibbs_state": -41.94916706796603,
  "energy_qaoa_one_state": -39.99999952510793,
  "energy_value_exact": -44
}