{
  "expected_value_gibbs_state": -37.63352848278435,
  "expected_value_one_state": -38.0,
  "energy_qaoa_gibbs_state": -39.38724942798436,
  "energy_qaoa_one_state": -37.9999992917576,
  "energy_value_exact": -41
}