{
  "expected_value_gibbs_state": -37.418845999012085,
  "expected_value_one_state": -38.0,
  "energy_qaoa_gibbs_state": -38.97287206081819,
  "energy_qaoa_one_state": -37.999999938740025,
  "energy_value_exact": -41
}