{
  "expected_value_gibbs_state": -37.330813901763015,
  "expected_value_one_state": -38.0,
  "energy_qaoa_gibbs_state": -39.375119639153,
  "energy_qaoa_one_state": -37.99999924930061,
  "energy_value_exact": -41
}