{
  "expected_value_gibbs_state": -33.98421695062572,
  "expected_value_one_state": -34.0,
  "energy_qaoa_gibbs_state": -38.89478853111957,
  "energy_qaoa_one_state": -34.338218870151735,
  "energy_value_exact": -41
}