{
  "expected_value_gibbs_state": -34.73205927325862,
  "expected_value_one_state": -35.0,
  "energy_qaoa_gibbs_state": -38.462484189223495,
  "energy_qaoa_one_state": -35.000000000001144,
  "energy_value_exact": -41
}