{
  "expected_value_gibbs_state": -33.97200638421332,
  "expected_value_one_state": -34.0,
  "energy_qaoa_gibbs_state": -35.57769279930342,
  "energy_qaoa_one_state": -33.999999806814756,
  "energy_value_exact": -37
}