{
  "expected_value_gibbs_state": -41.09225908268135,
  "expected_value_one_state": -42.0,
  "energy_qaoa_gibbs_state": -45.304114144520995,
  "energy_qaoa_one_state": -41.99999971816604,
  "energy_value_exact": -49
}