{
  "expected_value_gibbs_state": -42.83612363655991,
  "expected_value_one_state": -43.0,
  "energy_qaoa_gibbs_state": -46.85981090930705,
  "energy_qaoa_one_state": -43.47178850897504,
  "energy_value_exact": -50
}