{
  "expected_value_gibbs_state": -33.91797678319355,
  "expected_value_one_state": -34.0,
  "energy_qaoa_gibbs_state": -36.30557461494462,
  "energy_qaoa_one_state": -33.97184600857328,
  "energy_value_exact": -41
}