{
  "expected_value_gibbs_state": -38.818628523628036,
  "expected_value_one_state": -39.0,
  "energy_qaoa_gibbs_state": -43.50885970183096,
  "energy_qaoa_one_state": -39.45592359236479,
  "energy_value_exact": -46
}