{
  "expected_value_gibbs_state": -31.458649656708268,
  "expected_value_one_state": -32.0,
  "energy_qaoa_gibbs_state": -33.401526183101204,
  "energy_qaoa_one_state": -31.995900374704327,
  "energy_value_exact": -39
}