{
  "expected_value_gibbs_state": -34.342504384957316,
  "expected_value_one_state": -35.0,
  "energy_qaoa_gibbs_state": -36.300073065590425,
  "energy_qaoa_one_state": -34.999999251152815,
  "energy_value_exact": -37
}