{
  "expected_value_gibbs_state": -31.161874116932868,
  "expected_value_one_state": -32.0,
  "energy_qaoa_gibbs_state": -34.88422826503313,
  "energy_qaoa_one_state": -31.99999995034453,
  "energy_value_exact": -37
}