{
  "expected_value_gibbs_state": -36.643836623174465,
  "expected_value_one_state": -37.0,
  "energy_qaoa_gibbs_state": -41.102996091134614,
  "energy_qaoa_one_state": -36.99999967607819,
  "energy_value_exact": -45
}