{
  "expected_value_gibbs_state": -36.15851780211204,
  "expected_value_one_state": -37.0,
  "energy_qaoa_gibbs_state": -38.94997331570737,
  "energy_qaoa_one_state": -36.99999993562458,
  "energy_value_exact": -41
}