{
  "expected_value_gibbs_state": -36.34779405466729,
  "expected_value_one_state": -37.0,
  "energy_qaoa_gibbs_state": -38.4251143864542,
  "energy_qaoa_one_state": -37.35943718575171,
  "energy_value_exact": -43
}