{
  "expected_value_gibbs_state": -23.661853812539317,
  "expected_value_one_state": -24.0,
  "energy_qaoa_gibbs_state": -26.073321387153364,
  "energy_qaoa_one_state": -24.049720239773283,
  "energy_value_exact": -30
}