{
  "expected_value_gibbs_state": -38.94071725259827,
  "expected_value_one_state": -39.0,
  "energy_qaoa_gibbs_state": -40.99227985838479,
  "energy_qaoa_one_state": -38.99999960526956,
  "energy_value_exact": -42
}