{
  "expected_value_gibbs_state": -35.71536714291956,
  "expected_value_one_state": -36.0,
  "energy_qaoa_gibbs_state": -37.97731881269327,
  "energy_qaoa_one_state": -35.99999930021212,
  "energy_value_exact": -39
}