{
  "expected_value_gibbs_state": -42.45234217017531,
  "expected_value_one_state": -43.0,
  "energy_qaoa_gibbs_state": -47.84912447628555,
  "energy_qaoa_one_state": -43.62482337444147,
  "energy_value_exact": -50
}