{
  "expected_value_gibbs_state": -30.597323870842434,
  "expected_value_one_state": -31.0,
  "energy_qaoa_gibbs_state": -35.135283064988386,
  "energy_qaoa_one_state": -30.99999946839159,
  "energy_value_exact": -37
}