{
  "expected_value_gibbs_state": -40.21921809877329,
  "expected_value_one_state": -41.0,
  "energy_qaoa_gibbs_state": -43.757293719288086,
  "energy_qaoa_one_state": -40.99999926411254,
  "energy_value_exact": -47
}