{
  "expected_value_gibbs_state": -35.007224874299936,
  "expected_value_one_state": -36.0,
  "energy_qaoa_gibbs_state": -38.18465849104726,
  "energy_qaoa_one_state": -35.99999962615783,
  "energy_value_exact": -40
}