{
  "expected_value_gibbs_state": -36.48368685938391,
  "expected_value_one_state": -37.0,
  "energy_qaoa_gibbs_state": -41.80809768262437,
  "energy_qaoa_one_state": -36.99999940188037,
  "energy_value_exact": -44
}