{
  "expected_value_gibbs_state": -34.89564551852084,
  "expected_value_one_state": -35.0,
  "energy_qaoa_gibbs_state": -37.60578711960713,
  "energy_qaoa_one_state": -34.99999956508827,
  "energy_value_exact": -40
}