{
  "expected_value_gibbs_state": -47.74386024737774,
  "expected_value_one_state": -48.0,
  "energy_qaoa_gibbs_state": -52.49548049600901,
  "energy_qaoa_one_state": -48.96650584286525,
  "energy_value_exact": -55
}