{
  "expected_value_gibbs_state": -39.37187876776629,
  "expected_value_one_state": -40.0,
  "energy_qaoa_gibbs_state": -41.36122401141354,
  "energy_qaoa_one_state": -39.99999983648666,
  "energy_value_exact": -43
}