{
  "expected_value_gibbs_state": -32.56118181101278,
  "expected_value_one_state": -33.0,
  "energy_qaoa_gibbs_state": -35.702251597873165,
  "energy_qaoa_one_state": -32.99999994465872,
  "energy_value_exact": -38
}