{
  "expected_value_gibbs_state": -36.341916975218716,
  "expected_value_one_state": -37.0,
  "energy_qaoa_gibbs_state": -39.844619295449746,
  "energy_qaoa_one_state": -36.99999973007192,
  "energy_value_exact": -42
}