{
  "expected_value_gibbs_state": -37.29697540372567,
  "expected_value_one_state": -38.0,
  "energy_qaoa_gibbs_state": -41.686480633158126,
  "energy_qaoa_one_state": -37.99999975353863,
  "energy_value_exact": -44
}