{
  "expected_value_gibbs_state": -33.82470785185198,
  "expected_value_one_state": -34.0,
  "energy_qaoa_gibbs_state": -36.16949039530601,
  "energy_qaoa_one_state": -33.99999948472775,
  "energy_value_exact": -38
}