{
  "expected_value_gibbs_state": -38.573876465911695,
  "expected_value_one_state": -39.0,
  "energy_qaoa_gibbs_state": -42.48345981383915,
  "energy_qaoa_one_state": -38.999999765072154,
  "energy_value_exact": -46
}