{
  "expected_value_gibbs_state": -33.83075330850852,
  "expected_value_one_state": -34.0,
  "energy_qaoa_gibbs_state": -37.03975761110711,
  "energy_qaoa_one_state": -34.0874824095539,
  "energy_value_exact": -41
}