{
  "expected_value_gibbs_state": -43.06543578119147,
  "expected_value_one_state": -44.0,
  "energy_qaoa_gibbs_state": -46.97388828146471,
  "energy_qaoa_one_state": -43.99999965267174,
  "energy_value_exact": -50
}