{
  "expected_value_gibbs_state": -39.08751846233212,
  "expected_value_one_state": -40.0,
  "energy_qaoa_gibbs_state": -41.2900124383313,
  "energy_qaoa_one_state": -39.999999703227445,
  "energy_value_exact": -43
}