{
  "expected_value_gibbs_state": -38.58256081506405,
  "expected_value_one_state": -39.0,
  "energy_qaoa_gibbs_state": -44.19444361285389,
  "energy_qaoa_one_state": -39.25222449432032,
  "energy_value_exact": -46
}