{
  "expected_value_gibbs_state": -38.863163557978865,
  "expected_value_one_state": -39.0,
  "energy_qaoa_gibbs_state": -40.525128771734956,
  "energy_qaoa_one_state": -38.99999931176923,
  "energy_value_exact": -42
}