{
  "expected_value_gibbs_state": -38.401819029758904,
  "expected_value_one_state": -39.0,
  "energy_qaoa_gibbs_state": -42.55766415359341,
  "energy_qaoa_one_state": -38.99999983435647,
  "energy_value_exact": -45
}