{
  "expected_value_gibbs_state": -34.038647687141776,
  "expected_value_one_state": -35.0,
  "energy_qaoa_gibbs_state": -37.990940714361265,
  "energy_qaoa_one_state": -35.00000000000129,
  "energy_value_exact": -41
}