{
  "expected_value_gibbs_state": -34.659004793416614,
  "expected_value_one_state": -35.0,
  "energy_qaoa_gibbs_state": -37.0804511537263,
  "energy_qaoa_one_state": -35.12736717312318,
  "energy_value_exact": -41
}