{
  "expected_value_gibbs_state": -36.7710348702682,
  "expected_value_one_state": -37.0,
  "energy_qaoa_gibbs_state": -41.81164104025662,
  "energy_qaoa_one_state": -37.781386803520576,
  "energy_value_exact": -44
}