{
  "expected_value_gibbs_state": -36.776555855270686,
  "expected_value_one_state": -37.0,
  "energy_qaoa_gibbs_state": -39.986960377538765,
  "energy_qaoa_one_state": -37.18447537278608,
  "energy_value_exact": -42
}