{
  "expected_value_gibbs_state": -38.0584494879282,
  "expected_value_one_state": -39.0,
  "energy_qaoa_gibbs_state": -40.53173656360653,
  "energy_qaoa_one_state": -38.99999973643795,
  "energy_value_exact": -43
}