{
  "expected_value_gibbs_state": -37.165504712174815,
  "expected_value_one_state": -38.0,
  "energy_qaoa_gibbs_state": -41.874095050864184,
  "energy_qaoa_one_state": -37.999999787394685,
  "energy_value_exact": -45
}