{
  "expected_value_gibbs_state": -39.850133085998024,
  "expected_value_one_state": -40.0,
  "energy_qaoa_gibbs_state": -44.26032655007221,
  "energy_qaoa_one_state": -39.99999964557146,
  "energy_value_exact": -48
}