{
  "expected_value_gibbs_state": -37.88607080312861,
  "expected_value_one_state": -38.0,
  "energy_qaoa_gibbs_state": -39.388776841874325,
  "energy_qaoa_one_state": -37.999999690521356,
  "energy_value_exact": -41
}