{
  "expected_value_gibbs_state": -39.39212420359612,
  "expected_value_one_state": -40.0,
  "energy_qaoa_gibbs_state": -42.28651838018851,
  "energy_qaoa_one_state": -39.999999622247515,
  "energy_value_exact": -45
}