{
  "expected_value_gibbs_state": -41.364475281035325,
  "expected_value_one_state": -42.0,
  "energy_qaoa_gibbs_state": -45.48389368915443,
  "energy_qaoa_one_state": -42.59671863294877,
  "energy_value_exact": -49
}