{
  "expected_value_gibbs_state": -38.87494369814476,
  "expected_value_one_state": -39.0,
  "energy_qaoa_gibbs_state": -40.88904414263175,
  "energy_qaoa_one_state": -38.99999975676665,
  "energy_value_exact": -42
}