{
  "expected_value_gibbs_state": -39.490722708761666,
  "expected_value_one_state": -40.0,
  "energy_qaoa_gibbs_state": -43.9074276454447,
  "energy_qaoa_one_state": -39.99999965427958,
  "energy_value_exact": -48
}