{
  "expected_value_gibbs_state": -36.655707235949926,
  "expected_value_one_state": -37.0,
  "energy_qaoa_gibbs_state": -39.24120927854918,
  "energy_qaoa_one_state": -36.99999913876514,
  "energy_value_exact": -41
}