{
  "expected_value_gibbs_state": -32.70789072008301,
  "expected_value_one_state": -33.0,
  "energy_qaoa_gibbs_state": -35.82362580402605,
  "energy_qaoa_one_state": -32.999999479831594,
  "energy_value_exact": -38
}