{
  "expected_value_gibbs_state": -42.94123926551987,
  "expected_value_one_state": -43.0,
  "energy_qaoa_gibbs_state": -47.38563124046959,
  "energy_qaoa_one_state": -42.999999738954024,
  "energy_value_exact": -51
}