{
  "expected_value_gibbs_state": -33.95811350455717,
  "expected_value_one_state": -34.0,
  "energy_qaoa_gibbs_state": -36.9867858001858,
  "energy_qaoa_one_state": -33.999999521558216,
  "energy_value_exact": -39
}