{
  "expected_value_gibbs_state": -36.88569426969898,
  "expected_value_one_state": -37.0,
  "energy_qaoa_gibbs_state": -39.12959728041184,
  "energy_qaoa_one_state": -36.99999967880366,
  "energy_value_exact": -40
}