{
  "expected_value_gibbs_state": -35.6630998695571,
  "expected_value_one_state": -36.0,
  "energy_qaoa_gibbs_state": -38.95109458907564,
  "energy_qaoa_one_state": -35.99999970342052,
  "energy_value_exact": -41
}