{
  "expected_value_gibbs_state": -37.65546451060981,
  "expected_value_one_state": -38.0,
  "energy_qaoa_gibbs_state": -39.68998087878114,
  "energy_qaoa_one_state": -37.999999757723735,
  "energy_value_exact": -41
}