{
  "expected_value_gibbs_state": -38.94650000867681,
  "expected_value_one_state": -39.0,
  "energy_qaoa_gibbs_state": -40.73199529012459,
  "energy_qaoa_one_state": -38.99999935832278,
  "energy_value_exact": -43
}