{
  "expected_value_gibbs_state": -36.32238733511394,
  "expected_value_one_state": -37.0,
  "energy_qaoa_gibbs_state": -39.03766877315586,
  "energy_qaoa_one_state": -36.999999782371255,
  "energy_value_exact": -41
}