{
  "expected_value_gibbs_state": -36.382539120335096,
  "expected_value_one_state": -37.0,
  "energy_qaoa_gibbs_state": -38.10064787381282,
  "energy_qaoa_one_state": -36.99999991526378,
  "energy_value_exact": -40
}