{
  "expected_value_gibbs_state": -36.1796607004444,
  "expected_value_one_state": -37.0,
  "energy_qaoa_gibbs_state": -39.98685653292563,
  "energy_qaoa_one_state": -36.999999890470924,
  "energy_value_exact": -41
}