{
  "expected_value_gibbs_state": -32.18891701866976,
  "expected_value_one_state": -33.0,
  "energy_qaoa_gibbs_state": -33.765848787132924,
  "energy_qaoa_one_state": -32.99999977708543,
  "energy_value_exact": -35
}