{
  "expected_value_gibbs_state": -40.32227351637209,
  "expected_value_one_state": -41.0,
  "energy_qaoa_gibbs_state": -43.20599147972962,
  "energy_qaoa_one_state": -40.99999904573094,
  "energy_value_exact": -45
}