{
  "expected_value_gibbs_state": -32.68642837371681,
  "expected_value_one_state": -33.0,
  "energy_qaoa_gibbs_state": -34.30384513079598,
  "energy_qaoa_one_state": -32.999999914158685,
  "energy_value_exact": -36
}