{
  "expected_value_gibbs_state": -39.37812703286906,
  "expected_value_one_state": -40.0,
  "energy_qaoa_gibbs_state": -43.58179632861177,
  "energy_qaoa_one_state": -39.9999997420908,
  "energy_value_exact": -48
}