{
  "expected_value_gibbs_state": -38.83583224770426,
  "expected_value_one_state": -39.0,
  "energy_qaoa_gibbs_state": -41.48432380735541,
  "energy_qaoa_one_state": -38.99999956428362,
  "energy_value_exact": -44
}