{
  "expected_value_gibbs_state": -37.25737184779731,
  "expected_value_one_state": -38.0,
  "energy_qaoa_gibbs_state": -41.94412835507316,
  "energy_qaoa_one_state": -37.999999779753274,
  "energy_value_exact": -46
}