{
  "expected_value_gibbs_state": -36.769155975005525,
  "expected_value_one_state": -37.0,
  "energy_qaoa_gibbs_state": -38.615642868088166,
  "energy_qaoa_one_state": -36.99999949031422,
  "energy_value_exact": -40
}