{
  "expected_value_gibbs_state": -44.032177397321995,
  "expected_value_one_state": -45.0,
  "energy_qaoa_gibbs_state": -49.04775100731737,
  "energy_qaoa_one_state": -45.59992367572076,
  "energy_value_exact": -52
}