{
  "expected_value_gibbs_state": -39.446990912559194,
  "expected_value_one_state": -40.0,
  "energy_qaoa_gibbs_state": -43.536590521396874,
  "energy_qaoa_one_state": -39.99999971071435,
  "energy_value_exact": -48
}