{
  "expected_value_gibbs_state": -30.28167327072044,
  "expected_value_one_state": -31.0,
  "energy_qaoa_gibbs_state": -33.26597967234875,
  "energy_qaoa_one_state": -32.13300361587316,
  "energy_value_exact": -38
}