{
  "expected_value_gibbs_state": -37.61480559308177,
  "expected_value_one_state": -38.0,
  "energy_qaoa_gibbs_state": -39.42376682522545,
  "energy_qaoa_one_state": -38.10581778756583,
  "energy_value_exact": -43
}