{
  "expected_value_gibbs_state": -38.22172982458593,
  "expected_value_one_state": -39.0,
  "energy_qaoa_gibbs_state": -42.98885643432948,
  "energy_qaoa_one_state": -39.35157595625142,
  "energy_value_exact": -47
}