{
  "expected_value_gibbs_state": -37.170724955634164,
  "expected_value_one_state": -38.0,
  "energy_qaoa_gibbs_state": -40.89977821846635,
  "energy_qaoa_one_state": -37.99999985588859,
  "energy_value_exact": -44
}