{
  "expected_value_gibbs_state": -37.30926290141281,
  "expected_value_one_state": -38.0,
  "energy_qaoa_gibbs_state": -38.803243167852166,
  "energy_qaoa_one_state": -38.00000000000091,
  "energy_value_exact": -43
}