{
  "expected_value_gibbs_state": -38.984846615078844,
  "expected_value_one_state": -39.0,
  "energy_qaoa_gibbs_state": -43.754063795757205,
  "energy_qaoa_one_state": -39.860606429814815,
  "energy_value_exact": -47
}