{
  "expected_value_gibbs_state": -43.27337783378281,
  "expected_value_one_state": -44.0,
  "energy_qaoa_gibbs_state": -48.25628775697315,
  "energy_qaoa_one_state": -44.17714263013715,
  "energy_value_exact": -51
}