{
  "expected_value_gibbs_state": -44.835198233735525,
  "expected_value_one_state": -45.0,
  "energy_qaoa_gibbs_state": -49.14256070234901,
  "energy_qaoa_one_state": -45.734236112492056,
  "energy_value_exact": -52
}