{
  "expected_value_gibbs_state": -38.65632787591431,
  "expected_value_one_state": -39.0,
  "energy_qaoa_gibbs_state": -42.66715712946464,
  "energy_qaoa_one_state": -38.99999980952817,
  "energy_value_exact": -47
}