{
  "expected_value_gibbs_state": -36.35901067226251,
  "expected_value_one_state": -37.0,
  "energy_qaoa_gibbs_state": -39.50731795208842,
  "energy_qaoa_one_state": -36.999999323700465,
  "energy_value_exact": -43
}