{
  "expected_value_gibbs_state": -38.150676027539575,
  "expected_value_one_state": -39.0,
  "energy_qaoa_gibbs_state": -42.30567532672907,
  "energy_qaoa_one_state": -38.999999901044134,
  "energy_value_exact": -46
}