{
  "expected_value_gibbs_state": -38.21645644359322,
  "expected_value_one_state": -39.0,
  "energy_qaoa_gibbs_state": -38.563429515477566,
  "energy_qaoa_one_state": -37.6540923751953,
  "energy_value_exact": -45
}