{
  "expected_value_gibbs_state": -42.94723732856246,
  "expected_value_one_state": -43.0,
  "energy_qaoa_gibbs_state": -47.413747470639635,
  "energy_qaoa_one_state": -42.99999985328672,
  "energy_value_exact": -51
}