{
  "expected_value_gibbs_state": -37.37134148388519,
  "expected_value_one_state": -38.0,
  "energy_qaoa_gibbs_state": -39.103207350526816,
  "energy_qaoa_one_state": -37.99999983320851,
  "energy_value_exact": -41
}