{
  "expected_value_gibbs_state": -36.98572275183404,
  "expected_value_one_state": -37.0,
  "energy_qaoa_gibbs_state": -38.60423247839847,
  "energy_qaoa_one_state": -36.99999988064913,
  "energy_value_exact": -40
}