{
  "expected_value_gibbs_state": -40.309458766024214,
  "expected_value_one_state": -41.0,
  "energy_qaoa_gibbs_state": -41.86518474726666,
  "energy_qaoa_one_state": -40.999999286693864,
  "energy_value_exact": -44
}