{
  "expected_value_gibbs_state": -38.447045499576156,
  "expected_value_one_state": -39.0,
  "energy_qaoa_gibbs_state": -41.777343690414384,
  "energy_qaoa_one_state": -38.99999968081827,
  "energy_value_exact": -44
}