{
  "expected_value_gibbs_state": -37.798019522339914,
  "expected_value_one_state": -38.0,
  "energy_qaoa_gibbs_state": -43.05981891756909,
  "energy_qaoa_one_state": -38.329642913421296,
  "energy_value_exact": -47
}