{
  "expected_value_gibbs_state": -38.99140349522701,
  "expected_value_one_state": -39.0,
  "energy_qaoa_gibbs_state": -42.82892437103276,
  "energy_qaoa_one_state": -39.29088629248359,
  "energy_value_exact": -45
}