{
  "expected_value_gibbs_state": -38.86537746691195,
  "expected_value_one_state": -39.0,
  "energy_qaoa_gibbs_state": -42.761934283237466,
  "energy_qaoa_one_state": -38.999999784747395,
  "energy_value_exact": -46
}