{
  "expected_value_gibbs_state": -42.020753200272544,
  "expected_value_one_state": -43.0,
  "energy_qaoa_gibbs_state": -43.85849602528873,
  "energy_qaoa_one_state": -42.99999946301917,
  "energy_value_exact": -46
}