{
  "expected_value_gibbs_state": -32.049980164523724,
  "expected_value_one_state": -33.0,
  "energy_qaoa_gibbs_state": -34.862693877405974,
  "energy_qaoa_one_state": -33.16953994645292,
  "energy_value_exact": -38
}