{
  "expected_value_gibbs_state": -32.720410270648266,
  "expected_value_one_state": -33.0,
  "energy_qaoa_gibbs_state": -35.03225311269399,
  "energy_qaoa_one_state": -33.00000000000069,
  "energy_value_exact": -41
}