{
  "expected_value_gibbs_state": -38.72500165269483,
  "expected_value_one_state": -39.0,
  "energy_qaoa_gibbs_state": -41.92026766608205,
  "energy_qaoa_one_state": -38.999999427701546,
  "energy_value_exact": -44
}