{
  "expected_value_gibbs_state": -38.06434055055071,
  "expected_value_one_state": -39.0,
  "energy_qaoa_gibbs_state": -42.3026049726042,
  "energy_qaoa_one_state": -38.99999969029763,
  "energy_value_exact": -46
}