{
  "expected_value_gibbs_state": -36.46853986102331,
  "expected_value_one_state": -37.0,
  "energy_qaoa_gibbs_state": -39.03569173920678,
  "energy_qaoa_one_state": -36.999999879341146,
  "energy_value_exact": -40
}