{
  "expected_value_gibbs_state": -32.94087220180211,
  "expected_value_one_state": -33.0,
  "energy_qaoa_gibbs_state": -36.34808474357173,
  "energy_qaoa_one_state": -33.24386908461714,
  "energy_value_exact": -38
}