{
  "expected_value_gibbs_state": -35.722579337554265,
  "expected_value_one_state": -36.0,
  "energy_qaoa_gibbs_state": -39.35618419663738,
  "energy_qaoa_one_state": -36.220495458290166,
  "energy_value_exact": -43
}