{
  "expected_value_gibbs_state": -25.860248778388662,
  "expected_value_one_state": -26.0,
  "energy_qaoa_gibbs_state": -27.416861280819866,
  "energy_qaoa_one_state": -25.999999777904257,
  "energy_value_exact": -29
}