{
  "expected_value_gibbs_state": -31.392510807811377,
  "expected_value_one_state": -32.0,
  "energy_qaoa_gibbs_state": -33.040751076870784,
  "energy_qaoa_one_state": -31.999999452727074,
  "energy_value_exact": -34
}