{
  "expected_value_gibbs_state": -29.185359054558756,
  "expected_value_one_state": -30.0,
  "energy_qaoa_gibbs_state": -30.979042248681786,
  "energy_qaoa_one_state": -29.999999343177596,
  "energy_value_exact": -32
}