{
  "expected_value_gibbs_state": -26.378089667855686,
  "expected_value_one_state": -27.0,
  "energy_qaoa_gibbs_state": -27.8057031634672,
  "energy_qaoa_one_state": -26.99999982863601,
  "energy_value_exact": -30
}