{
  "expected_value_gibbs_state": -30.87799946295299,
  "expected_value_one_state": -31.0,
  "energy_qaoa_gibbs_state": -35.34998435849059,
  "energy_qaoa_one_state": -30.999999932554793,
  "energy_value_exact": -37
}