{
  "expected_value_gibbs_state": -27.52108061671487,
  "expected_value_one_state": -28.0,
  "energy_qaoa_gibbs_state": -29.566995857901702,
  "energy_qaoa_one_state": -28.03300607031461,
  "energy_value_exact": -33
}