{
  "expected_value_gibbs_state": -31.894353776373062,
  "expected_value_one_state": -32.0,
  "energy_qaoa_gibbs_state": -33.69021269794673,
  "energy_qaoa_one_state": -31.99999913524769,
  "energy_value_exact": -35
}