{
  "expected_value_gibbs_state": -26.362091959315087,
  "expected_value_one_state": -27.0,
  "energy_qaoa_gibbs_state": -28.246103896410474,
  "energy_qaoa_one_state": -26.999999333826302,
  "energy_value_exact": -30
}