{
  "expected_value_gibbs_state": -27.69062268554964,
  "expected_value_one_state": -28.0,
  "energy_qaoa_gibbs_state": -31.354969275125537,
  "energy_qaoa_one_state": -27.9999994681086,
  "energy_value_exact": -33
}