{
  "expected_value_gibbs_state": -30.65865382470957,
  "expected_value_one_state": -31.0,
  "energy_qaoa_gibbs_state": -34.57096954934795,
  "energy_qaoa_one_state": -30.99999982363186,
  "energy_value_exact": -38
}