{
  "expected_value_gibbs_state": -23.382879843248762,
  "expected_value_one_state": -24.0,
  "energy_qaoa_gibbs_state": -26.063557890396815,
  "energy_qaoa_one_state": -23.999999807201753,
  "energy_value_exact": -28
}