{
  "expected_value_gibbs_state": -26.984880528246222,
  "expected_value_one_state": -27.0,
  "energy_qaoa_gibbs_state": -28.751033339379276,
  "energy_qaoa_one_state": -26.999999656741632,
  "energy_value_exact": -30
}