{
  "expected_value_gibbs_state": -26.599695283339265,
  "expected_value_one_state": -27.0,
  "energy_qaoa_gibbs_state": -30.765982219598897,
  "energy_qaoa_one_state": -26.999999952486572,
  "energy_value_exact": -34
}