{
  "expected_value_gibbs_state": -27.082340504426146,
  "expected_value_one_state": -28.0,
  "energy_qaoa_gibbs_state": -28.012678703823596,
  "energy_qaoa_one_state": -28.012167010013542,
  "energy_value_exact": -34
}