{
  "expected_value_gibbs_state": -26.02939579003498,
  "expected_value_one_state": -27.0,
  "energy_qaoa_gibbs_state": -30.676499901423625,
  "energy_qaoa_one_state": -26.999999300262218,
  "energy_value_exact": -32
}