{
  "expected_value_gibbs_state": -27.19977982324255,
  "expected_value_one_state": -28.0,
  "energy_qaoa_gibbs_state": -29.067615250599186,
  "energy_qaoa_one_state": -27.999999301394336,
  "energy_value_exact": -31
}