{
  "expected_value_gibbs_state": -27.05122446916974,
  "expected_value_one_state": -28.0,
  "energy_qaoa_gibbs_state": -29.66863112975065,
  "energy_qaoa_one_state": -27.999999533164548,
  "energy_value_exact": -31
}