{
  "expected_value_gibbs_state": -24.66859914579585,
  "expected_value_one_state": -25.0,
  "energy_qaoa_gibbs_state": -27.403996913666816,
  "energy_qaoa_one_state": -24.999999804052337,
  "energy_value_exact": -29
}