{
  "expected_value_gibbs_state": -23.671005745020583,
  "expected_value_one_state": -24.0,
  "energy_qaoa_gibbs_state": -26.4893069905536,
  "energy_qaoa_one_state": -24.259823532875437,
  "energy_value_exact": -29
}