{
  "expected_value_gibbs_state": -25.498585909136864,
  "expected_value_one_state": -26.0,
  "energy_qaoa_gibbs_state": -28.637865980927092,
  "energy_qaoa_one_state": -25.99999947994585,
  "energy_value_exact": -31
}