{
  "expected_value_gibbs_state": -29.146391045692152,
  "expected_value_one_state": -30.0,
  "energy_qaoa_gibbs_state": -31.017860069284836,
  "energy_qaoa_one_state": -29.999999820221706,
  "energy_value_exact": -32
}