{
  "expected_value_gibbs_state": -24.037250467686945,
  "expected_value_one_state": -25.0,
  "energy_qaoa_gibbs_state": -27.12351087378314,
  "energy_qaoa_one_state": -25.064560439415832,
  "energy_value_exact": -30
}