{
  "expected_value_gibbs_state": -25.03301723204588,
  "expected_value_one_state": -26.0,
  "energy_qaoa_gibbs_state": -27.59768547208173,
  "energy_qaoa_one_state": -26.000000000000327,
  "energy_value_exact": -31
}