{
  "expected_value_gibbs_state": -24.668660448991645,
  "expected_value_one_state": -25.0,
  "energy_qaoa_gibbs_state": -27.936473078497233,
  "energy_qaoa_one_state": -25.512144236749776,
  "energy_value_exact": -30
}