{
  "expected_value_gibbs_state": -32.95792752401881,
  "expected_value_one_state": -33.0,
  "energy_qaoa_gibbs_state": -35.14349780554565,
  "energy_qaoa_one_state": -32.99999992673364,
  "energy_value_exact": -37
}