{
  "expected_value_gibbs_state": -29.806108151393527,
  "expected_value_one_state": -30.0,
  "energy_qaoa_gibbs_state": -32.4484032034492,
  "energy_qaoa_one_state": -29.9999998592436,
  "energy_value_exact": -34
}