{
  "expected_value_gibbs_state": -31.509664623013016,
  "expected_value_one_state": -32.0,
  "energy_qaoa_gibbs_state": -35.73508498320035,
  "energy_qaoa_one_state": -31.999999692937486,
  "energy_value_exact": -40
}