{
  "expected_value_gibbs_state": -30.53764770184937,
  "expected_value_one_state": -31.0,
  "energy_qaoa_gibbs_state": -35.287042744246435,
  "energy_qaoa_one_state": -31.568185427679772,
  "energy_value_exact": -37
}