{
  "expected_value_gibbs_state": -27.32477230912388,
  "expected_value_one_state": -28.0,
  "energy_qaoa_gibbs_state": -29.26188222104185,
  "energy_qaoa_one_state": -27.99999919298769,
  "energy_value_exact": -31
}