{
  "expected_value_gibbs_state": -28.762341422193607,
  "expected_value_one_state": -29.0,
  "energy_qaoa_gibbs_state": -30.19691128432946,
  "energy_qaoa_one_state": -28.999999444945168,
  "energy_value_exact": -31
}