{
  "expected_value_gibbs_state": -28.627495433824805,
  "expected_value_one_state": -29.0,
  "energy_qaoa_gibbs_state": -33.02703813663094,
  "energy_qaoa_one_state": -28.999999768749724,
  "energy_value_exact": -36
}