{
  "expected_value_gibbs_state": -29.336137623485502,
  "expected_value_one_state": -30.0,
  "energy_qaoa_gibbs_state": -34.322734914834356,
  "energy_qaoa_one_state": -29.99999987271544,
  "energy_value_exact": -39
}