{
  "expected_value_gibbs_state": -26.826407488693576,
  "expected_value_one_state": -27.0,
  "energy_qaoa_gibbs_state": -28.766943919374,
  "energy_qaoa_one_state": -26.999999405793783,
  "energy_value_exact": -30
}