{
  "expected_value_gibbs_state": -25.41548288301815,
  "expected_value_one_state": -26.0,
  "energy_qaoa_gibbs_state": -27.26374622334118,
  "energy_qaoa_one_state": -26.319714431319778,
  "energy_value_exact": -32
}