{
  "expected_value_gibbs_state": -29.508717534344147,
  "expected_value_one_state": -30.0,
  "energy_qaoa_gibbs_state": -31.93501832168006,
  "energy_qaoa_one_state": -29.999999634116424,
  "energy_value_exact": -34
}