{
  "expected_value_gibbs_state": -26.097184146717936,
  "expected_value_one_state": -27.0,
  "energy_qaoa_gibbs_state": -28.642999730970487,
  "energy_qaoa_one_state": -26.999999423462434,
  "energy_value_exact": -31
}