{
  "expected_value_gibbs_state": -31.593595672168938,
  "expected_value_one_state": -32.0,
  "energy_qaoa_gibbs_state": -35.02101969270737,
  "energy_qaoa_one_state": -31.999999657066454,
  "energy_value_exact": -38
}