{
  "expected_value_gibbs_state": -32.434274088932156,
  "expected_value_one_state": -33.0,
  "energy_qaoa_gibbs_state": -34.4410697626538,
  "energy_qaoa_one_state": -32.999999872967436,
  "energy_value_exact": -35
}