{
  "expected_value_gibbs_state": -27.98783478057437,
  "expected_value_one_state": -28.0,
  "energy_qaoa_gibbs_state": -30.410137660907868,
  "energy_qaoa_one_state": -27.99999970946782,
  "energy_value_exact": -31
}