{
  "expected_value_gibbs_state": -29.848468844847606,
  "expected_value_one_state": -30.0,
  "energy_qaoa_gibbs_state": -32.533012706224014,
  "energy_qaoa_one_state": -29.999999886779854,
  "energy_value_exact": -34
}