{
  "expected_value_gibbs_state": -24.02334961952003,
  "expected_value_one_state": -25.0,
  "energy_qaoa_gibbs_state": -25.607278675616243,
  "energy_qaoa_one_state": -24.999999957415923,
  "energy_value_exact": -27
}