{
  "expected_value_gibbs_state": -31.185045357706347,
  "expected_value_one_state": -32.0,
  "energy_qaoa_gibbs_state": -36.896738655653294,
  "energy_qaoa_one_state": -32.34965527337359,
  "energy_value_exact": -39
}