{
  "expected_value_gibbs_state": -26.721228422482646,
  "expected_value_one_state": -27.0,
  "energy_qaoa_gibbs_state": -29.35034843483314,
  "energy_qaoa_one_state": -26.999999556939954,
  "energy_value_exact": -32
}