{
  "expected_value_gibbs_state": -36.2358993886773,
  "expected_value_one_state": -37.0,
  "energy_qaoa_gibbs_state": -40.775830354992394,
  "energy_qaoa_one_state": -37.16172366418413,
  "energy_value_exact": -43
}