{
  "expected_value_gibbs_state": -31.759854754871537,
  "expected_value_one_state": -32.0,
  "energy_qaoa_gibbs_state": -34.09723221157198,
  "energy_qaoa_one_state": -32.000000000000746,
  "energy_value_exact": -39
}