{
  "expected_value_gibbs_state": -31.746187232346756,
  "expected_value_one_state": -32.0,
  "energy_qaoa_gibbs_state": -35.77334724961875,
  "energy_qaoa_one_state": -33.080934495116374,
  "energy_value_exact": -39
}