{
  "expected_value_gibbs_state": -32.658848750823125,
  "expected_value_one_state": -33.0,
  "energy_qaoa_gibbs_state": -34.23467168068274,
  "energy_qaoa_one_state": -32.99999970295737,
  "energy_value_exact": -36
}