{
  "expected_value_gibbs_state": -27.424238628595845,
  "expected_value_one_state": -28.0,
  "energy_qaoa_gibbs_state": -31.34339544807612,
  "energy_qaoa_one_state": -27.999999802168894,
  "energy_value_exact": -34
}