{
  "expected_value_gibbs_state": -25.573414700338237,
  "expected_value_one_state": -26.0,
  "energy_qaoa_gibbs_state": -27.892540060619787,
  "energy_qaoa_one_state": -25.99999953127069,
  "energy_value_exact": -30
}