{
  "expected_value_gibbs_state": -27.14969101028897,
  "expected_value_one_state": -28.0,
  "energy_qaoa_gibbs_state": -29.782356235006183,
  "energy_qaoa_one_state": -27.999999798797553,
  "energy_value_exact": -32
}