{
  "expected_value_gibbs_state": -26.14942680158184,
  "expected_value_one_state": -27.0,
  "energy_qaoa_gibbs_state": -28.62716206251021,
  "energy_qaoa_one_state": -27.00000000000052,
  "energy_value_exact": -32
}