{
  "expected_value_gibbs_state": -26.665241832171546,
  "expected_value_one_state": -27.0,
  "energy_qaoa_gibbs_state": -28.296636841705595,
  "energy_qaoa_one_state": -26.999999305642405,
  "energy_value_exact": -30
}