{
  "expected_value_gibbs_state": -33.429512745915076,
  "expected_value_one_state": -34.0,
  "energy_qaoa_gibbs_state": -35.21395076313361,
  "energy_qaoa_one_state": -33.999999764022306,
  "energy_value_exact": -36
}