{
  "expected_value_gibbs_state": -31.596643026169147,
  "expected_value_one_state": -32.0,
  "energy_qaoa_gibbs_state": -35.48306090894255,
  "energy_qaoa_one_state": -31.999999855558265,
  "energy_value_exact": -39
}