{
  "expected_value_gibbs_state": -28.198577220154938,
  "expected_value_one_state": -29.0,
  "energy_qaoa_gibbs_state": -30.82426128222715,
  "energy_qaoa_one_state": -29.000000000000778,
  "energy_value_exact": -33
}