{
  "expected_value_gibbs_state": -28.658858810485025,
  "expected_value_one_state": -29.0,
  "energy_qaoa_gibbs_state": -29.833253612790013,
  "energy_qaoa_one_state": -29.000000000000817,
  "energy_value_exact": -34
}