{
  "expected_value_gibbs_state": -27.236798954688055,
  "expected_value_one_state": -28.0,
  "energy_qaoa_gibbs_state": -29.498532814922,
  "energy_qaoa_one_state": -27.999999608891372,
  "energy_value_exact": -31
}