{
  "expected_value_gibbs_state": -30.9426234398599,
  "expected_value_one_state": -31.0,
  "energy_qaoa_gibbs_state": -34.83862155958176,
  "energy_qaoa_one_state": -31.39532946496148,
  "energy_value_exact": -37
}