{
  "expected_value_gibbs_state": -28.98701065131292,
  "expected_value_one_state": -29.0,
  "energy_qaoa_gibbs_state": -30.734942571542646,
  "energy_qaoa_one_state": -28.999999744255994,
  "energy_value_exact": -32
}