{
  "expected_value_gibbs_state": -27.285029979982543,
  "expected_value_one_state": -28.0,
  "energy_qaoa_gibbs_state": -30.314455556073803,
  "energy_qaoa_one_state": -28.00000000000078,
  "energy_value_exact": -33
}