{
  "expected_value_gibbs_state": -33.29635129004703,
  "expected_value_one_state": -34.0,
  "energy_qaoa_gibbs_state": -38.92066029013162,
  "energy_qaoa_one_state": -34.72498231491621,
  "energy_value_exact": -41
}