{
  "expected_value_gibbs_state": -31.57101001724721,
  "expected_value_one_state": -32.0,
  "energy_qaoa_gibbs_state": -35.06029252732981,
  "energy_qaoa_one_state": -31.999999863486277,
  "energy_value_exact": -38
}