{
  "expected_value_gibbs_state": -32.020925865925186,
  "expected_value_one_state": -33.0,
  "energy_qaoa_gibbs_state": -33.59672878106018,
  "energy_qaoa_one_state": -32.99999994857787,
  "energy_value_exact": -35
}