{
  "expected_value_gibbs_state": -28.867891045984802,
  "expected_value_one_state": -29.0,
  "energy_qaoa_gibbs_state": -33.2231090145832,
  "energy_qaoa_one_state": -28.99999989647919,
  "energy_value_exact": -35
}