{
  "expected_value_gibbs_state": -34.35579236222172,
  "expected_value_one_state": -35.0,
  "energy_qaoa_gibbs_state": -36.1590889711259,
  "energy_qaoa_one_state": -34.99999905515995,
  "energy_value_exact": -37
}