{
  "expected_value_gibbs_state": -27.32767727823484,
  "expected_value_one_state": -28.0,
  "energy_qaoa_gibbs_state": -30.734413543669504,
  "energy_qaoa_one_state": -28.394664889023502,
  "energy_value_exact": -33
}