{
  "expected_value_gibbs_state": -27.05621636941648,
  "expected_value_one_state": -28.0,
  "energy_qaoa_gibbs_state": -28.445047601544847,
  "energy_qaoa_one_state": -27.999999620834906,
  "energy_value_exact": -30
}