{
  "expected_value_gibbs_state": -23.650402010829723,
  "expected_value_one_state": -24.0,
  "energy_qaoa_gibbs_state": -26.143115779180047,
  "energy_qaoa_one_state": -24.90018124315628,
  "energy_value_exact": -29
}