{
  "expected_value_gibbs_state": -34.81349406858428,
  "expected_value_one_state": -35.0,
  "energy_qaoa_gibbs_state": -38.36800764018034,
  "energy_qaoa_one_state": -34.999999887697676,
  "energy_value_exact": -40
}