{
  "expected_value_gibbs_state": -31.60864806399804,
  "expected_value_one_state": -32.0,
  "energy_qaoa_gibbs_state": -35.54564188973609,
  "energy_qaoa_one_state": -31.999999897077757,
  "energy_value_exact": -39
}