{
  "expected_value_gibbs_state": -25.070855646266754,
  "expected_value_one_state": -26.0,
  "energy_qaoa_gibbs_state": -25.20039684056814,
  "energy_qaoa_one_state": -26.109122151128915,
  "energy_value_exact": -30
}