{
  "expected_value_gibbs_state": -29.169699909732913,
  "expected_value_one_state": -30.0,
  "energy_qaoa_gibbs_state": -33.146181393749536,
  "energy_qaoa_one_state": -29.999999919075837,
  "energy_value_exact": -36
}