{
  "expected_value_gibbs_state": -27.57948710908191,
  "expected_value_one_state": -28.0,
  "energy_qaoa_gibbs_state": -30.111018245726157,
  "energy_qaoa_one_state": -28.05957515656429,
  "energy_value_exact": -34
}