{
  "expected_value_gibbs_state": -31.010522019434255,
  "expected_value_one_state": -32.0,
  "energy_qaoa_gibbs_state": -34.170807164485765,
  "energy_qaoa_one_state": -31.99999957194002,
  "energy_value_exact": -36
}