{
  "expected_value_gibbs_state": -30.625025059847392,
  "expected_value_one_state": -31.0,
  "energy_qaoa_gibbs_state": -35.60744485957576,
  "energy_qaoa_one_state": -31.284669645525586,
  "energy_value_exact": -37
}