{
  "expected_value_gibbs_state": -31.747022320310837,
  "expected_value_one_state": -32.0,
  "energy_qaoa_gibbs_state": -36.65718820773748,
  "energy_qaoa_one_state": -31.999999600598386,
  "energy_value_exact": -39
}