{
  "expected_value_gibbs_state": -28.360619359537605,
  "expected_value_one_state": -29.0,
  "energy_qaoa_gibbs_state": -29.95292533198368,
  "energy_qaoa_one_state": -28.999999870462705,
  "energy_value_exact": -31
}