{
  "expected_value_gibbs_state": -30.494587092956895,
  "expected_value_one_state": -31.0,
  "energy_qaoa_gibbs_state": -34.03581322140499,
  "energy_qaoa_one_state": -30.999999745556597,
  "energy_value_exact": -38
}