{
  "expected_value_gibbs_state": -31.408584155675925,
  "expected_value_one_state": -32.0,
  "energy_qaoa_gibbs_state": -34.692310687289776,
  "energy_qaoa_one_state": -31.999999788253415,
  "energy_value_exact": -37
}