{
  "expected_value_gibbs_state": -24.5126781955626,
  "expected_value_one_state": -25.0,
  "energy_qaoa_gibbs_state": -27.389610162605436,
  "energy_qaoa_one_state": -24.999999852577716,
  "energy_value_exact": -29
}