{
  "expected_value_gibbs_state": -27.290324125014962,
  "expected_value_one_state": -28.0,
  "energy_qaoa_gibbs_state": -31.663892431773384,
  "energy_qaoa_one_state": -28.196491818373993,
  "energy_value_exact": -33
}