{
  "expected_value_gibbs_state": -28.586373148785007,
  "expected_value_one_state": -29.0,
  "energy_qaoa_gibbs_state": -29.619745941733562,
  "energy_qaoa_one_state": -29.000000000000746,
  "energy_value_exact": -34
}