{
  "expected_value_gibbs_state": -34.52366351128893,
  "expected_value_one_state": -35.0,
  "energy_qaoa_gibbs_state": -38.25613271329285,
  "energy_qaoa_one_state": -34.99999965305729,
  "energy_value_exact": -41
}