{
  "expected_value_gibbs_state": -22.812872498808233,
  "expected_value_one_state": -23.0,
  "energy_qaoa_gibbs_state": -26.027498521869305,
  "energy_qaoa_one_state": -23.025316643229537,
  "energy_value_exact": -29
}