{
  "expected_value_gibbs_state": -31.009253039465943,
  "expected_value_one_state": -32.0,
  "energy_qaoa_gibbs_state": -35.55310272664654,
  "energy_qaoa_one_state": -32.46128208216909,
  "energy_value_exact": -37
}