{
  "expected_value_gibbs_state": -28.627078650328826,
  "expected_value_one_state": -29.0,
  "energy_qaoa_gibbs_state": -31.60445410404072,
  "energy_qaoa_one_state": -28.99999953729749,
  "energy_value_exact": -35
}