{
  "expected_value_gibbs_state": -36.52661471104224,
  "expected_value_one_state": -37.0,
  "energy_qaoa_gibbs_state": -39.56981941510211,
  "energy_qaoa_one_state": -36.99999987574712,
  "energy_value_exact": -42
}