{
  "expected_value_gibbs_state": -26.203371755880312,
  "expected_value_one_state": -27.0,
  "energy_qaoa_gibbs_state": -28.353849313358012,
  "energy_qaoa_one_state": -26.999999818931602,
  "energy_value_exact": -30
}