{
  "expected_value_gibbs_state": -25.263189885291393,
  "expected_value_one_state": -26.0,
  "energy_qaoa_gibbs_state": -27.090769314049467,
  "energy_qaoa_one_state": -26.579722539983077,
  "energy_value_exact": -32
}