{
  "expected_value_gibbs_state": -27.560441202205684,
  "expected_value_one_state": -28.0,
  "energy_qaoa_gibbs_state": -32.872810949541766,
  "energy_qaoa_one_state": -28.40636657245149,
  "energy_value_exact": -35
}