{
  "expected_value_gibbs_state": -27.202502032202936,
  "expected_value_one_state": -28.0,
  "energy_qaoa_gibbs_state": -29.230404442574304,
  "energy_qaoa_one_state": -28.00000000000046,
  "energy_value_exact": -33
}