{
  "expected_value_gibbs_state": -29.308470832618635,
  "expected_value_one_state": -30.0,
  "energy_qaoa_gibbs_state": -34.13232162708425,
  "energy_qaoa_one_state": -29.999999940106772,
  "energy_value_exact": -37
}