{
  "expected_value_gibbs_state": -28.827975739181593,
  "expected_value_one_state": -29.0,
  "energy_qaoa_gibbs_state": -33.30578807333269,
  "energy_qaoa_one_state": -28.999999764716417,
  "energy_value_exact": -37
}