{
  "expected_value_gibbs_state": -27.71058713555456,
  "expected_value_one_state": -28.0,
  "energy_qaoa_gibbs_state": -29.904335784143566,
  "energy_qaoa_one_state": -29.065536367848427,
  "energy_value_exact": -32
}