{
  "expected_value_gibbs_state": -33.881358910889304,
  "expected_value_one_state": -34.0,
  "energy_qaoa_gibbs_state": -37.01608730361171,
  "energy_qaoa_one_state": -33.99999991946209,
  "energy_value_exact": -39
}