{
  "expected_value_gibbs_state": -30.215531975262223,
  "expected_value_one_state": -31.0,
  "energy_qaoa_gibbs_state": -34.273239439934,
  "energy_qaoa_one_state": -30.999999930223385,
  "energy_value_exact": -37
}