{
  "expected_value_gibbs_state": -27.7637714878019,
  "expected_value_one_state": -28.0,
  "energy_qaoa_gibbs_state": -29.17735084879368,
  "energy_qaoa_one_state": -27.999999331547603,
  "energy_value_exact": -30
}