{
  "expected_value_gibbs_state": -30.834455312074958,
  "expected_value_one_state": -31.0,
  "energy_qaoa_gibbs_state": -33.9976539670605,
  "energy_qaoa_one_state": -30.999999720324677,
  "energy_value_exact": -36
}