{
  "expected_value_gibbs_state": -26.46096349669014,
  "expected_value_one_state": -27.0,
  "energy_qaoa_gibbs_state": -30.182048492220062,
  "energy_qaoa_one_state": -27.380646608143095,
  "energy_value_exact": -32
}