{
  "expected_value_gibbs_state": -27.221586181061955,
  "expected_value_one_state": -28.0,
  "energy_qaoa_gibbs_state": -29.017008639569298,
  "energy_qaoa_one_state": -27.999999444925457,
  "energy_value_exact": -30
}