{
  "expected_value_gibbs_state": -26.51962110897464,
  "expected_value_one_state": -27.0,
  "energy_qaoa_gibbs_state": -29.447762481011793,
  "energy_qaoa_one_state": -27.284295556340812,
  "energy_value_exact": -32
}