{
  "expected_value_gibbs_state": -33.442011125788476,
  "expected_value_one_state": -34.0,
  "energy_qaoa_gibbs_state": -36.66403376728846,
  "energy_qaoa_one_state": -33.999999768243555,
  "energy_value_exact": -39
}