{
  "expected_value_gibbs_state": -32.99404239261472,
  "expected_value_one_state": -33.0,
  "energy_qaoa_gibbs_state": -36.727050664197655,
  "energy_qaoa_one_state": -32.9999997084248,
  "energy_value_exact": -39
}