{
  "expected_value_gibbs_state": -26.833241671679318,
  "expected_value_one_state": -27.0,
  "energy_qaoa_gibbs_state": -29.849771184165636,
  "energy_qaoa_one_state": -26.999999393877705,
  "energy_value_exact": -32
}