{
  "expected_value_gibbs_state": -28.969724927537555,
  "expected_value_one_state": -29.0,
  "energy_qaoa_gibbs_state": -32.61409687891533,
  "energy_qaoa_one_state": -28.999999674908437,
  "energy_value_exact": -34
}