{
  "expected_value_gibbs_state": -27.28642930117976,
  "expected_value_one_state": -28.0,
  "energy_qaoa_gibbs_state": -29.10831162985444,
  "energy_qaoa_one_state": -27.99999935609153,
  "energy_value_exact": -30
}