{
  "expected_value_gibbs_state": -33.424469179420996,
  "expected_value_one_state": -34.0,
  "energy_qaoa_gibbs_state": -37.3790871913382,
  "energy_qaoa_one_state": -34.600605251975324,
  "energy_value_exact": -39
}