{
  "expected_value_gibbs_state": -27.83965610650982,
  "expected_value_one_state": -28.0,
  "energy_qaoa_gibbs_state": -30.123313158889275,
  "energy_qaoa_one_state": -27.99999997444021,
  "energy_value_exact": -32
}