{
  "expected_value_gibbs_state": -25.860975116075405,
  "expected_value_one_state": -26.0,
  "energy_qaoa_gibbs_state": -28.965540390039237,
  "energy_qaoa_one_state": -26.53653120431255,
  "energy_value_exact": -31
}