{
  "expected_value_gibbs_state": -25.252876948099825,
  "expected_value_one_state": -26.0,
  "energy_qaoa_gibbs_state": -27.866905442795044,
  "energy_qaoa_one_state": -26.03892909336126,
  "energy_value_exact": -30
}