{
  "expected_value_gibbs_state": -28.832373907717976,
  "expected_value_one_state": -29.0,
  "energy_qaoa_gibbs_state": -30.301541290759822,
  "energy_qaoa_one_state": -29.10677887170933,
  "energy_value_exact": -34
}