{
  "expected_value_gibbs_state": -23.58903479364766,
  "expected_value_one_state": -24.0,
  "energy_qaoa_gibbs_state": -25.81468368355143,
  "energy_qaoa_one_state": -24.000000000000384,
  "energy_value_exact": -30
}