{
  "expected_value_gibbs_state": -27.11191811550033,
  "expected_value_one_state": -28.0,
  "energy_qaoa_gibbs_state": -30.193334430685784,
  "energy_qaoa_one_state": -27.99999924297863,
  "energy_value_exact": -32
}