{
  "expected_value_gibbs_state": -26.492159632986162,
  "expected_value_one_state": -27.0,
  "energy_qaoa_gibbs_state": -29.342544093412478,
  "energy_qaoa_one_state": -26.999999596993153,
  "energy_value_exact": -31
}