{
  "expected_value_gibbs_state": -34.58651602358868,
  "expected_value_one_state": -35.0,
  "energy_qaoa_gibbs_state": -37.98936277987933,
  "energy_qaoa_one_state": -34.99999975114613,
  "energy_value_exact": -40
}