{
  "expected_value_gibbs_state": -26.573173137480715,
  "expected_value_one_state": -27.0,
  "energy_qaoa_gibbs_state": -28.127704769704756,
  "energy_qaoa_one_state": -27.20813756010569,
  "energy_value_exact": -32
}