{
  "expected_value_gibbs_state": -24.039282402078943,
  "expected_value_one_state": -25.0,
  "energy_qaoa_gibbs_state": -27.284204101172293,
  "energy_qaoa_one_state": -25.00000025530365,
  "energy_value_exact": -31
}