{
  "expected_value_gibbs_state": -34.222168022038936,
  "expected_value_one_state": -35.0,
  "energy_qaoa_gibbs_state": -38.51471501906515,
  "energy_qaoa_one_state": -34.999999626292386,
  "energy_value_exact": -42
}