{
  "expected_value_gibbs_state": -36.50849762707827,
  "expected_value_one_state": -37.0,
  "energy_qaoa_gibbs_state": -37.94199326400547,
  "energy_qaoa_one_state": -36.999999615015,
  "energy_value_exact": -39
}