{
  "expected_value_gibbs_state": -24.08939632696089,
  "expected_value_one_state": -25.0,
  "energy_qaoa_gibbs_state": -27.36582358063592,
  "energy_qaoa_one_state": -24.59112937005597,
  "energy_value_exact": -29
}