{
  "expected_value_gibbs_state": -35.714327796224396,
  "expected_value_one_state": -36.0,
  "energy_qaoa_gibbs_state": -36.95197186702802,
  "energy_qaoa_one_state": -35.99999937884042,
  "energy_value_exact": -38
}