{
  "expected_value_gibbs_state": -28.815118565435952,
  "expected_value_one_state": -29.0,
  "energy_qaoa_gibbs_state": -30.31798522592141,
  "energy_qaoa_one_state": -28.99999994506878,
  "energy_value_exact": -32
}