{
  "expected_value_gibbs_state": -29.52301484029329,
  "expected_value_one_state": -30.0,
  "energy_qaoa_gibbs_state": -34.02212336454362,
  "energy_qaoa_one_state": -29.999999835493124,
  "energy_value_exact": -36
}