{
  "expected_value_gibbs_state": -27.235377845491932,
  "expected_value_one_state": -28.0,
  "energy_qaoa_gibbs_state": -28.72036370827263,
  "energy_qaoa_one_state": -28.000000000000536,
  "energy_value_exact": -33
}