{
  "expected_value_gibbs_state": -27.79566311031856,
  "expected_value_one_state": -28.0,
  "energy_qaoa_gibbs_state": -30.21906869212388,
  "energy_qaoa_one_state": -27.99999953725458,
  "energy_value_exact": -32
}