{
  "expected_value_gibbs_state": -29.423067834344277,
  "expected_value_one_state": -30.0,
  "energy_qaoa_gibbs_state": -32.1791463034331,
  "energy_qaoa_one_state": -29.99999950711845,
  "energy_value_exact": -34
}