{
  "expected_value_gibbs_state": -33.54007743447394,
  "expected_value_one_state": -34.0,
  "energy_qaoa_gibbs_state": -36.841956735707114,
  "energy_qaoa_one_state": -33.99999986906706,
  "energy_value_exact": -40
}