{
  "expected_value_gibbs_state": -26.394694169236605,
  "expected_value_one_state": -27.0,
  "energy_qaoa_gibbs_state": -27.616721036869947,
  "energy_qaoa_one_state": -27.702871161801376,
  "energy_value_exact": -33
}