{
  "expected_value_gibbs_state": -24.744853635251392,
  "expected_value_hadamard_state": -19.500019499935355,
  "energy_qaoa_gibbs_state": -25.665423614132546,
  "energy_qaoa_hadamard_state": -24.248133021218393,
  "energy_value_exact": -28
}