{
  "expected_value_gibbs_state": -31.386498135853014,
  "expected_value_hadamard_state": -24.000023999883954,
  "energy_qaoa_gibbs_state": -31.556673893613013,
  "energy_qaoa_hadamard_state": -27.78179731087362,
  "energy_value_exact": -32
}