{
  "expected_value_gibbs_state": -24.035216230820176,
  "expected_value_hadamard_state": -21.500021499920564,
  "energy_qaoa_gibbs_state": -25.40973993927108,
  "energy_qaoa_hadamard_state": -23.943750872936867,
  "energy_value_exact": -31
}