{
  "expected_value_gibbs_state": -29.14916440606425,
  "expected_value_hadamard_state": -23.000022999887307,
  "energy_qaoa_gibbs_state": -29.469386448571342,
  "energy_qaoa_hadamard_state": -26.667426582125742,
  "energy_value_exact": -30
}