{
  "expected_value_gibbs_state": -27.388045013023003,
  "expected_value_hadamard_state": -25.000024999859153,
  "energy_qaoa_gibbs_state": -28.82688179232259,
  "energy_qaoa_hadamard_state": -26.436188966705387,
  "energy_value_exact": -33
}