{
  "expected_value_gibbs_state": -26.957903550411743,
  "expected_value_hadamard_state": -23.500023499881816,
  "energy_qaoa_gibbs_state": -28.223403526425614,
  "energy_qaoa_hadamard_state": -27.566600211185147,
  "energy_value_exact": -31
}