{
  "expected_value_gibbs_state": -28.039187605882518,
  "expected_value_hadamard_state": -21.00002099992198,
  "energy_qaoa_gibbs_state": -28.0535136663161,
  "energy_qaoa_hadamard_state": -25.197515377465752,
  "energy_value_exact": -29
}