{
  "expected_value_gibbs_state": -26.759121231560737,
  "expected_value_hadamard_state": -23.000022999893293,
  "energy_qaoa_gibbs_state": -27.674271818448965,
  "energy_qaoa_hadamard_state": -26.163073621699745,
  "energy_value_exact": -30
}