{
  "expected_value_gibbs_state": -26.33345476897306,
  "expected_value_hadamard_state": -24.000023999876507,
  "energy_qaoa_gibbs_state": -27.719740723918896,
  "energy_qaoa_hadamard_state": -27.007765396062837,
  "energy_value_exact": -30
}