{
  "expected_value_gibbs_state": -18.399832767689567,
  "expected_value_hadamard_state": -15.500015499967159,
  "energy_qaoa_gibbs_state": -20.966962860465664,
  "energy_qaoa_hadamard_state": -20.597887330544495,
  "energy_value_exact": -23
}