{
  "expected_value_gibbs_state": -20.349570406398716,
  "expected_value_hadamard_state": -17.00001699995935,
  "energy_qaoa_gibbs_state": -23.122978831605526,
  "energy_qaoa_hadamard_state": -19.90268316743211,
  "energy_value_exact": -27
}