{
  "expected_value_gibbs_state": -30.91180994945381,
  "expected_value_hadamard_state": -23.500023499884804,
  "energy_qaoa_gibbs_state": -30.931124839560212,
  "energy_qaoa_hadamard_state": -26.900706374502455,
  "energy_value_exact": -31
}