{
  "expected_value_gibbs_state": -33.97469619851213,
  "expected_value_hadamard_state": -25.500025499856424,
  "energy_qaoa_gibbs_state": -33.9766958575826,
  "energy_qaoa_hadamard_state": -26.51728468693789,
  "energy_value_exact": -34
}