{
  "expected_value_gibbs_state": -21.953868639950727,
  "expected_value_hadamard_state": -17.000016999957808,
  "energy_qaoa_gibbs_state": -23.08173339381925,
  "energy_qaoa_hadamard_state": -20.6341127771067,
  "energy_value_exact": -24
}