{
  "expected_value_gibbs_state": -29.97408142903651,
  "expected_value_hadamard_state": -24.00002399987491,
  "energy_qaoa_gibbs_state": -29.980367265010145,
  "energy_qaoa_hadamard_state": -27.45378124368134,
  "energy_value_exact": -30
}