{
  "expected_value_gibbs_state": -17.956101874009548,
  "expected_value_hadamard_state": -14.000013999973213,
  "energy_qaoa_gibbs_state": -18.94530869656424,
  "energy_qaoa_hadamard_state": -17.630983557810566,
  "energy_value_exact": -20
}