{
  "expected_value_gibbs_state": -27.577663682791403,
  "expected_value_hadamard_state": -25.00002499985615,
  "energy_qaoa_gibbs_state": -28.314695396464707,
  "energy_qaoa_hadamard_state": -27.04774698579854,
  "energy_value_exact": -32
}