{
  "expected_value_gibbs_state": -18.421062786662766,
  "expected_value_hadamard_state": -14.000013999977718,
  "energy_qaoa_gibbs_state": -18.69894601344017,
  "energy_qaoa_hadamard_state": -17.944486561418856,
  "energy_value_exact": -21
}