{
  "expected_value_gibbs_state": -28.206552111851096,
  "expected_value_hadamard_state": -25.500025499850423,
  "energy_qaoa_gibbs_state": -29.331619996046435,
  "energy_qaoa_hadamard_state": -27.777179685305725,
  "energy_value_exact": -33
}