{
  "expected_value_gibbs_state": -20.156900197086557,
  "expected_value_hadamard_state": -18.000017999943744,
  "energy_qaoa_gibbs_state": -21.33947460004375,
  "energy_qaoa_hadamard_state": -22.27514118995044,
  "energy_value_exact": -25
}