{
  "expected_value_gibbs_state": -26.673542718486537,
  "expected_value_hadamard_state": -23.00002299988574,
  "energy_qaoa_gibbs_state": -27.435096307292252,
  "energy_qaoa_hadamard_state": -25.87212365053146,
  "energy_value_exact": -30
}