{
  "expected_value_gibbs_state": -25.506834173501147,
  "expected_value_hadamard_state": -22.00002199989189,
  "energy_qaoa_gibbs_state": -27.186753861988528,
  "energy_qaoa_hadamard_state": -24.806778008475224,
  "energy_value_exact": -29
}