{
  "expected_value_gibbs_state": -30.978456642439827,
  "expected_value_hadamard_state": -23.50002349988333,
  "energy_qaoa_gibbs_state": -30.979914261953827,
  "energy_qaoa_hadamard_state": -27.021245417828005,
  "energy_value_exact": -31
}