{
  "expected_value_gibbs_state": -29.316493044820763,
  "expected_value_hadamard_state": -24.00002399987343,
  "energy_qaoa_gibbs_state": -29.587458464782472,
  "energy_qaoa_hadamard_state": -26.316073957115,
  "energy_value_exact": -30
}