{
  "expected_value_gibbs_state": -23.43924526662823,
  "expected_value_hadamard_state": -18.000017999951197,
  "energy_qaoa_gibbs_state": -24.670614256632213,
  "energy_qaoa_hadamard_state": -21.26586245481443,
  "energy_value_exact": -26
}