{
  "expected_value_gibbs_state": -25.857217825062047,
  "expected_value_hadamard_state": -23.50002349988339,
  "energy_qaoa_gibbs_state": -26.392092012514702,
  "energy_qaoa_hadamard_state": -25.777271035060345,
  "energy_value_exact": -31
}