{
  "expected_value_gibbs_state": -31.27291287909551,
  "expected_value_hadamard_state": -25.000024999863577,
  "energy_qaoa_gibbs_state": -31.521232813722886,
  "energy_qaoa_hadamard_state": -27.379712464743754,
  "energy_value_exact": -32
}