{
  "expected_value_gibbs_state": -24.817242815822652,
  "expected_value_hadamard_state": -22.50002249989578,
  "energy_qaoa_gibbs_state": -25.475391350197622,
  "energy_qaoa_hadamard_state": -25.509277877496046,
  "energy_value_exact": -29
}