{
  "expected_value_gibbs_state": -26.489956409545826,
  "expected_value_hadamard_state": -22.000021999914384,
  "energy_qaoa_gibbs_state": -28.903383837002625,
  "energy_qaoa_hadamard_state": -27.464172215627343,
  "energy_value_exact": -31
}