{
  "expected_value_gibbs_state": -29.03868690829605,
  "expected_value_hadamard_state": -23.000022999878297,
  "energy_qaoa_gibbs_state": -29.410604265510642,
  "energy_qaoa_hadamard_state": -25.46889396189688,
  "energy_value_exact": -30
}