{
  "expected_value_gibbs_state": -17.634832518580474,
  "expected_value_hadamard_state": -15.000014999966679,
  "energy_qaoa_gibbs_state": -19.87244137948887,
  "energy_qaoa_hadamard_state": -18.01604211624684,
  "energy_value_exact": -23
}