{
  "expected_value_gibbs_state": -27.90672142732412,
  "expected_value_hadamard_state": -25.50002549985194,
  "energy_qaoa_gibbs_state": -28.560210799513186,
  "energy_qaoa_hadamard_state": -26.483741427215485,
  "energy_value_exact": -33
}