{
  "expected_value_gibbs_state": -27.031520177226003,
  "expected_value_hadamard_state": -23.500023499881905,
  "energy_qaoa_gibbs_state": -28.365250247861315,
  "energy_qaoa_hadamard_state": -26.257419254410493,
  "energy_value_exact": -30
}