{
  "expected_value_gibbs_state": -27.37484708551196,
  "expected_value_hadamard_state": -21.500021499910023,
  "energy_qaoa_gibbs_state": -27.700344234814853,
  "energy_qaoa_hadamard_state": -23.607977400353057,
  "energy_value_exact": -28
}