{
  "expected_value_gibbs_state": -24.348912203492308,
  "expected_value_hadamard_state": -19.500019499935384,
  "energy_qaoa_gibbs_state": -25.687025319144123,
  "energy_qaoa_hadamard_state": -23.27181920798401,
  "energy_value_exact": -27
}