{
  "expected_value_gibbs_state": -25.46560041642958,
  "expected_value_hadamard_state": -20.500020499926258,
  "energy_qaoa_gibbs_state": -27.057478547327417,
  "energy_qaoa_hadamard_state": -23.38460837357608,
  "energy_value_exact": -28
}