{
  "expected_value_gibbs_state": -25.46320736917156,
  "expected_value_hadamard_state": -23.000022999894828,
  "energy_qaoa_gibbs_state": -26.567872502649323,
  "energy_qaoa_hadamard_state": -27.58489106118255,
  "energy_value_exact": -31
}