{
  "expected_value_gibbs_state": -15.675556069291876,
  "expected_value_hadamard_state": -13.000012999985445,
  "energy_qaoa_gibbs_state": -17.61876631976459,
  "energy_qaoa_hadamard_state": -17.145921516052404,
  "energy_value_exact": -21
}