{
  "expected_value_gibbs_state": -29.348107540546707,
  "expected_value_hadamard_state": -24.000023999865967,
  "energy_qaoa_gibbs_state": -29.638926259035888,
  "energy_qaoa_hadamard_state": -26.761200940790282,
  "energy_value_exact": -30
}