{
  "expected_value_gibbs_state": -19.734940272186332,
  "expected_value_hadamard_state": -17.00001699995033,
  "energy_qaoa_gibbs_state": -21.14828447678324,
  "energy_qaoa_hadamard_state": -20.68279833477871,
  "energy_value_exact": -24
}