{
  "expected_value_gibbs_state": -27.249264850114077,
  "expected_value_hadamard_state": -21.50002149990701,
  "energy_qaoa_gibbs_state": -27.469388938478627,
  "energy_qaoa_hadamard_state": -25.30214658392444,
  "energy_value_exact": -28
}