{
  "expected_value_gibbs_state": -26.175458070759895,
  "expected_value_hadamard_state": -23.500023499881888,
  "energy_qaoa_gibbs_state": -26.851941308477592,
  "energy_qaoa_hadamard_state": -26.606937242375103,
  "energy_value_exact": -32
}