{
  "expected_value_gibbs_state": -21.09636984019763,
  "expected_value_hadamard_state": -18.000017999946692,
  "energy_qaoa_gibbs_state": -23.00522122208278,
  "energy_qaoa_hadamard_state": -22.343438232344404,
  "energy_value_exact": -27
}