{
  "expected_value_gibbs_state": -20.58690131619314,
  "expected_value_hadamard_state": -16.000015999964567,
  "energy_qaoa_gibbs_state": -21.78486125443255,
  "energy_qaoa_hadamard_state": -20.09165311993752,
  "energy_value_exact": -23
}