{
  "expected_value_gibbs_state": -28.18919677664518,
  "expected_value_hadamard_state": -25.50002549985042,
  "energy_qaoa_gibbs_state": -29.516568129344563,
  "energy_qaoa_hadamard_state": -27.712955175245146,
  "energy_value_exact": -33
}