{
  "expected_value_gibbs_state": -23.73163042741233,
  "expected_value_hadamard_state": -16.50001649996886,
  "energy_qaoa_gibbs_state": -25.183664131818595,
  "energy_qaoa_hadamard_state": -22.408846466353516,
  "energy_value_exact": -26
}