{
  "expected_value_gibbs_state": -29.921668611471343,
  "expected_value_hadamard_state": -21.50002149991455,
  "energy_qaoa_gibbs_state": -29.926543450998327,
  "energy_qaoa_hadamard_state": -23.543561751379823,
  "energy_value_exact": -30
}