{
  "expected_value_gibbs_state": -27.198857293610647,
  "expected_value_hadamard_state": -21.000020999920526,
  "energy_qaoa_gibbs_state": -27.449197078043568,
  "energy_qaoa_hadamard_state": -23.968999610684413,
  "energy_value_exact": -28
}