{
  "expected_value_gibbs_state": -27.12145569953635,
  "expected_value_hadamard_state": -23.500023499880353,
  "energy_qaoa_gibbs_state": -27.499957044976448,
  "energy_qaoa_hadamard_state": -25.33064513608501,
  "energy_value_exact": -31
}