{
  "expected_value_gibbs_state": -26.94797727721331,
  "expected_value_hadamard_state": -20.00001999992387,
  "energy_qaoa_gibbs_state": -26.962268430158385,
  "energy_qaoa_hadamard_state": -23.82049477081437,
  "energy_value_exact": -27
}