{
  "expected_value_gibbs_state": -26.097676476515744,
  "expected_value_hadamard_state": -23.50002349988183,
  "energy_qaoa_gibbs_state": -27.613614758017903,
  "energy_qaoa_hadamard_state": -26.107192067155253,
  "energy_value_exact": -30
}