{
  "expected_value_gibbs_state": -27.112696025232847,
  "expected_value_hadamard_state": -20.500020499924823,
  "energy_qaoa_gibbs_state": -27.35480490856331,
  "energy_qaoa_hadamard_state": -23.892931027789757,
  "energy_value_exact": -28
}