{
  "expected_value_gibbs_state": -30.913592247258663,
  "expected_value_hadamard_state": -21.000020999929433,
  "energy_qaoa_gibbs_state": -30.97781238772881,
  "energy_qaoa_hadamard_state": -27.938019172319777,
  "energy_value_exact": -31
}