{
  "expected_value_gibbs_state": -27.2390734607005,
  "expected_value_hadamard_state": -23.50002349988191,
  "energy_qaoa_gibbs_state": -28.36918980029958,
  "energy_qaoa_hadamard_state": -27.98515150486903,
  "energy_value_exact": -31
}