{
  "expected_value_gibbs_state": -26.731428999695844,
  "expected_value_hadamard_state": -24.000023999879456,
  "energy_qaoa_gibbs_state": -29.132091606543774,
  "energy_qaoa_hadamard_state": -26.545267309475765,
  "energy_value_exact": -32
}