{
  "expected_value_gibbs_state": -17.948580665531505,
  "expected_value_hadamard_state": -13.50001349998008,
  "energy_qaoa_gibbs_state": -18.60816816288728,
  "energy_qaoa_hadamard_state": -18.09361699561216,
  "energy_value_exact": -20
}