{
  "expected_value_gibbs_state": -24.697852791561424,
  "expected_value_hadamard_state": -18.000017999955702,
  "energy_qaoa_gibbs_state": -25.466485076577072,
  "energy_qaoa_hadamard_state": -21.380273051864712,
  "energy_value_exact": -27
}