{
  "expected_value_gibbs_state": -24.653537487821776,
  "expected_value_hadamard_state": -22.00002199989943,
  "energy_qaoa_gibbs_state": -27.132127904056468,
  "energy_qaoa_hadamard_state": -26.277558086497677,
  "energy_value_exact": -30
}