{
  "expected_value_gibbs_state": -26.8233969267344,
  "expected_value_hadamard_state": -24.500024499865706,
  "energy_qaoa_gibbs_state": -27.68673022264553,
  "energy_qaoa_hadamard_state": -28.66257146280806,
  "energy_value_exact": -31
}