{
  "expected_value_gibbs_state": -19.913100007314227,
  "expected_value_hadamard_state": -17.00001699995788,
  "energy_qaoa_gibbs_state": -22.440925561147655,
  "energy_qaoa_hadamard_state": -20.456255231021146,
  "energy_value_exact": -24
}