{
  "expected_value_gibbs_state": -27.895683376889934,
  "expected_value_hadamard_state": -25.500025499851976,
  "energy_qaoa_gibbs_state": -29.662480803185165,
  "energy_qaoa_hadamard_state": -28.280613676519955,
  "energy_value_exact": -33
}