{
  "expected_value_gibbs_state": -25.827458386716856,
  "expected_value_hadamard_state": -23.500023499877262,
  "energy_qaoa_gibbs_state": -26.98871197049006,
  "energy_qaoa_hadamard_state": -27.179102763922224,
  "energy_value_exact": -31
}