{
  "expected_value_gibbs_state": -26.18805682712867,
  "expected_value_hadamard_state": -23.50002349988334,
  "energy_qaoa_gibbs_state": -27.43962698029705,
  "energy_qaoa_hadamard_state": -25.815131729410865,
  "energy_value_exact": -31
}