{
  "expected_value_gibbs_state": -20.38888838775946,
  "expected_value_hadamard_state": -15.500015499973165,
  "energy_qaoa_gibbs_state": -21.116902378903042,
  "energy_qaoa_hadamard_state": -20.90273484928162,
  "energy_value_exact": -23
}