{
  "expected_value_gibbs_state": -22.806574079059917,
  "expected_value_hadamard_state": -20.50002049992323,
  "energy_qaoa_gibbs_state": -25.620041496155572,
  "energy_qaoa_hadamard_state": -23.910987614593942,
  "energy_value_exact": -28
}