{
  "expected_value_gibbs_state": -20.94477418792409,
  "expected_value_hadamard_state": -15.500015499973138,
  "energy_qaoa_gibbs_state": -21.678382816645758,
  "energy_qaoa_hadamard_state": -19.981074426387536,
  "energy_value_exact": -23
}