{
  "expected_value_gibbs_state": -27.325358863834317,
  "expected_value_hadamard_state": -21.000020999917922,
  "energy_qaoa_gibbs_state": -27.474080617413733,
  "energy_qaoa_hadamard_state": -25.420640520208885,
  "energy_value_exact": -28
}