{
  "expected_value_gibbs_state": -23.83945239886951,
  "expected_value_hadamard_state": -21.500021499910016,
  "energy_qaoa_gibbs_state": -24.77229415551639,
  "energy_qaoa_hadamard_state": -26.364724702839993,
  "energy_value_exact": -29
}