{
  "expected_value_gibbs_state": -30.847756309034143,
  "expected_value_hadamard_state": -22.50002249990933,
  "energy_qaoa_gibbs_state": -30.86547590642715,
  "energy_qaoa_hadamard_state": -26.142565409392656,
  "energy_value_exact": -31
}