{
  "expected_value_gibbs_state": -27.57487541017663,
  "expected_value_hadamard_state": -21.000020999918974,
  "energy_qaoa_gibbs_state": -27.36987613383004,
  "energy_qaoa_hadamard_state": -23.345069448529333,
  "energy_value_exact": -28
}