{
  "expected_value_gibbs_state": -17.582179221743107,
  "expected_value_hadamard_state": -15.000014999960667,
  "energy_qaoa_gibbs_state": -18.802205950191304,
  "energy_qaoa_hadamard_state": -20.132172125180333,
  "energy_value_exact": -22
}