{
  "expected_value_gibbs_state": -38.9708680497335,
  "expected_value_hadamard_state": -35.00003499975173,
  "energy_qaoa_gibbs_state": -41.256898171167876,
  "energy_qaoa_hadamard_state": -36.799645012659795,
  "energy_value_exact": -45.0
}