{
  "expected_value_gibbs_state": -37.5635475377356,
  "expected_value_hadamard_state": -34.50003449976421,
  "energy_qaoa_gibbs_state": -39.14334979549726,
  "energy_qaoa_hadamard_state": -36.794268534379924,
  "energy_value_exact": -43.0
}