{
  "expected_value_gibbs_state": -41.91663236353215,
  "expected_value_hadamard_state": -33.00003299980113,
  "energy_qaoa_gibbs_state": -42.00627778275896,
  "energy_qaoa_hadamard_state": -36.13778506134376,
  "energy_value_exact": -43.0
}