{
  "expected_value_gibbs_state": -33.91874483787469,
  "expected_value_hadamard_state": -29.000028999859637,
  "energy_qaoa_gibbs_state": -34.00637495978929,
  "energy_qaoa_hadamard_state": -32.02787775953736,
  "energy_value_exact": -38.0
}