{
  "expected_value_gibbs_state": -34.68015785014305,
  "expected_value_hadamard_state": -30.500030499839728,
  "energy_qaoa_gibbs_state": -37.206676837836525,
  "energy_qaoa_hadamard_state": -34.623999081395894,
  "energy_value_exact": -40.0
}