{
  "expected_value_gibbs_state": -42.107118155143915,
  "expected_value_hadamard_state": -36.50003649971069,
  "energy_qaoa_gibbs_state": -43.361073173453725,
  "energy_qaoa_hadamard_state": -39.81793358327171,
  "energy_value_exact": -45.0
}