{
  "expected_value_gibbs_state": -34.95668044110611,
  "expected_value_hadamard_state": -31.0000309998205,
  "energy_qaoa_gibbs_state": -35.725978937536965,
  "energy_qaoa_hadamard_state": -34.81060118309991,
  "energy_value_exact": -40.0
}