{
  "expected_value_gibbs_state": -39.926019796905734,
  "expected_value_hadamard_state": -36.000035999730756,
  "energy_qaoa_gibbs_state": -42.32706892712985,
  "energy_qaoa_hadamard_state": -38.812918793430015,
  "energy_value_exact": -45.0
}