{
  "expected_value_gibbs_state": -37.67060684005413,
  "expected_value_hadamard_state": -32.50003249980997,
  "energy_qaoa_gibbs_state": -37.762391606951574,
  "energy_qaoa_hadamard_state": -35.47441204508863,
  "energy_value_exact": -43.0
}