{
  "expected_value_gibbs_state": -39.252000747510785,
  "expected_value_hadamard_state": -30.500030499836384,
  "energy_qaoa_gibbs_state": -38.70868358093852,
  "energy_qaoa_hadamard_state": -37.31871349922628,
  "energy_value_exact": -40.0
}