{
  "expected_value_gibbs_state": -34.18384044700241,
  "expected_value_hadamard_state": -31.00003099984125,
  "energy_qaoa_gibbs_state": -36.33466786806261,
  "energy_qaoa_hadamard_state": -35.54839504240252,
  "energy_value_exact": -41.0
}