{
  "expected_value_gibbs_state": -38.5110125732094,
  "expected_value_hadamard_state": -34.00003399976967,
  "energy_qaoa_gibbs_state": -39.271139921359676,
  "energy_qaoa_hadamard_state": -36.364428803128234,
  "energy_value_exact": -42.0
}