{
  "expected_value_gibbs_state": -38.41281726082775,
  "expected_value_hadamard_state": -33.50003349978572,
  "energy_qaoa_gibbs_state": -39.039051303057676,
  "energy_qaoa_hadamard_state": -37.62406681729267,
  "energy_value_exact": -43.0
}