{
  "expected_value_gibbs_state": -39.705276812468966,
  "expected_value_hadamard_state": -32.500032499816136,
  "energy_qaoa_gibbs_state": -40.620163337860035,
  "energy_qaoa_hadamard_state": -37.31104859302505,
  "energy_value_exact": -43.0
}