{
  "expected_value_gibbs_state": -39.081513179504924,
  "expected_value_hadamard_state": -32.50003249981165,
  "energy_qaoa_gibbs_state": -39.410841519255044,
  "energy_qaoa_hadamard_state": -35.56435376115172,
  "energy_value_exact": -42.0
}