{
  "expected_value_gibbs_state": -38.156521763727646,
  "expected_value_hadamard_state": -29.500029499866624,
  "energy_qaoa_gibbs_state": -38.40681638433696,
  "energy_qaoa_hadamard_state": -35.401064506570165,
  "energy_value_exact": -39.0
}