{
  "expected_value_gibbs_state": -34.36251221971845,
  "expected_value_hadamard_state": -31.000030999825086,
  "energy_qaoa_gibbs_state": -35.44330569615294,
  "energy_qaoa_hadamard_state": -34.595899742105,
  "energy_value_exact": -40.0
}