{
  "expected_value_gibbs_state": -36.08684841734379,
  "expected_value_hadamard_state": -33.00003299978642,
  "energy_qaoa_gibbs_state": -39.769106477554146,
  "energy_qaoa_hadamard_state": -36.942129087422245,
  "energy_value_exact": -44.0
}