{
  "expected_value_gibbs_state": -39.93423081065386,
  "expected_value_hadamard_state": -32.50003249981326,
  "energy_qaoa_gibbs_state": -40.67690323482586,
  "energy_qaoa_hadamard_state": -34.70765349752067,
  "energy_value_exact": -43.0
}