{
  "expected_value_gibbs_state": -35.140934531354645,
  "expected_value_hadamard_state": -29.5000294998652,
  "energy_qaoa_gibbs_state": -35.24854274801045,
  "energy_qaoa_hadamard_state": -33.5356929332804,
  "energy_value_exact": -39.0
}