{
  "expected_value_gibbs_state": -39.93654062563521,
  "expected_value_hadamard_state": -30.00002999984786,
  "energy_qaoa_gibbs_state": -39.954157243470675,
  "energy_qaoa_hadamard_state": -34.224134973077796,
  "energy_value_exact": -40.0
}