{
  "expected_value_gibbs_state": -33.59424696258514,
  "expected_value_hadamard_state": -28.000027999878203,
  "energy_qaoa_gibbs_state": -35.94505569176382,
  "energy_qaoa_hadamard_state": -33.230184191888554,
  "energy_value_exact": -39.0
}