{
  "expected_value_gibbs_state": -40.979904023984766,
  "expected_value_hadamard_state": -30.000029999850945,
  "energy_qaoa_gibbs_state": -40.98200565799023,
  "energy_qaoa_hadamard_state": -34.238161074075684,
  "energy_value_exact": -41.0
}