{
  "expected_value_gibbs_state": -41.95042636856635,
  "expected_value_hadamard_state": -31.50003149982909,
  "energy_qaoa_gibbs_state": -41.95629010575782,
  "energy_qaoa_hadamard_state": -34.11688572218354,
  "energy_value_exact": -42.0
}