{
  "expected_value_gibbs_state": -34.94104300389485,
  "expected_value_hadamard_state": -32.0000319997969,
  "energy_qaoa_gibbs_state": -36.12635727604055,
  "energy_qaoa_hadamard_state": -36.61543443653671,
  "energy_value_exact": -40.0
}