{
  "expected_value_gibbs_state": -33.704756304568456,
  "expected_value_hadamard_state": -30.000029999853954,
  "energy_qaoa_gibbs_state": -34.73616128054309,
  "energy_qaoa_hadamard_state": -33.847697562350135,
  "energy_value_exact": -40.0
}