{
  "expected_value_gibbs_state": -34.44630475125887,
  "expected_value_hadamard_state": -31.500031499817034,
  "energy_qaoa_gibbs_state": -35.012772161345524,
  "energy_qaoa_hadamard_state": -34.18648695756879,
  "energy_value_exact": -40.0
}