{
  "expected_value_gibbs_state": -36.885523588287825,
  "expected_value_hadamard_state": -31.000030999830887,
  "energy_qaoa_gibbs_state": -37.67749672124802,
  "energy_qaoa_hadamard_state": -36.85853708082338,
  "energy_value_exact": -40.0
}