{
  "expected_value_gibbs_state": -34.95424241335939,
  "expected_value_hadamard_state": -31.000030999830898,
  "energy_qaoa_gibbs_state": -37.72788372083268,
  "energy_qaoa_hadamard_state": -35.449539606164166,
  "energy_value_exact": -40.0
}