{
  "expected_value_gibbs_state": -42.87763949388095,
  "expected_value_hadamard_state": -35.00003499975618,
  "energy_qaoa_gibbs_state": -42.136501850644095,
  "energy_qaoa_hadamard_state": -38.509231620691466,
  "energy_value_exact": -44.0
}