{
  "expected_value_gibbs_state": -34.811310298147625,
  "expected_value_hadamard_state": -27.50002749988248,
  "energy_qaoa_gibbs_state": -36.44035789911399,
  "energy_qaoa_hadamard_state": -31.596985083582993,
  "energy_value_exact": -38.0
}