{
  "expected_value_gibbs_state": -37.486164900310484,
  "expected_value_hadamard_state": -34.000033999770984,
  "energy_qaoa_gibbs_state": -37.75482526286781,
  "energy_qaoa_hadamard_state": -39.495037494414696,
  "energy_value_exact": -44.0
}