{
  "expected_value_gibbs_state": -38.78062837170589,
  "expected_value_hadamard_state": -29.500029499860624,
  "energy_qaoa_gibbs_state": -38.79289911158097,
  "energy_qaoa_hadamard_state": -33.785820645669055,
  "energy_value_exact": -39.0
}