{
  "expected_value_gibbs_state": -35.323305914407946,
  "expected_value_hadamard_state": -31.00003099983983,
  "energy_qaoa_gibbs_state": -38.298204631659374,
  "energy_qaoa_hadamard_state": -33.98249200252451,
  "energy_value_exact": -41.0
}