{
  "expected_value_gibbs_state": -40.61561214764906,
  "expected_value_hadamard_state": -34.00003399978452,
  "energy_qaoa_gibbs_state": -41.30455749678934,
  "energy_qaoa_hadamard_state": -36.78392346733128,
  "energy_value_exact": -44.0
}