{
  "expected_value_gibbs_state": -35.05369899180888,
  "expected_value_hadamard_state": -31.000030999827985,
  "energy_qaoa_gibbs_state": -37.78254802196726,
  "energy_qaoa_hadamard_state": -34.46644470751913,
  "energy_value_exact": -40.0
}