{
  "expected_value_gibbs_state": -38.69490544010681,
  "expected_value_hadamard_state": -32.50003249981167,
  "energy_qaoa_gibbs_state": -39.88414295738268,
  "energy_qaoa_hadamard_state": -36.661983118812614,
  "energy_value_exact": -42.0
}