{
  "expected_value_gibbs_state": -35.00578538872344,
  "expected_value_hadamard_state": -32.00003199980118,
  "energy_qaoa_gibbs_state": -35.62496498551097,
  "energy_qaoa_hadamard_state": -35.21473282686293,
  "energy_value_exact": -41.0
}