{
  "expected_value_gibbs_state": -37.05258361133765,
  "expected_value_hadamard_state": -32.50003249979199,
  "energy_qaoa_gibbs_state": -38.85349445407511,
  "energy_qaoa_hadamard_state": -37.183635002960415,
  "energy_value_exact": -41.0
}