{
  "expected_value_gibbs_state": -42.441613928921974,
  "expected_value_hadamard_state": -36.50003649971059,
  "energy_qaoa_gibbs_state": -43.47321927841557,
  "energy_qaoa_hadamard_state": -39.645398698708306,
  "energy_value_exact": -45.0
}