{
  "expected_value_gibbs_state": -37.66106332774452,
  "expected_value_hadamard_state": -34.500034499771225,
  "energy_qaoa_gibbs_state": -39.431227167793395,
  "energy_qaoa_hadamard_state": -36.54628358599774,
  "energy_value_exact": -44.0
}