{
  "expected_value_gibbs_state": -38.90152524577933,
  "expected_value_hadamard_state": -32.50003249980857,
  "energy_qaoa_gibbs_state": -39.457029100654786,
  "energy_qaoa_hadamard_state": -36.688487671281926,
  "energy_value_exact": -42.0
}