{
  "expected_value_gibbs_state": -33.1938086886074,
  "expected_value_hadamard_state": -30.000029999852217,
  "energy_qaoa_gibbs_state": -37.62921058255267,
  "energy_qaoa_hadamard_state": -37.08927604676221,
  "energy_value_exact": -40.0
}