{
  "expected_value_gibbs_state": -34.0318518231823,
  "expected_value_hadamard_state": -31.00003099982515,
  "energy_qaoa_gibbs_state": -36.46434782860727,
  "energy_qaoa_hadamard_state": -34.83009814207397,
  "energy_value_exact": -41.0
}