{
  "expected_value_gibbs_state": -36.65342243587699,
  "expected_value_hadamard_state": -32.000031999812,
  "energy_qaoa_gibbs_state": -36.78095288474411,
  "energy_qaoa_hadamard_state": -34.37810041200192,
  "energy_value_exact": -40.0
}