{
  "expected_value_gibbs_state": -36.53503826776746,
  "expected_value_hadamard_state": -33.50003349978384,
  "energy_qaoa_gibbs_state": -39.27534481881741,
  "energy_qaoa_hadamard_state": -36.98289638471411,
  "energy_value_exact": -43.0
}