{
  "expected_value_gibbs_state": -41.52802154734466,
  "expected_value_hadamard_state": -35.500035499742104,
  "energy_qaoa_gibbs_state": -41.76270229057182,
  "energy_qaoa_hadamard_state": -39.61316197248818,
  "energy_value_exact": -45.0
}