{
  "expected_value_gibbs_state": -34.07141818716581,
  "expected_value_hadamard_state": -31.000030999827747,
  "energy_qaoa_gibbs_state": -35.718094305088584,
  "energy_qaoa_hadamard_state": -34.283523348286465,
  "energy_value_exact": -41.0
}