{
  "expected_value_gibbs_state": -39.09508250888116,
  "expected_value_hadamard_state": -33.50003349978401,
  "energy_qaoa_gibbs_state": -39.1502187137969,
  "energy_qaoa_hadamard_state": -36.49988666396685,
  "energy_value_exact": -42.0
}