{
  "expected_value_gibbs_state": -30.975473219074694,
  "expected_value_hadamard_state": -27.500027499875188,
  "energy_qaoa_gibbs_state": -33.09762961754127,
  "energy_qaoa_hadamard_state": -31.057306778295054,
  "energy_value_exact": -38.0
}