{
  "expected_value_gibbs_state": -40.51455790258054,
  "expected_value_hadamard_state": -29.50002949985474,
  "energy_qaoa_gibbs_state": -40.521407429313335,
  "energy_qaoa_hadamard_state": -35.15558394390989,
  "energy_value_exact": -41.0
}