{
  "expected_value_gibbs_state": -36.95346709054404,
  "expected_value_hadamard_state": -30.50003049983793,
  "energy_qaoa_gibbs_state": -37.62643876646345,
  "energy_qaoa_hadamard_state": -34.35971584190523,
  "energy_value_exact": -40.0
}