{
  "expected_value_gibbs_state": -36.53305002144528,
  "expected_value_hadamard_state": -33.50003349977634,
  "energy_qaoa_gibbs_state": -39.054002708587056,
  "energy_qaoa_hadamard_state": -37.762717689084155,
  "energy_value_exact": -42.0
}