{
  "expected_value_gibbs_state": -34.870320134715975,
  "expected_value_hadamard_state": -31.500031499821503,
  "energy_qaoa_gibbs_state": -37.95277630359192,
  "energy_qaoa_hadamard_state": -35.22115448705071,
  "energy_value_exact": -40.0
}