{
  "expected_value_gibbs_state": -36.673988497704016,
  "expected_value_hadamard_state": -32.50003249978466,
  "energy_qaoa_gibbs_state": -37.08649803148495,
  "energy_qaoa_hadamard_state": -36.51083395230246,
  "energy_value_exact": -40.0
}