{
  "expected_value_gibbs_state": -36.542441260021604,
  "expected_value_hadamard_state": -31.000030999841474,
  "energy_qaoa_gibbs_state": -37.71188367259964,
  "energy_qaoa_hadamard_state": -34.421810852779444,
  "energy_value_exact": -42.0
}