{
  "expected_value_gibbs_state": -36.06056363351762,
  "expected_value_hadamard_state": -32.50003249980887,
  "energy_qaoa_gibbs_state": -36.243003796526324,
  "energy_qaoa_hadamard_state": -34.69382533069249,
  "energy_value_exact": -41.0
}