{
  "expected_value_gibbs_state": -41.09817793467953,
  "expected_value_hadamard_state": -31.500031499833458,
  "energy_qaoa_gibbs_state": -41.38956966606144,
  "energy_qaoa_hadamard_state": -34.49347810796627,
  "energy_value_exact": -42.0
}