{
  "expected_value_gibbs_state": -35.79427571008292,
  "expected_value_hadamard_state": -32.000031999801514,
  "energy_qaoa_gibbs_state": -36.000533656312335,
  "energy_qaoa_hadamard_state": -35.73386206469087,
  "energy_value_exact": -40.0
}