{
  "expected_value_gibbs_state": -32.74618963299009,
  "expected_value_hadamard_state": -29.000028999868334,
  "energy_qaoa_gibbs_state": -33.79138362956024,
  "energy_qaoa_hadamard_state": -34.002175821360915,
  "energy_value_exact": -40.0
}