{
  "expected_value_gibbs_state": -34.856747885344575,
  "expected_value_hadamard_state": -31.50003149983649,
  "energy_qaoa_gibbs_state": -39.01967610048925,
  "energy_qaoa_hadamard_state": -37.60610298007147,
  "energy_value_exact": -43.0
}