{
  "expected_value_gibbs_state": -34.777203493628704,
  "expected_value_hadamard_state": -30.50003049983804,
  "energy_qaoa_gibbs_state": -35.078635576087194,
  "energy_qaoa_hadamard_state": -35.6187348332716,
  "energy_value_exact": -41.0
}