{
  "expected_value_gibbs_state": -40.53868625687818,
  "expected_value_hadamard_state": -33.000032999796716,
  "energy_qaoa_gibbs_state": -39.54652921526589,
  "energy_qaoa_hadamard_state": -37.19834104463796,
  "energy_value_exact": -43.0
}