{
  "expected_value_gibbs_state": -38.79905024381926,
  "expected_value_hadamard_state": -31.50003149983485,
  "energy_qaoa_gibbs_state": -39.846914859152626,
  "energy_qaoa_hadamard_state": -35.93353695737087,
  "energy_value_exact": -42.0
}