{
  "expected_value_gibbs_state": -36.531447127953186,
  "expected_value_hadamard_state": -29.000028999864238,
  "energy_qaoa_gibbs_state": -37.30385904261293,
  "energy_qaoa_hadamard_state": -34.1036846549542,
  "energy_value_exact": -40.0
}