{
  "expected_value_gibbs_state": -42.12019185575106,
  "expected_value_hadamard_state": -36.00003599972906,
  "energy_qaoa_gibbs_state": -42.51612280764563,
  "energy_qaoa_hadamard_state": -39.590382435201235,
  "energy_value_exact": -45.0
}