{
  "expected_value_gibbs_state": -39.9044032924585,
  "expected_value_hadamard_state": -33.50003349979634,
  "energy_qaoa_gibbs_state": -41.38020631182289,
  "energy_qaoa_hadamard_state": -37.068420797359636,
  "energy_value_exact": -43.0
}