{
  "expected_value_gibbs_state": -33.91395802670393,
  "expected_value_hadamard_state": -30.50003049982733,
  "energy_qaoa_gibbs_state": -35.8732530723721,
  "energy_qaoa_hadamard_state": -33.07551557453439,
  "energy_value_exact": -40.0
}