{
  "expected_value_gibbs_state": -35.59626749893333,
  "expected_value_hadamard_state": -32.500032499805734,
  "energy_qaoa_gibbs_state": -39.22508566436688,
  "energy_qaoa_hadamard_state": -36.76784135687396,
  "energy_value_exact": -42.0
}