{
  "expected_value_gibbs_state": -38.24152588861242,
  "expected_value_hadamard_state": -31.500031499829053,
  "energy_qaoa_gibbs_state": -38.169946417614966,
  "energy_qaoa_hadamard_state": -34.499284861474166,
  "energy_value_exact": -41.0
}