{
  "expected_value_gibbs_state": -37.22749461813236,
  "expected_value_hadamard_state": -32.0000319998134,
  "energy_qaoa_gibbs_state": -39.12468899519018,
  "energy_qaoa_hadamard_state": -36.98102194400358,
  "energy_value_exact": -42.0
}