{
  "expected_value_gibbs_state": -37.46643936079206,
  "expected_value_hadamard_state": -32.50003249980535,
  "energy_qaoa_gibbs_state": -39.27422790527201,
  "energy_qaoa_hadamard_state": -37.18079104026086,
  "energy_value_exact": -43.0
}