{
  "expected_value_gibbs_state": -39.05802391676371,
  "expected_value_hadamard_state": -33.00003299979213,
  "energy_qaoa_gibbs_state": -39.328159675333566,
  "energy_qaoa_hadamard_state": -36.964956579810114,
  "energy_value_exact": -41.0
}