{
  "expected_value_gibbs_state": -39.07206953897066,
  "expected_value_hadamard_state": -33.000032999796844,
  "energy_qaoa_gibbs_state": -40.10640622441197,
  "energy_qaoa_hadamard_state": -36.91311591061339,
  "energy_value_exact": -42.0
}