{
  "expected_value_gibbs_state": -38.64278424614192,
  "expected_value_hadamard_state": -33.000032999790626,
  "energy_qaoa_gibbs_state": -39.17394576118667,
  "energy_qaoa_hadamard_state": -36.150320902814556,
  "energy_value_exact": -44.0
}