{
  "expected_value_gibbs_state": -42.861417670715426,
  "expected_value_hadamard_state": -34.00003399978585,
  "energy_qaoa_gibbs_state": -42.8866995085899,
  "energy_qaoa_hadamard_state": -39.47168038559117,
  "energy_value_exact": -43.0
}