{
  "expected_value_gibbs_state": -34.5897855223509,
  "expected_value_hadamard_state": -31.000030999835484,
  "energy_qaoa_gibbs_state": -34.958928309163845,
  "energy_qaoa_hadamard_state": -34.21869301509837,
  "energy_value_exact": -40.0
}