{
  "expected_value_gibbs_state": -40.62260326402683,
  "expected_value_hadamard_state": -36.00003599972932,
  "energy_qaoa_gibbs_state": -41.72075822869189,
  "energy_qaoa_hadamard_state": -39.11567000509882,
  "energy_value_exact": -45.0
}