{
  "expected_value_gibbs_state": -36.21769586576309,
  "expected_value_hadamard_state": -33.00003299980108,
  "energy_qaoa_gibbs_state": -39.09553990992559,
  "energy_qaoa_hadamard_state": -39.01149179884779,
  "energy_value_exact": -43.0
}