{
  "expected_value_gibbs_state": -31.132777486629536,
  "expected_value_hadamard_state": -27.500027499884006,
  "energy_qaoa_gibbs_state": -33.083088480623395,
  "energy_qaoa_hadamard_state": -31.609375191348725,
  "energy_value_exact": -38.0
}