{
  "expected_value_gibbs_state": -32.686173024164766,
  "expected_value_hadamard_state": -29.000028999849288,
  "energy_qaoa_gibbs_state": -33.29013755501861,
  "energy_qaoa_hadamard_state": -33.94945426103054,
  "energy_value_exact": -38.0
}