{
  "expected_value_gibbs_state": -33.018820575935585,
  "expected_value_hadamard_state": -29.50002949985455,
  "energy_qaoa_gibbs_state": -36.282464045371626,
  "energy_qaoa_hadamard_state": -36.845589056853825,
  "energy_value_exact": -40.0
}