{
  "expected_value_gibbs_state": -38.94556678438538,
  "expected_value_hadamard_state": -29.500029499853134,
  "energy_qaoa_gibbs_state": -38.9241693293414,
  "energy_qaoa_hadamard_state": -33.376270438919164,
  "energy_value_exact": -39.0
}