{
  "expected_value_gibbs_state": -42.86447124982725,
  "expected_value_hadamard_state": -33.500033499791556,
  "energy_qaoa_gibbs_state": -41.60471812800026,
  "energy_qaoa_hadamard_state": -37.221533463165585,
  "energy_value_exact": -43.0
}