{
  "expected_value_gibbs_state": -37.26204294135301,
  "expected_value_hadamard_state": -32.500032499800874,
  "energy_qaoa_gibbs_state": -39.89217241363815,
  "energy_qaoa_hadamard_state": -36.800813827389206,
  "energy_value_exact": -42.0
}