{
  "expected_value_gibbs_state": -38.080904966834105,
  "expected_value_hadamard_state": -33.5000334997823,
  "energy_qaoa_gibbs_state": -39.08898438109361,
  "energy_qaoa_hadamard_state": -36.3871076453303,
  "energy_value_exact": -43.0
}