{
  "expected_value_gibbs_state": -39.79071382886321,
  "expected_value_hadamard_state": -33.00003299979356,
  "energy_qaoa_gibbs_state": -40.965179619623235,
  "energy_qaoa_hadamard_state": -34.71070479732013,
  "energy_value_exact": -43.0
}