{
  "expected_value_gibbs_state": -37.105985595289155,
  "expected_value_hadamard_state": -31.00003099983113,
  "energy_qaoa_gibbs_state": -37.15467818293829,
  "energy_qaoa_hadamard_state": -34.17892209088451,
  "energy_value_exact": -40.0
}