{
  "expected_value_gibbs_state": -45.8593224066821,
  "expected_value_hadamard_state": -36.000035999735076,
  "energy_qaoa_gibbs_state": -45.876147950465416,
  "energy_qaoa_hadamard_state": -39.16914172493607,
  "energy_value_exact": -46.0
}