{
  "energy_dmrg": [
    30.829753275943453,
    45.64873079230716,
    37.071598509866476,
    30.897965823627953,
    26.243508062560636,
    21.533714341573294,
    20.455771309372146,
    20.225368459599345,
    12.381614168523363,
    12.381254524422346,
    12.381254522168454,
    6.907656387202927,
    1.5907299347473582,
    1.5794619535379653,
    1.5793827205768878,
    1.579382720576909,
    1.5793827205768949,
    1.5793827205768665,
    1.5793827205768878,
    1.5793827111169207,
    1.5792698635299658,
    1.5792698635166218,
    1.579269860373401,
    1.5792698603733868,
    1.5792698603734152,
    1.5792698603733797,
    1.579269860373337,
    1.5792698603733157,
    1.5792698603718591,
    1.5792698603719018,
    1.5792698603718875,
    1.5792698603719018,
    1.5792698603719018,
    1.5792698603718875,
    1.5792698603719018,
    1.579269860371916,
    1.579269860371916,
    1.5792698603718947,
    1.5792698603718804,
    1.5792698603718591,
    1.5792698603719089,
    1.5792698603719018,
    1.5792698603718804,
    1.5792698603719018,
    1.5792698603719018,
    1.5792698603718804,
    1.579269860371788,
    1.5792698603718236
  ],
  "exact_energy": 1.0155895885518815
}