{
  "energy_dmrg": [
    -28.999999999999996,
    -29.52678360424658,
    -29.999983287234123,
    -30.499999893705322,
    -31.499987789185028,
    -31.999999890728496,
    -32.49999992709296,
    -32.999987858942696,
    -34.49998781960505,
    -34.9999878196364,
    -35.49997571806061,
    -35.49997571806091,
    -35.9999757207338,
    -35.99997572333275,
    -35.99997572507268,
    -35.99997572521139,
    -35.999975725211385,
    -35.99997572521139,
    -35.99997572521465,
    -35.99997572521616,
    -35.99997572521963,
    -35.99997572522682,
    -35.99997573078708,
    -35.99997580410192,
    -35.99999999974906,
    -35.99999999974906,
    -35.99999999974906,
    -35.999999999749065,
    -35.99999999974997,
    -35.999999999750266,
    -35.999999999750266,
    -35.99999999975027,
    -35.99999999975027,
    -35.99999999975027,
    -35.99999999975033,
    -35.99999999975032,
    -35.9999999997508,
    -36.00000000000001,
    -36.00000000000001,
    -36.00000000000001,
    -36.000000000000014,
    -36.00000000000001,
    -36.0,
    -36.0,
    -35.99999999999999,
    -35.99999999999999,
    -35.99999999999999,
    -35.99999999999999,
    -36.00000000000001,
    -36.0000000000001,
    -36.00000000000001,
    -35.99999999999999
  ],
  "exact_energy": -38.0
}