{"n_nodes": 3, "distances": [[0.0, 0.7372985093535165, 0.07162983631260311], [0.517105429504107, 0.0, 0.33707349629044203], [0.5048978547278944, 0.42685432273517143, 0.0]]}