{
  "expected_value_gibbs_state": -6.7918680109391305,
  "expected_value_hadamard_state": -6.000005999985001,
  "energy_qaoa_gibbs_state": -7.349408083925592,
  "energy_qaoa_hadamard_state": -7.677665175864595,
  "energy_value_exact": -8
}