{
  "expected_value_gibbs_state": -5.118055322134715,
  "expected_value_hadamard_state": -4.000003999994,
  "energy_qaoa_gibbs_state": -5.7942190716526465,
  "energy_qaoa_hadamard_state": -5.709673427333931,
  "energy_value_exact": -6
}