{
  "expected_value_gibbs_state": -7.944445448893006,
  "expected_value_hadamard_state": -5.500005499988,
  "energy_qaoa_gibbs_state": -7.779230104475213,
  "energy_qaoa_hadamard_state": -7.55008393756972,
  "energy_value_exact": -8
}