{
  "expected_value_gibbs_state": -6.537143787911651,
  "expected_value_hadamard_state": -4.500004499997003,
  "energy_qaoa_gibbs_state": -7.814571070846759,
  "energy_qaoa_hadamard_state": -7.462457819182591,
  "energy_value_exact": -8
}