{
  "expected_value_gibbs_state": -5.666334535985445,
  "expected_value_hadamard_state": -5.0000049999925,
  "energy_qaoa_gibbs_state": -6.723840100659331,
  "energy_qaoa_hadamard_state": -6.337443459543563,
  "energy_value_exact": -7
}