{
  "expected_value_gibbs_state": -5.704496071181299,
  "expected_value_hadamard_state": -4.000003999995498,
  "energy_qaoa_gibbs_state": -5.855627944435527,
  "energy_qaoa_hadamard_state": -5.643667984691026,
  "energy_value_exact": -6
}