{
  "expected_value_gibbs_state": -4.534804365241656,
  "expected_value_hadamard_state": -3.000002999999999,
  "energy_qaoa_gibbs_state": -5.900535969498865,
  "energy_qaoa_hadamard_state": -5.518654278305095,
  "energy_value_exact": -6
}