{
  "expected_value_gibbs_state": -6.609495571182261,
  "expected_value_hadamard_state": -5.000004999992501,
  "energy_qaoa_gibbs_state": -7.308549132187205,
  "energy_qaoa_hadamard_state": -7.376982012251807,
  "energy_value_exact": -8
}