{
  "expected_value_gibbs_state": -6.246731217792009,
  "expected_value_hadamard_state": -5.000004999993999,
  "energy_qaoa_gibbs_state": -6.96866224167448,
  "energy_qaoa_hadamard_state": -6.794838773558869,
  "energy_value_exact": -8
}