{
  "expected_value_gibbs_state": -8.994461176933852,
  "expected_value_hadamard_state": -5.500005499990999,
  "energy_qaoa_gibbs_state": -8.997402646072945,
  "energy_qaoa_hadamard_state": -7.724732611680417,
  "energy_value_exact": -9
}