{
  "expected_value_gibbs_state": -5.399362399718363,
  "expected_value_hadamard_state": -4.5000044999955024,
  "energy_qaoa_gibbs_state": -6.228113125077762,
  "energy_qaoa_hadamard_state": -6.158200873960157,
  "energy_value_exact": -7
}