{
  "expected_value_gibbs_state": -7.853590299166952,
  "expected_value_hadamard_state": -5.5000054999879975,
  "energy_qaoa_gibbs_state": -7.905948756782276,
  "energy_qaoa_hadamard_state": -6.986244282117553,
  "energy_value_exact": -8
}