{
  "expected_value_gibbs_state": -5.774917604852015,
  "expected_value_hadamard_state": -4.000003999996999,
  "energy_qaoa_gibbs_state": -5.964466548635398,
  "energy_qaoa_hadamard_state": -5.927998584615278,
  "energy_value_exact": -6
}