{
  "expected_value_gibbs_state": -8.463672450214922,
  "expected_value_hadamard_state": -6.0000059999865005,
  "energy_qaoa_gibbs_state": -8.506521229193385,
  "energy_qaoa_hadamard_state": -7.550984171409263,
  "energy_value_exact": -9
}