{
  "expected_value_gibbs_state": -5.2205252464426835,
  "expected_value_hadamard_state": -4.5000044999940005,
  "energy_qaoa_gibbs_state": -6.205720275593414,
  "energy_qaoa_hadamard_state": -5.937697791693447,
  "energy_value_exact": -7
}