{
  "expected_value_gibbs_state": -6.642474176162264,
  "expected_value_hadamard_state": -5.500005499989501,
  "energy_qaoa_gibbs_state": -7.4447590951960185,
  "energy_qaoa_hadamard_state": -7.223504775728474,
  "energy_value_exact": -8
}