{
  "expected_value_gibbs_state": -7.5793058115020475,
  "expected_value_hadamard_state": -5.500005499987998,
  "energy_qaoa_gibbs_state": -7.876299983059061,
  "energy_qaoa_hadamard_state": -7.341512184823536,
  "energy_value_exact": -8
}