{
  "expected_value_gibbs_state": -4.706414040792086,
  "expected_value_hadamard_state": -3.500003499996999,
  "energy_qaoa_gibbs_state": -5.0805718309671,
  "energy_qaoa_hadamard_state": -5.131092783747843,
  "energy_value_exact": -6
}