{
  "expected_value_gibbs_state": -4.586210280429395,
  "expected_value_hadamard_state": -4.0000039999969985,
  "energy_qaoa_gibbs_state": -5.585950112203168,
  "energy_qaoa_hadamard_state": -5.689231856145886,
  "energy_value_exact": -6
}