{
  "expected_value_gibbs_state": -7.963177475420418,
  "expected_value_hadamard_state": -4.500004499997002,
  "energy_qaoa_gibbs_state": -7.997897194155891,
  "energy_qaoa_hadamard_state": -6.891571168653393,
  "energy_value_exact": -8
}