{
  "expected_value_gibbs_state": -7.705921303626456,
  "expected_value_hadamard_state": -5.5000054999909995,
  "energy_qaoa_gibbs_state": -7.710199903567622,
  "energy_qaoa_hadamard_state": -7.197612346019689,
  "energy_value_exact": -8
}