{
  "expected_value_gibbs_state": -5.904384906744965,
  "expected_value_hadamard_state": -4.0000039999969985,
  "energy_qaoa_gibbs_state": -5.999102729420855,
  "energy_qaoa_hadamard_state": -5.671413893845083,
  "energy_value_exact": -6
}