{
  "expected_value_gibbs_state": -6.699264620899622,
  "expected_value_hadamard_state": -6.000005999985002,
  "energy_qaoa_gibbs_state": -7.537011825364717,
  "energy_qaoa_hadamard_state": -7.570209883732359,
  "energy_value_exact": -8
}