{
  "expected_value_gibbs_state": -6.846224420292517,
  "expected_value_hadamard_state": -6.0000059999865005,
  "energy_qaoa_gibbs_state": -8.075325010590163,
  "energy_qaoa_hadamard_state": -7.783572038280601,
  "energy_value_exact": -9
}