{
  "expected_value_gibbs_state": -5.991639968678159,
  "expected_value_hadamard_state": -5.000004999994001,
  "energy_qaoa_gibbs_state": -7.381980135793953,
  "energy_qaoa_hadamard_state": -6.743507334936616,
  "energy_value_exact": -8
}