{
  "expected_value_gibbs_state": -5.894558800377052,
  "expected_value_hadamard_state": -3.5000034999969993,
  "energy_qaoa_gibbs_state": -5.968747291616733,
  "energy_qaoa_hadamard_state": -4.901264634067749,
  "energy_value_exact": -6
}