{
  "expected_value_gibbs_state": -4.644867775142678,
  "expected_value_hadamard_state": -4.0000039999954975,
  "energy_qaoa_gibbs_state": -5.63798743656401,
  "energy_qaoa_hadamard_state": -5.65405945134027,
  "energy_value_exact": -6
}