{
  "expected_value_gibbs_state": -7.958115253900796,
  "expected_value_hadamard_state": -5.000004999990999,
  "energy_qaoa_gibbs_state": -7.9915355135034645,
  "energy_qaoa_hadamard_state": -7.0980350982469576,
  "energy_value_exact": -8
}