{
  "expected_value_gibbs_state": -7.853590299166954,
  "expected_value_hadamard_state": -5.500005499987998,
  "energy_qaoa_gibbs_state": -7.8768471320322515,
  "energy_qaoa_hadamard_state": -6.4817226482962305,
  "energy_value_exact": -8
}