{
  "expected_value_gibbs_state": -8.978536097234253,
  "expected_value_hadamard_state": -5.500005499990999,
  "energy_qaoa_gibbs_state": -8.989847673063737,
  "energy_qaoa_hadamard_state": -8.367734399590713,
  "energy_value_exact": -9
}