{
  "expected_value_gibbs_state": -6.246731217792012,
  "expected_value_hadamard_state": -5.000004999994002,
  "energy_qaoa_gibbs_state": -6.885868671541999,
  "energy_qaoa_hadamard_state": -6.643517501753132,
  "energy_value_exact": -8
}