{
  "expected_value_gibbs_state": -6.642474176162264,
  "expected_value_hadamard_state": -5.500005499989496,
  "energy_qaoa_gibbs_state": -7.567556773508926,
  "energy_qaoa_hadamard_state": -7.367463166881166,
  "energy_value_exact": -8
}