{
  "expected_value_gibbs_state": -6.737865333513927,
  "expected_value_hadamard_state": -6.000005999986501,
  "energy_qaoa_gibbs_state": -7.385044112399811,
  "energy_qaoa_hadamard_state": -7.5859067808591085,
  "energy_value_exact": -9
}