{
  "expected_value_gibbs_state": -7.579305811502043,
  "expected_value_hadamard_state": -5.500005499987998,
  "energy_qaoa_gibbs_state": -7.837591279000922,
  "energy_qaoa_hadamard_state": -7.38593722829782,
  "energy_value_exact": -8
}