{
  "expected_value_gibbs_state": -5.7902544311932145,
  "expected_value_hadamard_state": -4.500004499994001,
  "energy_qaoa_gibbs_state": -6.149804740334172,
  "energy_qaoa_hadamard_state": -6.055415098576381,
  "energy_value_exact": -7
}