{
  "expected_value_gibbs_state": -3.9753554621620775,
  "expected_value_hadamard_state": -3.000002999996999,
  "energy_qaoa_gibbs_state": -4.4466764745087435,
  "energy_qaoa_hadamard_state": -4.1759672958202465,
  "energy_value_exact": -5
}