{
  "expected_value_gibbs_state": -6.791868010939132,
  "expected_value_hadamard_state": -6.000005999985001,
  "energy_qaoa_gibbs_state": -7.73699994877269,
  "energy_qaoa_hadamard_state": -7.33910274780934,
  "energy_value_exact": -8
}