{
  "expected_value_gibbs_state": -5.838306166097182,
  "expected_value_hadamard_state": -5.000004999991001,
  "energy_qaoa_gibbs_state": -6.662273048850571,
  "energy_qaoa_hadamard_state": -6.634471085729626,
  "energy_value_exact": -7
}