{
  "expected_value_gibbs_state": -7.327524660883921,
  "expected_value_hadamard_state": -5.5000054999879975,
  "energy_qaoa_gibbs_state": -7.805624960567876,
  "energy_qaoa_hadamard_state": -6.9808824823818245,
  "energy_value_exact": -8
}