{
  "expected_value_gibbs_state": -5.324694479187227,
  "expected_value_hadamard_state": -4.500004499994003,
  "energy_qaoa_gibbs_state": -5.990296082117565,
  "energy_qaoa_hadamard_state": -5.759843536646315,
  "energy_value_exact": -7
}