{
  "expected_value_gibbs_state": -6.379831808403179,
  "expected_value_hadamard_state": -5.500005499987998,
  "energy_qaoa_gibbs_state": -7.251250572877522,
  "energy_qaoa_hadamard_state": -6.725496217147489,
  "energy_value_exact": -8
}