{
  "expected_value_gibbs_state": -5.958974373962001,
  "expected_value_hadamard_state": -4.0000039999954975,
  "energy_qaoa_gibbs_state": -5.981997415795822,
  "energy_qaoa_hadamard_state": -5.491580011554783,
  "energy_value_exact": -6
}