{
  "expected_value_gibbs_state": -6.699264620899619,
  "expected_value_hadamard_state": -6.000005999985001,
  "energy_qaoa_gibbs_state": -7.2945446084260706,
  "energy_qaoa_hadamard_state": -7.601555927024581,
  "energy_value_exact": -8
}