{
  "expected_value_gibbs_state": -7.333944997076094,
  "expected_value_hadamard_state": -5.500005499987999,
  "energy_qaoa_gibbs_state": -7.350683453254736,
  "energy_qaoa_hadamard_state": -7.155648900130554,
  "energy_value_exact": -8
}