{
  "expected_value_gibbs_state": -5.286753117633911,
  "expected_value_hadamard_state": -4.500004499992502,
  "energy_qaoa_gibbs_state": -6.2935961134580065,
  "energy_qaoa_hadamard_state": -5.763858403376866,
  "energy_value_exact": -7
}