{
  "expected_value_gibbs_state": -6.7387698538005445,
  "expected_value_hadamard_state": -4.500004499995502,
  "energy_qaoa_gibbs_state": -6.886783960637363,
  "energy_qaoa_hadamard_state": -6.417859706776341,
  "energy_value_exact": -7
}