{
  "expected_value_gibbs_state": -5.704496071181298,
  "expected_value_hadamard_state": -4.0000039999954975,
  "energy_qaoa_gibbs_state": -5.779126221272056,
  "energy_qaoa_hadamard_state": -5.458392228989439,
  "energy_value_exact": -6
}