{
  "expected_value_gibbs_state": -6.817790482354156,
  "expected_value_hadamard_state": -5.500005499987999,
  "energy_qaoa_gibbs_state": -7.365641630199834,
  "energy_qaoa_hadamard_state": -6.912190346476395,
  "energy_value_exact": -8
}