{
  "expected_value_gibbs_state": -6.003707730365509,
  "expected_value_hadamard_state": -5.000004999991003,
  "energy_qaoa_gibbs_state": -6.891873815200885,
  "energy_qaoa_hadamard_state": -6.636720353863515,
  "energy_value_exact": -7
}