{
  "expected_value_gibbs_state": -5.15122009516401,
  "expected_value_hadamard_state": -4.500004499995501,
  "energy_qaoa_gibbs_state": -6.355452826975901,
  "energy_qaoa_hadamard_state": -6.421511399188987,
  "energy_value_exact": -7
}