{
  "expected_value_gibbs_state": -6.299826225959314,
  "expected_value_hadamard_state": -5.500005499989498,
  "energy_qaoa_gibbs_state": -7.35182652917333,
  "energy_qaoa_hadamard_state": -7.016006446365774,
  "energy_value_exact": -8
}