{
  "expected_value_gibbs_state": -5.786047089446538,
  "expected_value_hadamard_state": -5.000004999992501,
  "energy_qaoa_gibbs_state": -6.662170831314798,
  "energy_qaoa_hadamard_state": -6.728071614078519,
  "energy_value_exact": -8
}