{
  "expected_value_gibbs_state": -5.991639968678159,
  "expected_value_hadamard_state": -5.000004999994001,
  "energy_qaoa_gibbs_state": -6.59133465375961,
  "energy_qaoa_hadamard_state": -6.861249939599487,
  "energy_value_exact": -8
}