{
  "expected_value_gibbs_state": -5.14300153458548,
  "expected_value_hadamard_state": -4.500004499995502,
  "energy_qaoa_gibbs_state": -6.4389428247470875,
  "energy_qaoa_hadamard_state": -6.434766488261062,
  "energy_value_exact": -7
}