{
  "expected_value_gibbs_state": -5.705511947206244,
  "expected_value_hadamard_state": -5.000004999994002,
  "energy_qaoa_gibbs_state": -6.737573136983585,
  "energy_qaoa_hadamard_state": -6.61187228219535,
  "energy_value_exact": -8
}