{
  "expected_value_gibbs_state": -6.7918680109391305,
  "expected_value_hadamard_state": -6.000005999985002,
  "energy_qaoa_gibbs_state": -7.599589269087314,
  "energy_qaoa_hadamard_state": -7.74602159123206,
  "energy_value_exact": -8
}