{
  "expected_value_gibbs_state": -6.535222934348279,
  "expected_value_hadamard_state": -5.000004999991,
  "energy_qaoa_gibbs_state": -7.344643424518875,
  "energy_qaoa_hadamard_state": -6.463038756471283,
  "energy_value_exact": -8
}