{
  "expected_value_gibbs_state": -6.0829770335459585,
  "expected_value_hadamard_state": -4.5000044999955024,
  "energy_qaoa_gibbs_state": -6.224635969231705,
  "energy_qaoa_hadamard_state": -6.03283149661825,
  "energy_value_exact": -7
}