{
  "expected_value_gibbs_state": -7.211824625835943,
  "expected_value_hadamard_state": -6.500006499980494,
  "energy_qaoa_gibbs_state": -7.73252860235967,
  "energy_qaoa_hadamard_state": -7.859738959086508,
  "energy_value_exact": -9
}