{
  "expected_value_gibbs_state": -6.968451435739141,
  "expected_value_hadamard_state": -5.500005499989499,
  "energy_qaoa_gibbs_state": -7.570078881276961,
  "energy_qaoa_hadamard_state": -7.471210102829275,
  "energy_value_exact": -8
}