{
  "expected_value_gibbs_state": -7.572282384692345,
  "expected_value_hadamard_state": -6.500006499980496,
  "energy_qaoa_gibbs_state": -8.208859958411445,
  "energy_qaoa_hadamard_state": -7.572663676383209,
  "energy_value_exact": -9
}