{
  "expected_value_gibbs_state": -7.299871008704133,
  "expected_value_hadamard_state": -6.500006499980498,
  "energy_qaoa_gibbs_state": -7.6578354224046885,
  "energy_qaoa_hadamard_state": -7.954123836888622,
  "energy_value_exact": -9
}