{
  "expected_value_gibbs_state": -6.978191453249475,
  "expected_value_hadamard_state": -5.000004999992502,
  "energy_qaoa_gibbs_state": -6.990411888425354,
  "energy_qaoa_hadamard_state": -6.558494741211833,
  "energy_value_exact": -7
}