{
  "expected_value_gibbs_state": -4.5964940888549055,
  "expected_value_hadamard_state": -4.000003999997,
  "energy_qaoa_gibbs_state": -6.247345800313143,
  "energy_qaoa_hadamard_state": -5.977736186443057,
  "energy_value_exact": -7
}