{
  "expected_value_gibbs_state": -5.286753117633911,
  "expected_value_hadamard_state": -4.500004499992502,
  "energy_qaoa_gibbs_state": -6.32795464331979,
  "energy_qaoa_hadamard_state": -6.021270301673925,
  "energy_value_exact": -7
}