{
  "expected_value_gibbs_state": -5.958974373962001,
  "expected_value_hadamard_state": -4.0000039999954975,
  "energy_qaoa_gibbs_state": -5.986921213735593,
  "energy_qaoa_hadamard_state": -5.668620286083188,
  "energy_value_exact": -6
}