{
  "expected_value_gibbs_state": -4.767227582362313,
  "expected_value_hadamard_state": -4.0000039999954975,
  "energy_qaoa_gibbs_state": -5.822052473086666,
  "energy_qaoa_hadamard_state": -5.8530140346210136,
  "energy_value_exact": -6
}