{
  "expected_value_gibbs_state": -7.082499935616783,
  "expected_value_hadamard_state": -6.000005999985001,
  "energy_qaoa_gibbs_state": -7.70573462215626,
  "energy_qaoa_hadamard_state": -7.408810307875026,
  "energy_value_exact": -8
}