{
  "expected_value_gibbs_state": -7.660491586788002,
  "expected_value_hadamard_state": -6.500006499981998,
  "energy_qaoa_gibbs_state": -8.67286587095029,
  "energy_qaoa_hadamard_state": -8.507683191499403,
  "energy_value_exact": -9
}