{
  "expected_value_gibbs_state": -6.233245731593873,
  "expected_value_hadamard_state": -5.500005499990997,
  "energy_qaoa_gibbs_state": -7.187038139231076,
  "energy_qaoa_hadamard_state": -7.230437049705436,
  "energy_value_exact": -8
}