{
  "expected_value_gibbs_state": -6.913704810850788,
  "expected_value_hadamard_state": -6.000005999985003,
  "energy_qaoa_gibbs_state": -7.201484102755621,
  "energy_qaoa_hadamard_state": -7.061048616336045,
  "energy_value_exact": -8
}