{
  "expected_value_gibbs_state": -7.94218356860943,
  "expected_value_hadamard_state": -5.0000049999925,
  "energy_qaoa_gibbs_state": -7.979821503700239,
  "energy_qaoa_hadamard_state": -7.0682116124309005,
  "energy_value_exact": -8
}