{
  "expected_value_gibbs_state": -6.699264620899621,
  "expected_value_hadamard_state": -6.000005999985,
  "energy_qaoa_gibbs_state": -7.45064216037827,
  "energy_qaoa_hadamard_state": -7.423617439148723,
  "energy_value_exact": -8
}