{
  "expected_value_gibbs_state": -5.704496071181297,
  "expected_value_hadamard_state": -4.0000039999954975,
  "energy_qaoa_gibbs_state": -5.935333800776288,
  "energy_qaoa_hadamard_state": -5.462993597487706,
  "energy_value_exact": -6
}