{
  "expected_value_gibbs_state": -7.414398936704983,
  "expected_value_hadamard_state": -6.500006499980494,
  "energy_qaoa_gibbs_state": -7.96045691484488,
  "energy_qaoa_hadamard_state": -7.572048503887116,
  "energy_value_exact": -9
}