{
  "expected_value_gibbs_state": -8.057266981016959,
  "expected_value_hadamard_state": -7.000006999975999,
  "energy_qaoa_gibbs_state": -8.444148756299494,
  "energy_qaoa_hadamard_state": -8.379453838413482,
  "energy_value_exact": -9
}