{
  "expected_value_gibbs_state": -7.566827681567571,
  "expected_value_hadamard_state": -5.500005499989498,
  "energy_qaoa_gibbs_state": -7.834761873554372,
  "energy_qaoa_hadamard_state": -7.168800118247837,
  "energy_value_exact": -8
}