{
  "expected_value_gibbs_state": -5.976467245456983,
  "expected_value_hadamard_state": -5.0000049999895015,
  "energy_qaoa_gibbs_state": -6.649463421038896,
  "energy_qaoa_hadamard_state": -6.458267076406743,
  "energy_value_exact": -7
}