{
  "expected_value_gibbs_state": -7.962921830218374,
  "expected_value_hadamard_state": -5.500005499990999,
  "energy_qaoa_gibbs_state": -7.985546084790219,
  "energy_qaoa_hadamard_state": -7.625916097777759,
  "energy_value_exact": -8
}