{
  "expected_value_gibbs_state": -7.958115253900797,
  "expected_value_hadamard_state": -5.000004999991,
  "energy_qaoa_gibbs_state": -7.9834035034484145,
  "energy_qaoa_hadamard_state": -6.786080840714352,
  "energy_value_exact": -8
}