{
  "expected_value_gibbs_state": -4.706414040792085,
  "expected_value_hadamard_state": -3.5000034999969993,
  "energy_qaoa_gibbs_state": -5.59948852157029,
  "energy_qaoa_hadamard_state": -5.06056826241041,
  "energy_value_exact": -6
}