{
  "expected_value_gibbs_state": -8.265539123539497,
  "expected_value_hadamard_state": -7.000006999975999,
  "energy_qaoa_gibbs_state": -8.803023458138822,
  "energy_qaoa_hadamard_state": -8.66718739939343,
  "energy_value_exact": -9
}