{
  "expected_value_gibbs_state": -6.036627212560749,
  "expected_value_hadamard_state": -5.000004999990999,
  "energy_qaoa_gibbs_state": -6.6891734730548125,
  "energy_qaoa_hadamard_state": -6.673076365823536,
  "energy_value_exact": -7
}