{
  "expected_value_gibbs_state": -7.614414136211779,
  "expected_value_hadamard_state": -6.000005999986501,
  "energy_qaoa_gibbs_state": -7.932122277501447,
  "energy_qaoa_hadamard_state": -7.617920020831417,
  "energy_value_exact": -9
}