{
  "expected_value_gibbs_state": -5.621018203073173,
  "expected_value_hadamard_state": -4.5000044999955024,
  "energy_qaoa_gibbs_state": -6.103055138903267,
  "energy_qaoa_hadamard_state": -6.153930225361135,
  "energy_value_exact": -7
}