{
  "expected_value_gibbs_state": -4.916120633309645,
  "expected_value_hadamard_state": -3.5000034999984995,
  "energy_qaoa_gibbs_state": -5.529039005643645,
  "energy_qaoa_hadamard_state": -5.617230004754589,
  "energy_value_exact": -6
}