{
  "expected_value_gibbs_state": -5.081949294218341,
  "expected_value_hadamard_state": -4.500004499992502,
  "energy_qaoa_gibbs_state": -5.926391022856325,
  "energy_qaoa_hadamard_state": -5.515847608622291,
  "energy_value_exact": -7
}