{
  "expected_value_gibbs_state": -7.853590299166953,
  "expected_value_hadamard_state": -5.500005499988005,
  "energy_qaoa_gibbs_state": -7.909727587294238,
  "energy_qaoa_hadamard_state": -6.877733704173526,
  "energy_value_exact": -8
}