{
  "expected_value_gibbs_state": -5.105737039556455,
  "expected_value_hadamard_state": -4.500004499994003,
  "energy_qaoa_gibbs_state": -5.929667528314162,
  "energy_qaoa_hadamard_state": -5.934600708441207,
  "energy_value_exact": -7
}