{
  "expected_value_gibbs_state": -6.3492800296159055,
  "expected_value_hadamard_state": -5.500005499990999,
  "energy_qaoa_gibbs_state": -7.336662677886497,
  "energy_qaoa_hadamard_state": -6.96280623648537,
  "energy_value_exact": -8
}