{
  "expected_value_gibbs_state": -6.846224420292516,
  "expected_value_hadamard_state": -6.0000059999865005,
  "energy_qaoa_gibbs_state": -7.817575254328737,
  "energy_qaoa_hadamard_state": -8.083557984710684,
  "energy_value_exact": -9
}