{
  "expected_value_gibbs_state": -5.114017794090894,
  "expected_value_hadamard_state": -4.500004499994001,
  "energy_qaoa_gibbs_state": -6.525310714131924,
  "energy_qaoa_hadamard_state": -6.391547741658469,
  "energy_value_exact": -7
}