{
  "expected_value_gibbs_state": -6.600709050292339,
  "expected_value_hadamard_state": -5.500005499987998,
  "energy_qaoa_gibbs_state": -7.195462773846239,
  "energy_qaoa_hadamard_state": -7.328238320805404,
  "energy_value_exact": -8
}