{
  "expected_value_gibbs_state": -7.667847064403645,
  "expected_value_hadamard_state": -6.000005999983501,
  "energy_qaoa_gibbs_state": -7.789960253792046,
  "energy_qaoa_hadamard_state": -7.5434943167381,
  "energy_value_exact": -8
}