{
  "expected_value_gibbs_state": -6.950787834088555,
  "expected_value_hadamard_state": -5.000004999991002,
  "energy_qaoa_gibbs_state": -6.986976019808591,
  "energy_qaoa_hadamard_state": -6.539271640940475,
  "energy_value_exact": -7
}