{
  "expected_value_gibbs_state": -6.600709050292338,
  "expected_value_hadamard_state": -5.5000054999879975,
  "energy_qaoa_gibbs_state": -7.635661395230326,
  "energy_qaoa_hadamard_state": -6.9647467344751215,
  "energy_value_exact": -8
}