{
  "expected_value_gibbs_state": -5.894558800377051,
  "expected_value_hadamard_state": -3.5000034999969993,
  "energy_qaoa_gibbs_state": -5.95660832472404,
  "energy_qaoa_hadamard_state": -4.960707345703641,
  "energy_value_exact": -6
}