{
  "expected_value_gibbs_state": -4.145494203953149,
  "expected_value_hadamard_state": -3.5000034999984995,
  "energy_qaoa_gibbs_state": -5.618785925465405,
  "energy_qaoa_hadamard_state": -5.386773486172458,
  "energy_value_exact": -6
}