{
  "expected_value_gibbs_state": -7.94444544889301,
  "expected_value_hadamard_state": -5.500005499987999,
  "energy_qaoa_gibbs_state": -7.897100129275382,
  "energy_qaoa_hadamard_state": -7.418260184414843,
  "energy_value_exact": -8
}