{
  "expected_value_gibbs_state": -8.318980546558972,
  "expected_value_hadamard_state": -6.500006499980497,
  "energy_qaoa_gibbs_state": -8.53316055662133,
  "energy_qaoa_hadamard_state": -7.887239106164728,
  "energy_value_exact": -9
}