{
  "expected_value_gibbs_state": -3.7622773835489225,
  "expected_value_hadamard_state": -3.0000029999999986,
  "energy_qaoa_gibbs_state": -5.3762021777823605,
  "energy_qaoa_hadamard_state": -5.491267262706339,
  "energy_value_exact": -6
}