{
  "expected_value_gibbs_state": -8.940987301581982,
  "expected_value_hadamard_state": -6.000005999986502,
  "energy_qaoa_gibbs_state": -8.941248536796396,
  "energy_qaoa_hadamard_state": -7.586192739510578,
  "energy_value_exact": -9
}