{
  "expected_value_gibbs_state": -5.790254431193213,
  "expected_value_hadamard_state": -4.500004499994,
  "energy_qaoa_gibbs_state": -6.371900897192025,
  "energy_qaoa_hadamard_state": -6.261241584349521,
  "energy_value_exact": -7
}