{
  "expected_value_gibbs_state": -7.21182462583594,
  "expected_value_hadamard_state": -6.500006499980495,
  "energy_qaoa_gibbs_state": -8.014806255370956,
  "energy_qaoa_hadamard_state": -8.505509041313372,
  "energy_value_exact": -9
}