{
  "expected_value_gibbs_state": -6.598000858628722,
  "expected_value_hadamard_state": -4.500004499994001,
  "energy_qaoa_gibbs_state": -6.84707674945993,
  "energy_qaoa_hadamard_state": -6.521189847714042,
  "energy_value_exact": -7
}