{
  "expected_value_gibbs_state": -5.081949294218334,
  "expected_value_hadamard_state": -4.500004499992502,
  "energy_qaoa_gibbs_state": -6.550872425155944,
  "energy_qaoa_hadamard_state": -5.780037090503601,
  "energy_value_exact": -7
}