{
  "expected_value_gibbs_state": -4.04502495893461,
  "expected_value_hadamard_state": -3.500003499998499,
  "energy_qaoa_gibbs_state": -5.692706792309629,
  "energy_qaoa_hadamard_state": -5.455273618513337,
  "energy_value_exact": -6
}