{
  "expected_value_gibbs_state": -6.760035681680206,
  "expected_value_hadamard_state": -6.0000059999835,
  "energy_qaoa_gibbs_state": -7.736365171059379,
  "energy_qaoa_hadamard_state": -7.480218177612821,
  "energy_value_exact": -8
}