{
  "expected_value_gibbs_state": -6.403929311332683,
  "expected_value_hadamard_state": -5.500005499987999,
  "energy_qaoa_gibbs_state": -7.335135644342282,
  "energy_qaoa_hadamard_state": -6.8396808183894935,
  "energy_value_exact": -8
}