{
  "expected_value_gibbs_state": -7.341101170102338,
  "expected_value_hadamard_state": -6.500006499981998,
  "energy_qaoa_gibbs_state": -8.10873195663665,
  "energy_qaoa_hadamard_state": -8.14432719199178,
  "energy_value_exact": -9
}