{
  "expected_value_gibbs_state": -5.7055119472062445,
  "expected_value_hadamard_state": -5.000004999994003,
  "energy_qaoa_gibbs_state": -6.809742824472236,
  "energy_qaoa_hadamard_state": -6.63408352120789,
  "energy_value_exact": -8
}