{
  "expected_value_gibbs_state": -4.874319156558839,
  "expected_value_hadamard_state": -4.000003999997,
  "energy_qaoa_gibbs_state": -6.302175759561916,
  "energy_qaoa_hadamard_state": -6.017424316336727,
  "energy_value_exact": -7
}