{
  "expected_value_gibbs_state": -6.379831808403179,
  "expected_value_hadamard_state": -5.500005499987998,
  "energy_qaoa_gibbs_state": -6.981991375882057,
  "energy_qaoa_hadamard_state": -6.953580642040183,
  "energy_value_exact": -8
}