{
  "expected_value_gibbs_state": -7.025151407143261,
  "expected_value_hadamard_state": -6.000005999983501,
  "energy_qaoa_gibbs_state": -7.46470706240307,
  "energy_qaoa_hadamard_state": -7.330338719625953,
  "energy_value_exact": -8
}