{
  "expected_value_gibbs_state": -7.441627889074763,
  "expected_value_hadamard_state": -5.500005499990997,
  "energy_qaoa_gibbs_state": -7.955676090319768,
  "energy_qaoa_hadamard_state": -8.03181619981853,
  "energy_value_exact": -9
}