{
  "expected_value_gibbs_state": -5.774917604852013,
  "expected_value_hadamard_state": -4.000003999996998,
  "energy_qaoa_gibbs_state": -5.9803379221298965,
  "energy_qaoa_hadamard_state": -5.667867987278081,
  "energy_value_exact": -6
}