{
  "expected_value_gibbs_state": -7.257284820370566,
  "expected_value_hadamard_state": -6.000005999983502,
  "energy_qaoa_gibbs_state": -7.801365825588412,
  "energy_qaoa_hadamard_state": -7.835515266347869,
  "energy_value_exact": -8
}