{
  "expected_value_gibbs_state": -5.768820710861132,
  "expected_value_hadamard_state": -5.000004999992501,
  "energy_qaoa_gibbs_state": -6.45593836520265,
  "energy_qaoa_hadamard_state": -6.628269892843782,
  "energy_value_exact": -7
}