{
  "expected_value_gibbs_state": -4.558400446710019,
  "expected_value_hadamard_state": -3.500003499996998,
  "energy_qaoa_gibbs_state": -4.961994134433651,
  "energy_qaoa_hadamard_state": -4.740978416727755,
  "energy_value_exact": -5
}