{
  "energy_dmrg": [
    -20.04019943557342,
    -20.46093642435177,
    -20.493328791971965,
    -20.51390703350916,
    -21.01384642341147,
    -21.51384642341147,
    -22.55568288038893,
    -22.996438092118808,
    -23.493090585249952,
    -23.510378222458623,
    -23.513781391152193,
    -23.513781391139954,
    -23.513785813332706,
    -23.5137858133319,
    -23.51378581330135,
    -27.52756958103387,
    -27.52757162659045,
    -27.527086451728934,
    -25.479211585568983,
    -25.989699846501807,
    -25.999939384373484,
    -25.999999995045272
  ],
  "exact_energy": -28.0
}