{
  "energy_tevo": [
    -20.04625948163076,
    -20.394062660594624,
    -20.712078033075272,
    -21.010302658034828,
    -21.29692861490594,
    -21.577582901605393,
    -21.856089046715617,
    -22.134990142916415,
    -22.41590547320014,
    -22.699730501466906,
    -22.986738742169543,
    -23.276631516827408,
    -23.568569887171535,
    -23.861213954991275,
    -24.152786395762476,
    -24.441168223479494,
    -24.724025576990073,
    -24.99895806776023,
    -25.263653474354854,
    -25.516031376364133,
    -25.754359899507925,
    -25.977334421669248
  ],
  "exact_energy": -28.0
}