{
  "expected_value_gibbs_state": -13.392208435986355,
  "expected_value_psgibbs_state": -13.23084019127649,
  "energy_qaoa_gibbs_state": -14.460844479539755,
  "energy_qaoa_psgibbs_state": -14.505370678499737,
  "energy_value_exact": -16,
  "entropy_gibbs_state": 6.517497881633382,
  "entropy_psgibbs_state": 5.984398817674344
}