{
  "expected_value_gibbs_state": -13.134988600676706,
  "expected_value_psgibbs_state": -13.008531592650677,
  "energy_qaoa_gibbs_state": -15.492235114073281,
  "energy_qaoa_psgibbs_state": -13.02629426647892,
  "energy_value_exact": -17,
  "entropy_gibbs_state": 6.43266476343365,
  "entropy_psgibbs_state": 5.447440805099071
}