{
  "expected_value_gibbs_state": -13.392208435986355,
  "expected_value_psgibbs_state": -13.00000000026593,
  "energy_qaoa_gibbs_state": -14.947311710641152,
  "energy_qaoa_psgibbs_state": -13.000000000618549,
  "energy_value_exact": -16,
  "entropy_gibbs_state": 6.517497881633382,
  "entropy_psgibbs_state": 5.225746679711721
}