{
  "expected_value_gibbs_state": -10.262473641469159,
  "expected_value_psgibbs_state": -9.99999999999998,
  "energy_qaoa_gibbs_state": -12.082480167858582,
  "energy_qaoa_psgibbs_state": -10.000000000000075,
  "energy_value_exact": -14,
  "entropy_gibbs_state": 6.517387465313965,
  "entropy_psgibbs_state": 5.170483995038138
}