{
  "expected_value_gibbs_state": -10.262473641469159,
  "expected_value_psgibbs_state": -10.003235395505826,
  "energy_qaoa_gibbs_state": -12.252362609835114,
  "energy_qaoa_psgibbs_state": -9.989034406692483,
  "energy_value_exact": -14,
  "entropy_gibbs_state": 6.517387465313965,
  "entropy_psgibbs_state": 5.190803383057333
}