{
  "expected_value_gibbs_state": -14.670496084242943,
  "expected_value_psgibbs_state": -14.711987262482177,
  "energy_qaoa_gibbs_state": -16.74373784666745,
  "energy_qaoa_psgibbs_state": -15.107958271102289,
  "energy_value_exact": -18,
  "entropy_gibbs_state": 6.445860641640758,
  "entropy_psgibbs_state": 5.490802561227353
}