{
  "expected_value_gibbs_state": -13.597456014713446,
  "expected_value_psgibbs_state": -13.427266647274955,
  "energy_qaoa_gibbs_state": -16.955472757097667,
  "energy_qaoa_psgibbs_state": -13.40271578342329,
  "energy_value_exact": -18,
  "entropy_gibbs_state": 6.278354738809063,
  "entropy_psgibbs_state": 5.289096917026702
}