{
  "expected_value_gibbs_state": -13.597456014713446,
  "expected_value_psgibbs_state": -13.748772864980392,
  "energy_qaoa_gibbs_state": -16.368775754166958,
  "energy_qaoa_psgibbs_state": -13.892617563687685,
  "energy_value_exact": -18,
  "entropy_gibbs_state": 6.278354738809063,
  "entropy_psgibbs_state": 4.82238356175882
}