{
  "expected_value_gibbs_state": -10.262473641469159,
  "expected_value_psgibbs_state": -10.084470965125586,
  "energy_qaoa_gibbs_state": -12.332850059959362,
  "energy_qaoa_psgibbs_state": -10.413173671080447,
  "energy_value_exact": -14,
  "entropy_gibbs_state": 6.517387465313965,
  "entropy_psgibbs_state": 5.441980417518203
}