{
  "expected_value_gibbs_state": -14.670496084242943,
  "expected_value_psgibbs_state": -14.492700811095762,
  "energy_qaoa_gibbs_state": -15.785434470148834,
  "energy_qaoa_psgibbs_state": -15.454588060751249,
  "energy_value_exact": -18,
  "entropy_gibbs_state": 6.445860641640758,
  "entropy_psgibbs_state": 5.865633035933031
}