{
  "expected_value_gibbs_state": -14.336854370025566,
  "expected_value_psgibbs_state": -14.157706145583763,
  "energy_qaoa_gibbs_state": -16.525595545615072,
  "energy_qaoa_psgibbs_state": -14.909957047821388,
  "energy_value_exact": -19,
  "entropy_gibbs_state": 6.376203186662264,
  "entropy_psgibbs_state": 5.734856214055697
}