{
  "expected_value_gibbs_state": -13.765768294318754,
  "expected_value_psgibbs_state": -13.999999999999986,
  "energy_qaoa_gibbs_state": -15.900242253209006,
  "energy_qaoa_psgibbs_state": -13.940425943099473,
  "energy_value_exact": -18,
  "entropy_gibbs_state": 6.39426592159794,
  "entropy_psgibbs_state": 4.499809670330272
}