{
  "expected_value_gibbs_state": -11.060844441135549,
  "expected_value_psgibbs_state": -10.99999999999999,
  "energy_qaoa_gibbs_state": -12.791625831094905,
  "energy_qaoa_psgibbs_state": -10.936278891182155,
  "energy_value_exact": -15,
  "entropy_gibbs_state": 6.4272868324509735,
  "entropy_psgibbs_state": 4.770684624465668
}