{
  "expected_value_gibbs_state": -13.597456014713446,
  "expected_value_psgibbs_state": -13.338059087444663,
  "energy_qaoa_gibbs_state": -15.627334467040644,
  "energy_qaoa_psgibbs_state": -14.592720062043147,
  "energy_value_exact": -18,
  "entropy_gibbs_state": 6.278354738809063,
  "entropy_psgibbs_state": 5.403315343455739
}