{
  "expected_value_gibbs_state": -14.670496084242943,
  "expected_value_psgibbs_state": -14.565034989337773,
  "energy_qaoa_gibbs_state": -16.381035561269915,
  "energy_qaoa_psgibbs_state": -15.170002365371472,
  "energy_value_exact": -18,
  "entropy_gibbs_state": 6.445860641640758,
  "entropy_psgibbs_state": 5.699324528997719
}