{
  "expected_value_gibbs_state": -14.26806127303932,
  "expected_value_psgibbs_state": -13.999999999999966,
  "energy_qaoa_gibbs_state": -16.730279965782216,
  "energy_qaoa_psgibbs_state": -14.00000000000009,
  "energy_value_exact": -19,
  "entropy_gibbs_state": 6.403765757681758,
  "entropy_psgibbs_state": 4.867534450455573
}