{
  "expected_value_gibbs_state": -13.392208435986355,
  "expected_value_psgibbs_state": -13.052904257558563,
  "energy_qaoa_gibbs_state": -15.331192220112307,
  "energy_qaoa_psgibbs_state": -13.29995617208301,
  "energy_value_exact": -16,
  "entropy_gibbs_state": 6.517497881633382,
  "entropy_psgibbs_state": 5.4068269985638295
}