{
  "expected_value_gibbs_state": -13.333137217975771,
  "expected_value_psgibbs_state": -13.212110852616052,
  "energy_qaoa_gibbs_state": -13.980748888628753,
  "energy_qaoa_psgibbs_state": -13.94772167823248,
  "energy_value_exact": -16,
  "entropy_gibbs_state": 6.535425174913423,
  "entropy_psgibbs_state": 5.850215164704253
}