{
  "expected_value_gibbs_state": -13.597456014713446,
  "expected_value_psgibbs_state": -13.99999998996913,
  "energy_qaoa_gibbs_state": -15.439375716299846,
  "energy_qaoa_psgibbs_state": -13.999999990096416,
  "energy_value_exact": -18,
  "entropy_gibbs_state": 6.278354738809063,
  "entropy_psgibbs_state": 3.98898425211019
}