{
  "expected_value_gibbs_state": -13.992628119978619,
  "expected_value_psgibbs_state": -14.000000000000039,
  "energy_qaoa_gibbs_state": -16.060026578430197,
  "energy_qaoa_psgibbs_state": -14.000000000000073,
  "energy_value_exact": -18,
  "entropy_gibbs_state": 6.492421949695372,
  "entropy_psgibbs_state": 5.010635294096261
}