{
  "expected_value_gibbs_state": -10.262473641469159,
  "expected_value_psgibbs_state": -10.127983168474625,
  "energy_qaoa_gibbs_state": -12.205879858645162,
  "energy_qaoa_psgibbs_state": -11.237310535496079,
  "energy_value_exact": -14,
  "entropy_gibbs_state": 6.517387465313965,
  "entropy_psgibbs_state": 5.9579966007599
}