{
  "energy_tevo": [
    -4.003997995255631,
    -4.007989984618416,
    -4.011975996255797,
    -4.015956058330863,
    -4.019930199000299,
    -4.023898446412338,
    -4.027860828704755,
    -4.03181737400285,
    -4.03576811041749,
    -4.0397130660431415,
    -4.043652268955934,
    -4.047585747211737,
    -4.051513528844266,
    -4.055435641863202,
    -4.059352114252332,
    -4.063262973967703,
    -4.0671682489358165,
    -4.071067967051807,
    -4.0749621561776745,
    -4.078850844140522,
    -4.082734058730807,
    -4.0866118277006205,
    -4.090484178761977,
    -4.09435113958514,
    -4.098212737796951,
    -4.102069000979173,
    -4.105919956666878,
    -4.109765632346831,
    -4.11360605545589,
    -4.117441253379447,
    -4.121271253449873,
    -4.125096082944973,
    -4.128915769086479,
    -4.132730339038562,
    -4.13653981990633,
    -4.140344238734382,
    -4.144143622505362,
    -4.147937998138532,
    -4.1517273924883735,
    -4.155511832343187,
    -4.159291344423732,
    -4.163065955381865,
    -4.166835691799214,
    -4.170600580185856,
    -4.174360646979015,
    -4.178115918541778,
    -4.181866421161842,
    -4.18561218105025,
    -4.189353224340174,
    -4.193089577085691,
    -4.196821265260597,
    -4.2005483147572145,
    -4.20427075138525,
    -4.207988600870625,
    -4.211701888854355,
    -4.21541064089145,
    -4.219114882449796,
    -4.222814638909098,
    -4.2265099355597915,
    -4.230200797602021,
    -4.233887250144588,
    -4.2375693182039464,
    -4.241247026703207,
    -4.244920400471139,
    -4.248589464241219,
    -4.252254242650661,
    -4.2559147602394996,
    -4.259571041449649,
    -4.263223110624015,
    -4.266870992005591,
    -4.270514709736585,
    -4.2741542878575665,
    -4.277789750306612,
    -4.281421120918477,
    -4.285048423423781,
    -4.288671681448206,
    -4.292290918511709,
    -4.2959061580277424,
    -4.299517423302513,
    -4.303124737534218,
    -4.306728123812329,
    -4.3103276051168695,
    -4.313923204317716,
    -4.317514944173908,
    -4.321102847332971,
    -4.3246869363302665,
    -4.328267233588332,
    -4.331843761416253,
    -4.33541654200904,
    -4.3389855974470315,
    -4.34255094969528,
    -4.34611262060299,
    -4.349670631902942,
    -4.353225005210936,
    -4.35677576202525,
    -4.36032292372611,
    -4.363866511575181,
    -4.367406546715039,
    -4.3709430501687105,
    -4.3744760428391665
  ],
  "exact_energy": -7.0
}