{
  "expected_value_gibbs_state": -12.628020057063589,
  "expected_value_one_state": -13.0,
  "energy_qaoa_gibbs_state": -13.600996904631426,
  "energy_qaoa_one_state": -12.999999832438847,
  "energy_value_exact": -14
}