{
  "expected_value_gibbs_state": -9.317879747581959,
  "expected_value_one_state": -10.0,
  "energy_qaoa_gibbs_state": -10.783743222295534,
  "energy_qaoa_one_state": -10.000000000000057,
  "energy_value_exact": -11
}