{
  "expected_value_gibbs_state": -12.366856189469987,
  "expected_value_one_state": -13.0,
  "energy_qaoa_gibbs_state": -14.079186390967662,
  "energy_qaoa_one_state": -12.999999788114135,
  "energy_value_exact": -15
}