{
  "expected_value_gibbs_state": -9.318188174337022,
  "expected_value_one_state": -10.0,
  "energy_qaoa_gibbs_state": -11.099392415305639,
  "energy_qaoa_one_state": -9.99999973003241,
  "energy_value_exact": -12
}