{
  "expected_value_gibbs_state": -10.249509659370364,
  "expected_value_one_state": -11.0,
  "energy_qaoa_gibbs_state": -11.771841897394614,
  "energy_qaoa_one_state": -10.99999956849863,
  "energy_value_exact": -12
}