{
  "expected_value_gibbs_state": -10.248423308552255,
  "expected_value_one_state": -11.0,
  "energy_qaoa_gibbs_state": -11.811370735921356,
  "energy_qaoa_one_state": -10.999999986142772,
  "energy_value_exact": -13
}