{
  "expected_value_gibbs_state": -10.114603492996144,
  "expected_value_one_state": -11.0,
  "energy_qaoa_gibbs_state": -11.67880171080323,
  "energy_qaoa_one_state": -10.999999653519312,
  "energy_value_exact": -12
}