{
  "expected_value_gibbs_state": -6.283233704837817,
  "expected_value_one_state": -7.0,
  "energy_qaoa_gibbs_state": -7.4572253157161565,
  "energy_qaoa_one_state": -6.999999861061167,
  "energy_value_exact": -8
}