{
  "expected_value_gibbs_state": -11.154486222660834,
  "expected_value_one_state": -12.0,
  "energy_qaoa_gibbs_state": -13.195912557289631,
  "energy_qaoa_one_state": -11.999999496361015,
  "energy_value_exact": -14
}