{
  "expected_value_gibbs_state": -8.871430691284871,
  "expected_value_one_state": -9.0,
  "energy_qaoa_gibbs_state": -9.761321656224814,
  "energy_qaoa_one_state": -8.99999973038365,
  "energy_value_exact": -10
}