{
  "expected_value_gibbs_state": -9.641927883330554,
  "expected_value_one_state": -10.0,
  "energy_qaoa_gibbs_state": -11.758618450982773,
  "energy_qaoa_one_state": -9.999999988694036,
  "energy_value_exact": -13
}