{
  "expected_value_gibbs_state": -11.3574374392684,
  "expected_value_one_state": -12.0,
  "energy_qaoa_gibbs_state": -13.434805587063943,
  "energy_qaoa_one_state": -11.999999819164719,
  "energy_value_exact": -14
}