{
  "expected_value_gibbs_state": -7.4847948729221665,
  "expected_value_one_state": -8.0,
  "energy_qaoa_gibbs_state": -8.821480426649742,
  "energy_qaoa_one_state": -7.99999983340198,
  "energy_value_exact": -9
}