{
  "expected_value_gibbs_state": -9.634417625325904,
  "expected_value_one_state": -10.0,
  "energy_qaoa_gibbs_state": -11.639253284036547,
  "energy_qaoa_one_state": -9.99999998800701,
  "energy_value_exact": -13
}