{
  "expected_value_gibbs_state": -9.085085265269898,
  "expected_value_one_state": -10.0,
  "energy_qaoa_gibbs_state": -11.507362310511137,
  "energy_qaoa_one_state": -9.999999951121364,
  "energy_value_exact": -12
}