{
  "expected_value_gibbs_state": -11.542876737365527,
  "expected_value_one_state": -12.0,
  "energy_qaoa_gibbs_state": -12.741254690951806,
  "energy_qaoa_one_state": -11.999999620415775,
  "energy_value_exact": -13
}