{
  "expected_value_gibbs_state": -6.922068101610183,
  "expected_value_one_state": -7.0,
  "energy_qaoa_gibbs_state": -8.603642404789431,
  "energy_qaoa_one_state": -6.999999829968421,
  "energy_value_exact": -9
}