{
  "expected_value_gibbs_state": -11.603393871130784,
  "expected_value_one_state": -12.0,
  "energy_qaoa_gibbs_state": -13.007415838302189,
  "energy_qaoa_one_state": -11.999999985192161,
  "energy_value_exact": -14
}