{
  "expected_value_gibbs_state": -5.535925240263991,
  "expected_value_one_state": -6.0,
  "energy_qaoa_gibbs_state": -7.440458031120073,
  "energy_qaoa_one_state": -6.100623254808405,
  "energy_value_exact": -8
}