{
  "expected_value_gibbs_state": -11.639207303440461,
  "expected_value_one_state": -12.0,
  "energy_qaoa_gibbs_state": -13.63976022743009,
  "energy_qaoa_one_state": -11.999999826744276,
  "energy_value_exact": -14
}