{
  "expected_value_gibbs_state": -9.490762934650979,
  "expected_value_one_state": -10.0,
  "energy_qaoa_gibbs_state": -10.461008045363826,
  "energy_qaoa_one_state": -10.000000000000096,
  "energy_value_exact": -12
}