{
  "expected_value_gibbs_state": -13.009733305274427,
  "expected_value_one_state": -14.0,
  "energy_qaoa_gibbs_state": -14.531967920931793,
  "energy_qaoa_one_state": -13.999999566455216,
  "energy_value_exact": -15
}