{
  "expected_value_gibbs_state": -5.568963827190017,
  "expected_value_one_state": -6.0,
  "energy_qaoa_gibbs_state": -6.534451956584787,
  "energy_qaoa_one_state": -5.999999871560492,
  "energy_value_exact": -7
}