{
  "expected_value_gibbs_state": -6.421644775596643,
  "expected_value_one_state": -7.0,
  "energy_qaoa_gibbs_state": -8.259585294675379,
  "energy_qaoa_one_state": -6.9999997928269675,
  "energy_value_exact": -9
}