{
  "expected_value_gibbs_state": -9.06469481491278,
  "expected_value_one_state": -10.0,
  "energy_qaoa_gibbs_state": -10.04893326740111,
  "energy_qaoa_one_state": -9.999999937424716,
  "energy_value_exact": -11
}