{
  "expected_value_gibbs_state": -10.050242966207744,
  "expected_value_one_state": -11.0,
  "energy_qaoa_gibbs_state": -11.574539550782035,
  "energy_qaoa_one_state": -10.999999784564057,
  "energy_value_exact": -12
}