{
  "expected_value_gibbs_state": -8.678924399866267,
  "expected_value_one_state": -9.0,
  "energy_qaoa_gibbs_state": -10.376130639535475,
  "energy_qaoa_one_state": -8.999999722604114,
  "energy_value_exact": -11
}