{
  "expected_value_gibbs_state": -9.118361694584099,
  "expected_value_one_state": -10.0,
  "energy_qaoa_gibbs_state": -10.430154262186406,
  "energy_qaoa_one_state": -9.999999640047436,
  "energy_value_exact": -11
}