{
  "expected_value_gibbs_state": -10.269786680747014,
  "expected_value_one_state": -11.0,
  "energy_qaoa_gibbs_state": -12.122764201307614,
  "energy_qaoa_one_state": -10.999999782985839,
  "energy_value_exact": -13
}