{
  "expected_value_gibbs_state": -10.287041742314551,
  "expected_value_one_state": -11.0,
  "energy_qaoa_gibbs_state": -12.70108355483572,
  "energy_qaoa_one_state": -10.99999973922404,
  "energy_value_exact": -13
}