{
  "expected_value_gibbs_state": -7.908138036093832,
  "expected_value_one_state": -8.0,
  "energy_qaoa_gibbs_state": -9.079538253453963,
  "energy_qaoa_one_state": -7.999999960271934,
  "energy_value_exact": -10
}