{
  "expected_value_gibbs_state": -9.11537669836438,
  "expected_value_one_state": -10.0,
  "energy_qaoa_gibbs_state": -10.26268004803126,
  "energy_qaoa_one_state": -9.999999920777183,
  "energy_value_exact": -11
}