{
  "expected_value_gibbs_state": -9.013990069195211,
  "expected_value_one_state": -10.0,
  "energy_qaoa_gibbs_state": -11.04309188777761,
  "energy_qaoa_one_state": -10.00000000000003,
  "energy_value_exact": -12
}