{
  "expected_value_gibbs_state": -8.622416832867142,
  "expected_value_one_state": -9.0,
  "energy_qaoa_gibbs_state": -10.476628187404495,
  "energy_qaoa_one_state": -8.999999883097697,
  "energy_value_exact": -11
}