{
  "expected_value_gibbs_state": -8.612355481420582,
  "expected_value_one_state": -9.0,
  "energy_qaoa_gibbs_state": -10.274641131716486,
  "energy_qaoa_one_state": -8.999999856279635,
  "energy_value_exact": -11
}