{
  "expected_value_gibbs_state": -9.900213024728266,
  "expected_value_one_state": -10.0,
  "energy_qaoa_gibbs_state": -11.592770775388361,
  "energy_qaoa_one_state": -9.999999730174542,
  "energy_value_exact": -12
}