{
  "expected_value_gibbs_state": -5.657176773492276,
  "expected_value_one_state": -6.0,
  "energy_qaoa_gibbs_state": -7.340166377703595,
  "energy_qaoa_one_state": -6.04410000867079,
  "energy_value_exact": -9
}