{
  "expected_value_gibbs_state": -10.968502442166045,
  "expected_value_one_state": -11.0,
  "energy_qaoa_gibbs_state": -12.404614037268633,
  "energy_qaoa_one_state": -11.133901403186435,
  "energy_value_exact": -13
}