{
  "expected_value_gibbs_state": -6.187556637525254,
  "expected_value_one_state": -7.0,
  "energy_qaoa_gibbs_state": -7.769546208759387,
  "energy_qaoa_one_state": -6.999999999999928,
  "energy_value_exact": -9
}