{
  "expected_value_gibbs_state": -9.469244894963918,
  "expected_value_one_state": -10.0,
  "energy_qaoa_gibbs_state": -10.447000261436965,
  "energy_qaoa_one_state": -10.000000000000071,
  "energy_value_exact": -12
}