{
  "expected_value_gibbs_state": -8.316182519685242,
  "expected_value_one_state": -9.0,
  "energy_qaoa_gibbs_state": -9.664109126754115,
  "energy_qaoa_one_state": -8.999999999999991,
  "energy_value_exact": -11
}