{
  "expected_value_gibbs_state": -10.876945164729571,
  "expected_value_one_state": -11.0,
  "energy_qaoa_gibbs_state": -12.919314933981612,
  "energy_qaoa_one_state": -10.999999831597519,
  "energy_value_exact": -14
}