{
  "expected_value_gibbs_state": -9.230160812807698,
  "expected_value_one_state": -10.0,
  "energy_qaoa_gibbs_state": -10.5557127046505,
  "energy_qaoa_one_state": -9.999999771175652,
  "energy_value_exact": -11
}