{
  "expected_value_gibbs_state": -8.84949180419592,
  "expected_value_one_state": -9.0,
  "energy_qaoa_gibbs_state": -10.897567756360916,
  "energy_qaoa_one_state": -8.999999670986531,
  "energy_value_exact": -11
}