{
  "expected_value_gibbs_state": -11.265975006625892,
  "expected_value_one_state": -12.0,
  "energy_qaoa_gibbs_state": -12.757157200680975,
  "energy_qaoa_one_state": -11.999999825317419,
  "energy_value_exact": -14
}