{
  "expected_value_gibbs_state": -8.278923338283443,
  "expected_value_one_state": -9.0,
  "energy_qaoa_gibbs_state": -10.29601963153047,
  "energy_qaoa_one_state": -8.999999746359675,
  "energy_value_exact": -11
}