{
  "expected_value_gibbs_state": -11.218761698966581,
  "expected_value_one_state": -12.0,
  "energy_qaoa_gibbs_state": -12.399936283742942,
  "energy_qaoa_one_state": -11.999999868712534,
  "energy_value_exact": -13
}