{
  "expected_value_gibbs_state": -10.014298821303992,
  "expected_value_one_state": -11.0,
  "energy_qaoa_gibbs_state": -11.453796441874008,
  "energy_qaoa_one_state": -10.999999773587513,
  "energy_value_exact": -12
}