{
  "expected_value_gibbs_state": -9.602671367986302,
  "expected_value_one_state": -10.0,
  "energy_qaoa_gibbs_state": -11.621927998450893,
  "energy_qaoa_one_state": -9.99999983289167,
  "energy_value_exact": -13
}