{
  "expected_value_gibbs_state": -8.736693637966544,
  "expected_value_one_state": -9.0,
  "energy_qaoa_gibbs_state": -10.2540449089149,
  "energy_qaoa_one_state": -8.999999907368318,
  "energy_value_exact": -11
}