{
  "expected_value_gibbs_state": -10.979664360585453,
  "expected_value_one_state": -11.0,
  "energy_qaoa_gibbs_state": -12.378370647237787,
  "energy_qaoa_one_state": -10.999999915023924,
  "energy_value_exact": -13
}