{
  "expected_value_gibbs_state": -11.211851718755774,
  "expected_value_one_state": -12.0,
  "energy_qaoa_gibbs_state": -12.938271356488372,
  "energy_qaoa_one_state": -11.999999875637918,
  "energy_value_exact": -14
}