{
  "expected_value_gibbs_state": -10.393910587215151,
  "expected_value_one_state": -11.0,
  "energy_qaoa_gibbs_state": -11.640552490695296,
  "energy_qaoa_one_state": -10.999999727499173,
  "energy_value_exact": -12
}