{
  "expected_value_gibbs_state": -8.322463250259215,
  "expected_value_one_state": -9.0,
  "energy_qaoa_gibbs_state": -10.747307873051122,
  "energy_qaoa_one_state": -8.99999996440362,
  "energy_value_exact": -11
}