{
  "expected_value_gibbs_state": -8.721217940346584,
  "expected_value_one_state": -9.0,
  "energy_qaoa_gibbs_state": -10.781349446963233,
  "energy_qaoa_one_state": -8.999999874236218,
  "energy_value_exact": -12
}