{
  "expected_value_gibbs_state": -11.602304517334048,
  "expected_value_one_state": -12.0,
  "energy_qaoa_gibbs_state": -12.486574145184523,
  "energy_qaoa_one_state": -11.999999711433722,
  "energy_value_exact": -13
}