{
  "expected_value_gibbs_state": -8.95687515989845,
  "expected_value_one_state": -9.0,
  "energy_qaoa_gibbs_state": -10.367425153515391,
  "energy_qaoa_one_state": -9.12640508025115,
  "energy_value_exact": -11
}