{
  "expected_value_gibbs_state": -8.78820048612361,
  "expected_value_one_state": -9.0,
  "energy_qaoa_gibbs_state": -10.310353180961739,
  "energy_qaoa_one_state": -8.99999979007194,
  "energy_value_exact": -11
}