{
  "expected_value_gibbs_state": -11.202610704492697,
  "expected_value_one_state": -12.0,
  "energy_qaoa_gibbs_state": -13.572529324788942,
  "energy_qaoa_one_state": -11.99999995725059,
  "energy_value_exact": -15
}