{
  "expected_value_gibbs_state": -9.13686406713406,
  "expected_value_one_state": -10.0,
  "energy_qaoa_gibbs_state": -11.263249059916763,
  "energy_qaoa_one_state": -9.999999803555534,
  "energy_value_exact": -12
}