{
  "expected_value_gibbs_state": -11.080320974655812,
  "expected_value_one_state": -12.0,
  "energy_qaoa_gibbs_state": -12.4462126355879,
  "energy_qaoa_one_state": -11.999999946554139,
  "energy_value_exact": -13
}