{
  "expected_value_gibbs_state": -6.339742787105704,
  "expected_value_one_state": -7.0,
  "energy_qaoa_gibbs_state": -8.887735754158644,
  "energy_qaoa_one_state": -6.999999859371684,
  "energy_value_exact": -9
}