{
  "expected_value_gibbs_state": -10.916161130474856,
  "expected_value_one_state": -11.0,
  "energy_qaoa_gibbs_state": -12.928571991187095,
  "energy_qaoa_one_state": -10.999999920527396,
  "energy_value_exact": -14
}