{
  "expected_value_gibbs_state": -6.686707766267605,
  "expected_value_one_state": -7.0,
  "energy_qaoa_gibbs_state": -7.633474086328948,
  "energy_qaoa_one_state": -7.009433974542596,
  "energy_value_exact": -9
}