{
  "expected_value_gibbs_state": -10.092377553021421,
  "expected_value_one_state": -11.0,
  "energy_qaoa_gibbs_state": -11.011002528373462,
  "energy_qaoa_one_state": -11.000000000000025,
  "energy_value_exact": -13
}