{
  "expected_value_gibbs_state": -11.354467567274387,
  "expected_value_one_state": -12.0,
  "energy_qaoa_gibbs_state": -13.094951153164939,
  "energy_qaoa_one_state": -11.99999980368336,
  "energy_value_exact": -14
}