{
  "expected_value_gibbs_state": -12.765319681820577,
  "expected_value_one_state": -13.0,
  "energy_qaoa_gibbs_state": -13.963229804414597,
  "energy_qaoa_one_state": -12.999999938293975,
  "energy_value_exact": -15
}