{
  "expected_value_gibbs_state": -11.18212781333832,
  "expected_value_one_state": -12.0,
  "energy_qaoa_gibbs_state": -12.319011653674304,
  "energy_qaoa_one_state": -11.999999926583158,
  "energy_value_exact": -13
}