{
  "expected_value_gibbs_state": -7.210591204960934,
  "expected_value_one_state": -8.0,
  "energy_qaoa_gibbs_state": -9.014575426787093,
  "energy_qaoa_one_state": -8.000000000000043,
  "energy_value_exact": -10
}