{
  "expected_value_gibbs_state": -7.9670503370550305,
  "expected_value_one_state": -8.0,
  "energy_qaoa_gibbs_state": -9.783787853039241,
  "energy_qaoa_one_state": -7.999999985803774,
  "energy_value_exact": -11
}