{
  "expected_value_gibbs_state": -10.2441481448722,
  "expected_value_one_state": -11.0,
  "energy_qaoa_gibbs_state": -11.418341371974178,
  "energy_qaoa_one_state": -10.999999875114408,
  "energy_value_exact": -12
}