{
  "expected_value_gibbs_state": -10.609708259721959,
  "expected_value_one_state": -11.0,
  "energy_qaoa_gibbs_state": -12.413535723218013,
  "energy_qaoa_one_state": -10.999999982586516,
  "energy_value_exact": -13
}