{
  "expected_value_gibbs_state": -10.812296420870558,
  "expected_value_one_state": -11.0,
  "energy_qaoa_gibbs_state": -12.481743717370412,
  "energy_qaoa_one_state": -10.999999928388672,
  "energy_value_exact": -13
}