{
  "expected_value_gibbs_state": -8.275767660320295,
  "expected_value_one_state": -9.0,
  "energy_qaoa_gibbs_state": -9.705307742789017,
  "energy_qaoa_one_state": -8.999999518531238,
  "energy_value_exact": -10
}