{
  "expected_value_gibbs_state": -10.610282527125653,
  "expected_value_one_state": -11.0,
  "energy_qaoa_gibbs_state": -11.541792750337443,
  "energy_qaoa_one_state": -10.999999693882307,
  "energy_value_exact": -12
}