{
  "expected_value_gibbs_state": -9.608016822385064,
  "expected_value_one_state": -10.0,
  "energy_qaoa_gibbs_state": -10.585163529790226,
  "energy_qaoa_one_state": -9.999999999999972,
  "energy_value_exact": -13
}