{
  "expected_value_gibbs_state": -11.297030223735295,
  "expected_value_one_state": -12.0,
  "energy_qaoa_gibbs_state": -13.44519354521083,
  "energy_qaoa_one_state": -11.999999739383052,
  "energy_value_exact": -14
}