{
  "expected_value_gibbs_state": -10.631582549767165,
  "expected_value_one_state": -11.0,
  "energy_qaoa_gibbs_state": -12.439211473164718,
  "energy_qaoa_one_state": -10.999999974358253,
  "energy_value_exact": -13
}