{
  "expected_value_gibbs_state": -7.370900081974265,
  "expected_value_one_state": -8.0,
  "energy_qaoa_gibbs_state": -8.592831221215738,
  "energy_qaoa_one_state": -7.999999927574023,
  "energy_value_exact": -9
}