{
  "expected_value_gibbs_state": -9.160461545799695,
  "expected_value_one_state": -10.0,
  "energy_qaoa_gibbs_state": -10.936484252708322,
  "energy_qaoa_one_state": -9.99999999043257,
  "energy_value_exact": -12
}