{
  "expected_value_gibbs_state": -10.194240616967882,
  "expected_value_one_state": -11.0,
  "energy_qaoa_gibbs_state": -12.101539140133799,
  "energy_qaoa_one_state": -10.999999867852777,
  "energy_value_exact": -13
}