{
  "expected_value_gibbs_state": -10.212096003282436,
  "expected_value_one_state": -11.0,
  "energy_qaoa_gibbs_state": -12.238285752999072,
  "energy_qaoa_one_state": -10.999999950176745,
  "energy_value_exact": -13
}