{
  "expected_value_gibbs_state": -10.466138580437406,
  "expected_value_one_state": -11.0,
  "energy_qaoa_gibbs_state": -11.181175754012003,
  "energy_qaoa_one_state": -11.000000000000068,
  "energy_value_exact": -13
}