{
  "expected_value_gibbs_state": -8.47914191877729,
  "expected_value_one_state": -9.0,
  "energy_qaoa_gibbs_state": -9.826297316209313,
  "energy_qaoa_one_state": -8.674165222573933,
  "energy_value_exact": -11
}