{
  "expected_value_gibbs_state": -8.591124181130427,
  "expected_value_one_state": -9.0,
  "energy_qaoa_gibbs_state": -9.591458676125201,
  "energy_qaoa_one_state": -8.999999670394976,
  "energy_value_exact": -10
}