{
  "expected_value_gibbs_state": -5.993465222052302,
  "expected_value_one_state": -6.0,
  "energy_qaoa_gibbs_state": -7.3040259550448265,
  "energy_qaoa_one_state": -6.301927523074529,
  "energy_value_exact": -8
}