{
  "expected_value_gibbs_state": -8.999856686930643,
  "expected_value_one_state": -9.0,
  "energy_qaoa_gibbs_state": -10.024787351251678,
  "energy_qaoa_one_state": -8.999999890453859,
  "energy_value_exact": -11
}