{
  "expected_value_gibbs_state": -10.762117584530563,
  "expected_value_one_state": -11.0,
  "energy_qaoa_gibbs_state": -12.089699648191292,
  "energy_qaoa_one_state": -10.999999867729915,
  "energy_value_exact": -13
}