{
  "expected_value_gibbs_state": -7.186095928677577,
  "expected_value_one_state": -8.0,
  "energy_qaoa_gibbs_state": -9.212932960551363,
  "energy_qaoa_one_state": -7.9999999999992095,
  "energy_value_exact": -10
}