{
  "expected_value_gibbs_state": -5.715444734869513,
  "expected_value_one_state": -6.0,
  "energy_qaoa_gibbs_state": -7.398770053330152,
  "energy_qaoa_one_state": -5.9999998364972695,
  "energy_value_exact": -8
}