{
  "expected_value_gibbs_state": -6.752960823110191,
  "expected_value_one_state": -7.0,
  "energy_qaoa_gibbs_state": -9.201487642069473,
  "energy_qaoa_one_state": -6.983071518385613,
  "energy_value_exact": -10
}