{
  "expected_value_gibbs_state": -9.86348668089472,
  "expected_value_one_state": -10.0,
  "energy_qaoa_gibbs_state": -12.114390361437609,
  "energy_qaoa_one_state": -9.999999980619718,
  "energy_value_exact": -13
}