{
  "expected_value_gibbs_state": -5.715444734869515,
  "expected_value_one_state": -6.0,
  "energy_qaoa_gibbs_state": -7.398002888720965,
  "energy_qaoa_one_state": -5.999999804176946,
  "energy_value_exact": -8
}