{
  "expected_value_gibbs_state": -6.61331274127654,
  "expected_value_one_state": -7.0,
  "energy_qaoa_gibbs_state": -8.333766655258353,
  "energy_qaoa_one_state": -6.9999999731598,
  "energy_value_exact": -9
}