{
  "expected_value_gibbs_state": -7.695892213647045,
  "expected_value_one_state": -8.0,
  "energy_qaoa_gibbs_state": -9.186111369922795,
  "energy_qaoa_one_state": -7.975428311192481,
  "energy_value_exact": -10
}