{
  "expected_value_gibbs_state": -10.142073891279324,
  "expected_value_one_state": -11.0,
  "energy_qaoa_gibbs_state": -12.433462904943573,
  "energy_qaoa_one_state": -10.999999938642622,
  "energy_value_exact": -13
}