{
  "expected_value_gibbs_state": -10.86524635397706,
  "expected_value_one_state": -11.0,
  "energy_qaoa_gibbs_state": -12.654532283618071,
  "energy_qaoa_one_state": -10.99999986904308,
  "energy_value_exact": -14
}