{
  "expected_value_gibbs_state": -10.876945164729577,
  "expected_value_one_state": -11.0,
  "energy_qaoa_gibbs_state": -12.812938786003997,
  "energy_qaoa_one_state": -10.999999930047704,
  "energy_value_exact": -14
}