{
  "expected_value_gibbs_state": -6.691485228653408,
  "expected_value_one_state": -7.0,
  "energy_qaoa_gibbs_state": -7.75509276350829,
  "energy_qaoa_one_state": -6.999999993643838,
  "energy_value_exact": -8
}