{
  "expected_value_gibbs_state": -12.004468207489856,
  "expected_value_one_state": -13.0,
  "energy_qaoa_gibbs_state": -13.585171169209302,
  "energy_qaoa_one_state": -12.999999733086925,
  "energy_value_exact": -14
}