{
  "expected_value_gibbs_state": -11.520906996915558,
  "expected_value_one_state": -12.0,
  "energy_qaoa_gibbs_state": -12.239602215693395,
  "energy_qaoa_one_state": -12.000000000000142,
  "energy_value_exact": -14
}