{
  "expected_value_gibbs_state": -9.367079790221325,
  "expected_value_one_state": -10.0,
  "energy_qaoa_gibbs_state": -10.85621841964151,
  "energy_qaoa_one_state": -9.999999554346449,
  "energy_value_exact": -11
}