{
  "expected_value_gibbs_state": -10.846367120616257,
  "expected_value_one_state": -11.0,
  "energy_qaoa_gibbs_state": -12.719447293995229,
  "energy_qaoa_one_state": -10.999999842315145,
  "energy_value_exact": -14
}