{
  "expected_value_gibbs_state": -11.680689922015253,
  "expected_value_one_state": -12.0,
  "energy_qaoa_gibbs_state": -14.323621987091421,
  "energy_qaoa_one_state": -11.999999837721766,
  "energy_value_exact": -15
}