{
  "expected_value_gibbs_state": -6.866384592443516,
  "expected_value_one_state": -7.0,
  "energy_qaoa_gibbs_state": -8.880871858372712,
  "energy_qaoa_one_state": -6.999999904777809,
  "energy_value_exact": -10
}