{
  "expected_value_gibbs_state": -11.279039537369123,
  "expected_value_one_state": -12.0,
  "energy_qaoa_gibbs_state": -12.776201732180033,
  "energy_qaoa_one_state": -11.999999795071057,
  "energy_value_exact": -14
}