{
  "expected_value_gibbs_state": -5.535925240263987,
  "expected_value_one_state": -6.0,
  "energy_qaoa_gibbs_state": -7.2122568695682645,
  "energy_qaoa_one_state": -6.000000000000014,
  "energy_value_exact": -8
}