{
  "expected_value_gibbs_state": -9.831668321777858,
  "expected_value_one_state": -10.0,
  "energy_qaoa_gibbs_state": -10.942482468884963,
  "energy_qaoa_one_state": -9.999999999999961,
  "energy_value_exact": -12
}