{
  "expected_value_gibbs_state": -9.459506461703363,
  "expected_value_one_state": -10.0,
  "energy_qaoa_gibbs_state": -11.546145881209132,
  "energy_qaoa_one_state": -10.340706084740177,
  "energy_value_exact": -12
}