{
  "expected_value_gibbs_state": -6.2051410527403,
  "expected_value_one_state": -7.0,
  "energy_qaoa_gibbs_state": -7.404022795038287,
  "energy_qaoa_one_state": -6.866517227212261,
  "energy_value_exact": -9
}