{
  "expected_value_gibbs_state": -5.3338014003148295,
  "expected_value_one_state": -6.0,
  "energy_qaoa_gibbs_state": -6.401287918260779,
  "energy_qaoa_one_state": -5.999999999999967,
  "energy_value_exact": -7
}