{
  "expected_value_gibbs_state": -11.944681463028559,
  "expected_value_one_state": -12.0,
  "energy_qaoa_gibbs_state": -13.32087493497244,
  "energy_qaoa_one_state": -11.999999792336355,
  "energy_value_exact": -14
}