{
  "expected_value_gibbs_state": -8.024812924380576,
  "expected_value_one_state": -9.0,
  "energy_qaoa_gibbs_state": -10.540663511425963,
  "energy_qaoa_one_state": -8.99999977884187,
  "energy_value_exact": -11
}