{
  "expected_value_gibbs_state": -9.010388060934858,
  "expected_value_one_state": -10.0,
  "energy_qaoa_gibbs_state": -11.205193387879513,
  "energy_qaoa_one_state": -9.999999970828329,
  "energy_value_exact": -12
}