{
  "expected_value_gibbs_state": -10.359046979585143,
  "expected_value_one_state": -11.0,
  "energy_qaoa_gibbs_state": -12.023975573338515,
  "energy_qaoa_one_state": -10.999999734696038,
  "energy_value_exact": -13
}