{
  "expected_value_gibbs_state": -5.460538966787206,
  "expected_value_one_state": -6.0,
  "energy_qaoa_gibbs_state": -6.570006174653799,
  "energy_qaoa_one_state": -5.999999999999925,
  "energy_value_exact": -8
}