{
  "expected_value_gibbs_state": -9.280527627514939,
  "expected_value_one_state": -10.0,
  "energy_qaoa_gibbs_state": -11.147861191745072,
  "energy_qaoa_one_state": -9.999999915498353,
  "energy_value_exact": -12
}