{
  "expected_value_gibbs_state": -9.311065003497479,
  "expected_value_one_state": -10.0,
  "energy_qaoa_gibbs_state": -10.441212522884742,
  "energy_qaoa_one_state": -9.999999682808655,
  "energy_value_exact": -11
}