{
  "expected_value_gibbs_state": -8.347267618811157,
  "expected_value_one_state": -9.0,
  "energy_qaoa_gibbs_state": -9.442737719480938,
  "energy_qaoa_one_state": -8.99999999999995,
  "energy_value_exact": -11
}