{
  "expected_value_gibbs_state": -12.675310537621229,
  "expected_value_one_state": -13.0,
  "energy_qaoa_gibbs_state": -14.59957173321193,
  "energy_qaoa_one_state": -13.197944276232114,
  "energy_value_exact": -15
}