{
  "expected_value_gibbs_state": -9.55092916385406,
  "expected_value_one_state": -10.0,
  "energy_qaoa_gibbs_state": -10.473904914726935,
  "energy_qaoa_one_state": -9.999999721999163,
  "energy_value_exact": -11
}