{
  "expected_value_gibbs_state": -8.53282818493989,
  "expected_value_one_state": -9.0,
  "energy_qaoa_gibbs_state": -9.7496815730672,
  "energy_qaoa_one_state": -8.99999984790178,
  "energy_value_exact": -10
}