{
  "expected_value_gibbs_state": -9.27808523085196,
  "expected_value_one_state": -10.0,
  "energy_qaoa_gibbs_state": -10.135761083938515,
  "energy_qaoa_one_state": -10.000000000000078,
  "energy_value_exact": -11
}