{
  "expected_value_gibbs_state": -9.439191032656707,
  "expected_value_one_state": -10.0,
  "energy_qaoa_gibbs_state": -10.274595801702482,
  "energy_qaoa_one_state": -10.731610377039084,
  "energy_value_exact": -12
}