{
  "expected_value_gibbs_state": -9.545809408728767,
  "expected_value_one_state": -10.0,
  "energy_qaoa_gibbs_state": -11.473527697097047,
  "energy_qaoa_one_state": -9.999999941814123,
  "energy_value_exact": -12
}