{
  "expected_value_gibbs_state": -11.603695630515203,
  "expected_value_one_state": -12.0,
  "energy_qaoa_gibbs_state": -13.304802171618674,
  "energy_qaoa_one_state": -11.999999904892109,
  "energy_value_exact": -14
}