{
  "expected_value_gibbs_state": -8.2435427363615,
  "expected_value_one_state": -9.0,
  "energy_qaoa_gibbs_state": -9.623957346273567,
  "energy_qaoa_one_state": -8.999999734456283,
  "energy_value_exact": -10
}