{
  "expected_value_gibbs_state": -8.654677490671437,
  "expected_value_one_state": -9.0,
  "energy_qaoa_gibbs_state": -10.665745085005529,
  "energy_qaoa_one_state": -8.99999998111845,
  "energy_value_exact": -11
}