{
  "expected_value_gibbs_state": -17.26593260866416,
  "expected_value_psgibbs_state": -17.06886849236291,
  "energy_qaoa_gibbs_state": -19.055518588007033,
  "energy_qaoa_psgibbs_state": -17.754362226462,
  "energy_value_exact": -22,
  "entropy_gibbs_state": 7.67430317388204,
  "entropy_psgibbs_state": 6.985665647522243
}