{
  "expected_value_gibbs_state": -19.8854583343061,
  "expected_value_psgibbs_state": -19.99999999999989,
  "energy_qaoa_gibbs_state": -20.477595614714296,
  "energy_qaoa_psgibbs_state": -20.00000000000028,
  "energy_value_exact": -24,
  "entropy_gibbs_state": 7.674683515358147,
  "entropy_psgibbs_state": 6.049733455231965
}