{
  "expected_value_gibbs_state": -17.042391214770607,
  "expected_value_psgibbs_state": -16.86824442133149,
  "energy_qaoa_gibbs_state": -20.864431609984983,
  "energy_qaoa_psgibbs_state": -18.938884178833064,
  "energy_value_exact": -22,
  "entropy_gibbs_state": 7.58020170971293,
  "entropy_psgibbs_state": 6.759733014192586
}