{
  "expected_value_gibbs_state": -19.391146652615916,
  "expected_value_psgibbs_state": -19.048781977407675,
  "energy_qaoa_gibbs_state": -21.30757237862516,
  "energy_qaoa_psgibbs_state": -19.04668943080003,
  "energy_value_exact": -24,
  "entropy_gibbs_state": 7.6641032490475105,
  "entropy_psgibbs_state": 6.354222494716096
}