{
  "expected_value_gibbs_state": -19.11312562706565,
  "expected_value_psgibbs_state": -19.004334609774155,
  "energy_qaoa_gibbs_state": -20.81208673237829,
  "energy_qaoa_psgibbs_state": -19.507805732914747,
  "energy_value_exact": -23,
  "entropy_gibbs_state": 7.750548126752855,
  "entropy_psgibbs_state": 6.850827482238338
}