{
  "expected_value_gibbs_state": -20.993686921348004,
  "expected_value_psgibbs_state": -20.99998515247123,
  "energy_qaoa_gibbs_state": -23.520735300713813,
  "energy_qaoa_psgibbs_state": -21.00009799346355,
  "energy_value_exact": -26,
  "entropy_gibbs_state": 7.653025937888942,
  "entropy_psgibbs_state": 6.021381303233987
}