{
  "expected_value_gibbs_state": -19.391146652615916,
  "expected_value_psgibbs_state": -19.204130204629017,
  "energy_qaoa_gibbs_state": -20.867060529498666,
  "energy_qaoa_psgibbs_state": -19.726867437725215,
  "energy_value_exact": -24,
  "entropy_gibbs_state": 7.6641032490475105,
  "entropy_psgibbs_state": 6.947330137590338
}