{
  "expected_value_gibbs_state": -19.11312562706565,
  "expected_value_psgibbs_state": -18.999999999999915,
  "energy_qaoa_gibbs_state": -20.40431843520252,
  "energy_qaoa_psgibbs_state": -19.000000000000206,
  "energy_value_exact": -23,
  "entropy_gibbs_state": 7.750548126752855,
  "entropy_psgibbs_state": 6.324358962381398
}