{
  "expected_value_gibbs_state": -19.329090880859045,
  "expected_value_psgibbs_state": -19.205950713083997,
  "energy_qaoa_gibbs_state": -21.645599092392803,
  "energy_qaoa_psgibbs_state": -20.4004753042787,
  "energy_value_exact": -23,
  "entropy_gibbs_state": 7.691337655937554,
  "entropy_psgibbs_state": 6.750073274642186
}