{
  "expected_value_gibbs_state": -17.848111960900674,
  "expected_value_psgibbs_state": -17.999999999999954,
  "energy_qaoa_gibbs_state": -19.935323256501487,
  "energy_qaoa_psgibbs_state": -17.880532814675114,
  "energy_value_exact": -23,
  "entropy_gibbs_state": 7.6513595010115765,
  "entropy_psgibbs_state": 5.793013608384156
}