{
  "expected_value_gibbs_state": -17.184556118120735,
  "expected_value_psgibbs_state": -17.000647187457446,
  "energy_qaoa_gibbs_state": -20.69624201964043,
  "energy_qaoa_psgibbs_state": -17.000805587793266,
  "energy_value_exact": -22,
  "entropy_gibbs_state": 7.704972611576408,
  "entropy_psgibbs_state": 6.073617665872372
}