{
  "expected_value_gibbs_state": -17.26593260866416,
  "expected_value_psgibbs_state": -17.11591267663343,
  "energy_qaoa_gibbs_state": -19.508456534539548,
  "energy_qaoa_psgibbs_state": -17.33850434097547,
  "energy_value_exact": -22,
  "entropy_gibbs_state": 7.67430317388204,
  "entropy_psgibbs_state": 6.724149545762784
}