{
  "expected_value_gibbs_state": -19.329090880859045,
  "expected_value_psgibbs_state": -19.173393646223456,
  "energy_qaoa_gibbs_state": -21.645599092392803,
  "energy_qaoa_psgibbs_state": -20.791518604958597,
  "energy_value_exact": -23,
  "entropy_gibbs_state": 7.691337655937554,
  "entropy_psgibbs_state": 6.99402327004757
}