{
  "expected_value_gibbs_state": -19.84780903418627,
  "expected_value_psgibbs_state": -19.680177879702693,
  "energy_qaoa_gibbs_state": -20.961324774623854,
  "energy_qaoa_psgibbs_state": -20.979873063450313,
  "energy_value_exact": -24,
  "entropy_gibbs_state": 7.689022782682406,
  "entropy_psgibbs_state": 6.973373323607812
}