{
  "expected_value_gibbs_state": -18.886247987257335,
  "expected_value_psgibbs_state": -18.706888632270424,
  "energy_qaoa_gibbs_state": -21.251525936676504,
  "energy_qaoa_psgibbs_state": -19.383555913247807,
  "energy_value_exact": -24,
  "entropy_gibbs_state": 7.656617344507699,
  "entropy_psgibbs_state": 6.946008442717217
}