{
  "expected_value_gibbs_state": -19.391146652615916,
  "expected_value_psgibbs_state": -19.19337116720701,
  "energy_qaoa_gibbs_state": -20.720964137384215,
  "energy_qaoa_psgibbs_state": -19.509911998679236,
  "energy_value_exact": -24,
  "entropy_gibbs_state": 7.6641032490475105,
  "entropy_psgibbs_state": 6.578007977254786
}