{
  "expected_value_gibbs_state": -20.577617320093072,
  "expected_value_psgibbs_state": -20.780252593343324,
  "energy_qaoa_gibbs_state": -22.3736070776229,
  "energy_qaoa_psgibbs_state": -20.86282154393016,
  "energy_value_exact": -25,
  "entropy_gibbs_state": 7.617765709411512,
  "entropy_psgibbs_state": 6.283156170587737
}