{
  "expected_value_gibbs_state": -20.993686921348004,
  "expected_value_psgibbs_state": -20.9855118072457,
  "energy_qaoa_gibbs_state": -23.264858992926627,
  "energy_qaoa_psgibbs_state": -21.036446236966015,
  "energy_value_exact": -26,
  "entropy_gibbs_state": 7.653025937888942,
  "entropy_psgibbs_state": 6.189697470261528
}