{
  "expected_value_gibbs_state": -21.928210876506423,
  "expected_value_psgibbs_state": -21.965566845742337,
  "energy_qaoa_gibbs_state": -24.475621145813108,
  "energy_qaoa_psgibbs_state": -22.188344950037184,
  "energy_value_exact": -26,
  "entropy_gibbs_state": 7.686299635195287,
  "entropy_psgibbs_state": 6.310555886016703
}