{
  "expected_value_gibbs_state": -20.577617320093072,
  "expected_value_psgibbs_state": -20.393391585609834,
  "energy_qaoa_gibbs_state": -21.710984471897355,
  "energy_qaoa_psgibbs_state": -20.928004044359632,
  "energy_value_exact": -25,
  "entropy_gibbs_state": 7.617765709411512,
  "entropy_psgibbs_state": 6.858620027889262
}