{
  "expected_value_gibbs_state": -21.928210876506423,
  "expected_value_psgibbs_state": -21.786769414117302,
  "energy_qaoa_gibbs_state": -24.514340142468427,
  "energy_qaoa_psgibbs_state": -22.309452421441097,
  "energy_value_exact": -26,
  "entropy_gibbs_state": 7.686299635195287,
  "entropy_psgibbs_state": 7.019448929760669
}