{
  "expected_value_gibbs_state": -21.928210876506423,
  "expected_value_psgibbs_state": -21.864949778838792,
  "energy_qaoa_gibbs_state": -23.420371095804228,
  "energy_qaoa_psgibbs_state": -22.117262776007983,
  "energy_value_exact": -26,
  "entropy_gibbs_state": 7.686299635195287,
  "entropy_psgibbs_state": 6.750769526470761
}