{
  "expected_value_gibbs_state": -23.59357888969296,
  "expected_value_psgibbs_state": -23.789312517362198,
  "energy_qaoa_gibbs_state": -24.87579478731768,
  "energy_qaoa_psgibbs_state": -23.88842575046764,
  "energy_value_exact": -30,
  "entropy_gibbs_state": 7.278647360428097,
  "entropy_psgibbs_state": 5.445408715017233
}