{
  "expected_value_gibbs_state": -20.993686921348004,
  "expected_value_psgibbs_state": -20.848225338567037,
  "energy_qaoa_gibbs_state": -22.14233720761488,
  "energy_qaoa_psgibbs_state": -21.262265324482506,
  "energy_value_exact": -26,
  "entropy_gibbs_state": 7.653025937888942,
  "entropy_psgibbs_state": 6.935415245089059
}