{
  "expected_value_gibbs_state": -23.59357888969296,
  "expected_value_psgibbs_state": -23.49754590621564,
  "energy_qaoa_gibbs_state": -27.201270576878294,
  "energy_qaoa_psgibbs_state": -23.61184127633993,
  "energy_value_exact": -30,
  "entropy_gibbs_state": 7.278647360428097,
  "entropy_psgibbs_state": 5.848272526413477
}