{
  "expected_value_gibbs_state": -20.993686921348004,
  "expected_value_psgibbs_state": -21.0000000000001,
  "energy_qaoa_gibbs_state": -22.506982296549573,
  "energy_qaoa_psgibbs_state": -20.999894947291736,
  "energy_value_exact": -26,
  "entropy_gibbs_state": 7.653025937888942,
  "entropy_psgibbs_state": 6.021023349349552
}