{
  "expected_value_gibbs_state": -19.8854583343061,
  "expected_value_psgibbs_state": -19.999769736867275,
  "energy_qaoa_gibbs_state": -21.033254590486976,
  "energy_qaoa_psgibbs_state": -19.99999938994627,
  "energy_value_exact": -24,
  "entropy_gibbs_state": 7.674683515358147,
  "entropy_psgibbs_state": 6.051951788032061
}