{
  "expected_value_gibbs_state": -17.848111960900674,
  "expected_value_psgibbs_state": -17.757552508882494,
  "energy_qaoa_gibbs_state": -18.79763258525304,
  "energy_qaoa_psgibbs_state": -17.734243167632613,
  "energy_value_exact": -23,
  "entropy_gibbs_state": 7.6513595010115765,
  "entropy_psgibbs_state": 6.624796681673781
}