{
  "expected_value_gibbs_state": -17.26593260866416,
  "expected_value_psgibbs_state": -17.00289185301255,
  "energy_qaoa_gibbs_state": -18.816135762729534,
  "energy_qaoa_psgibbs_state": -17.005733452820515,
  "energy_value_exact": -22,
  "entropy_gibbs_state": 7.67430317388204,
  "entropy_psgibbs_state": 6.2123446795568364
}