{
  "expected_value_gibbs_state": -8.268581466886921,
  "expected_value_psgibbs_state": -8.004569353930046,
  "entropy_gibbs_state": 5.262344853259501,
  "entropy_psgibbs_state": 4.053430854648742,
  "area_gibbs_state": 0.006526560860071238,
  "area_psgibbs_state": 0.0004414815307473677
}