{
  "expected_value_gibbs_state": -9.971265372018843,
  "expected_value_psgibbs_state": -9.999999999952585,
  "entropy_gibbs_state": 5.220666925392945,
  "entropy_psgibbs_state": 3.951243719851496,
  "area_gibbs_state": 0.005403592131083897,
  "area_psgibbs_state": 2.6383758671425566e-08
}