{
  "expected_value_gibbs_state": -9.443213949022677,
  "expected_value_psgibbs_state": -9.226350785141923,
  "entropy_gibbs_state": 5.218754786094295,
  "entropy_psgibbs_state": 4.782402143024872,
  "area_gibbs_state": 0.0038748295921483445,
  "area_psgibbs_state": 0.005617539183344956
}