{
  "expected_value_gibbs_state": -15.711560125056172,
  "expected_value_psgibbs_state": -15.759005126811566,
  "entropy_gibbs_state": 6.447048953877559,
  "entropy_psgibbs_state": 5.302686260982655,
  "area_gibbs_state": 0.0020009019519579303,
  "area_psgibbs_state": 0.0009036341363455584
}