{
  "expected_value_gibbs_state": -17.411512169529438,
  "expected_value_psgibbs_state": -17.275387012616754,
  "entropy_gibbs_state": 6.396434535042839,
  "entropy_psgibbs_state": 5.596691621381203,
  "area_gibbs_state": 0.0032907532954348315,
  "area_psgibbs_state": 0.0017622527771106627
}