{
  "expected_value_gibbs_state": -7.1606823912729824,
  "expected_value_psgibbs_state": -7.042682890490839,
  "entropy_gibbs_state": 5.279191486108089,
  "entropy_psgibbs_state": 4.166589843064295,
  "area_gibbs_state": 0.005431112776344294,
  "area_psgibbs_state": 0.001638013337755519
}