{
  "expected_value_gibbs_state": -11.654023667964571,
  "expected_value_psgibbs_state": -11.9992467484407,
  "entropy_gibbs_state": 5.179481608553695,
  "entropy_psgibbs_state": 3.4077518454611293,
  "area_gibbs_state": 0.0058396211629594035,
  "area_psgibbs_state": 8.517487014355832e-05
}