{
  "expected_value_gibbs_state": -15.711560125056172,
  "expected_value_psgibbs_state": -15.66010045239267,
  "entropy_gibbs_state": 6.447048953877559,
  "entropy_psgibbs_state": 5.487211757889198,
  "area_gibbs_state": 0.0020009019519579303,
  "area_psgibbs_state": 0.0008663944886488034
}