{
  "expected_value_gibbs_state": -13.653011821267366,
  "expected_value_psgibbs_state": -13.956573841954077,
  "entropy_gibbs_state": 6.434706420899085,
  "entropy_psgibbs_state": 4.9960787364459955,
  "area_gibbs_state": 0.004824032274374714,
  "area_psgibbs_state": 0.00024137092856908954
}