{
  "expected_value_gibbs_state": -9.507629534915665,
  "expected_value_psgibbs_state": -9.385976822203059,
  "entropy_gibbs_state": 5.198473172189368,
  "entropy_psgibbs_state": 4.476307812115098,
  "area_gibbs_state": 0.006178295108633144,
  "area_psgibbs_state": 0.007130953606849094
}