{
  "expected_value_gibbs_state": -11.523384940193873,
  "expected_value_psgibbs_state": -11.491899897593761,
  "entropy_gibbs_state": 5.219905245150328,
  "entropy_psgibbs_state": 4.611108217566147,
  "area_gibbs_state": 0.006046004008680693,
  "area_psgibbs_state": 0.007559992205284
}