{
  "expected_value_gibbs_state": -11.788968957260979,
  "expected_value_psgibbs_state": -11.999999138871477,
  "entropy_gibbs_state": 6.524698825890806,
  "entropy_psgibbs_state": 4.99722557686346,
  "area_gibbs_state": 0.0044384741514956454,
  "area_psgibbs_state": 8.156762146776772e-07
}