{
  "expected_value_gibbs_state": -13.344489110134242,
  "expected_value_psgibbs_state": -13.149560812923763,
  "entropy_gibbs_state": 6.357086337616104,
  "entropy_psgibbs_state": 5.397070189611475,
  "area_gibbs_state": 0.004589658845940017,
  "area_psgibbs_state": 0.001690346735006636
}