{
  "expected_value_gibbs_state": -9.445743800440747,
  "expected_value_psgibbs_state": -9.3887632389975,
  "entropy_gibbs_state": 5.221192765367277,
  "entropy_psgibbs_state": 4.513973046833095,
  "area_gibbs_state": 0.007650337848143992,
  "area_psgibbs_state": 0.005778644873088815
}