{
  "expected_value_gibbs_state": -8.9040238540573,
  "expected_value_psgibbs_state": -8.962407581721855,
  "entropy_gibbs_state": 5.227502555561465,
  "entropy_psgibbs_state": 4.07869049899675,
  "area_gibbs_state": 0.00544120885739744,
  "area_psgibbs_state": 0.002648314056012899
}