{
  "expected_value_gibbs_state": -11.115383084489194,
  "expected_value_psgibbs_state": -10.999999999999986,
  "entropy_gibbs_state": 6.57395124639415,
  "entropy_psgibbs_state": 5.257495372027789,
  "area_gibbs_state": 0.0020140621368427442,
  "area_psgibbs_state": 4.451556127663983e-05
}