{
  "expected_value_gibbs_state": -12.957106649694705,
  "expected_value_psgibbs_state": -12.786797798148848,
  "entropy_gibbs_state": 6.487011484389855,
  "entropy_psgibbs_state": 5.961487595675852,
  "area_gibbs_state": 0.0024284947882348548,
  "area_psgibbs_state": 0.002277119866262739
}