{
  "expected_value_gibbs_state": -10.623633579230185,
  "expected_value_psgibbs_state": -10.996780780278938,
  "entropy_gibbs_state": 5.177659938407785,
  "entropy_psgibbs_state": 3.4888604981784614,
  "area_gibbs_state": 0.007709761785393467,
  "area_psgibbs_state": 0.00030106172948263075
}