{
  "expected_value_gibbs_state": -17.49189373957581,
  "expected_value_psgibbs_state": -17.329814382941187,
  "entropy_gibbs_state": 6.374791782751832,
  "entropy_psgibbs_state": 5.637166588989608,
  "area_gibbs_state": 0.003027311105986428,
  "area_psgibbs_state": 0.002012914989700244
}