{
  "expected_value_gibbs_state": -8.9040238540573,
  "expected_value_psgibbs_state": -8.914055221160908,
  "entropy_gibbs_state": 5.227502555561465,
  "entropy_psgibbs_state": 4.299495129413921,
  "area_gibbs_state": 0.00544120885739744,
  "area_psgibbs_state": 0.0048832765338342595
}