{
  "expected_value_gibbs_state": -5.632322863766222,
  "expected_value_psgibbs_state": -5.89024149841657,
  "entropy_gibbs_state": 5.261203946035099,
  "entropy_psgibbs_state": 3.8402057291830225,
  "area_gibbs_state": 0.006131675556715694,
  "area_psgibbs_state": 0.004333873375026425
}