{
  "expected_value_gibbs_state": -7.186325424163275,
  "expected_value_psgibbs_state": -7.012813025285388,
  "entropy_gibbs_state": 5.272332599352503,
  "entropy_psgibbs_state": 4.055412444890922,
  "area_gibbs_state": 0.004755979387689129,
  "area_psgibbs_state": 0.0005556286016701206
}