{
  "expected_value_gibbs_state": -7.888285956696922,
  "expected_value_psgibbs_state": -7.999601104300857,
  "entropy_gibbs_state": 5.213258518149559,
  "entropy_psgibbs_state": 3.530222739473167,
  "area_gibbs_state": 0.008296049626621765,
  "area_psgibbs_state": 0.00013353247720771161
}