{
  "expected_value_gibbs_state": -6.741758845190508,
  "expected_value_psgibbs_state": -6.999992641729453,
  "entropy_gibbs_state": 5.243996780165895,
  "entropy_psgibbs_state": 3.951340023228712,
  "area_gibbs_state": 0.008023021378143797,
  "area_psgibbs_state": 1.5583705729972836e-05
}