{
  "expected_value_gibbs_state": -9.535318134723646,
  "expected_value_psgibbs_state": -9.751103863205387,
  "entropy_gibbs_state": 5.188723673859576,
  "entropy_psgibbs_state": 4.191474604281632,
  "area_gibbs_state": 0.008398971428855078,
  "area_psgibbs_state": 0.005108430033944009
}