{
  "expected_value_gibbs_state": -8.359231245128179,
  "expected_value_psgibbs_state": -8.228977624102782,
  "entropy_gibbs_state": 5.232481861974972,
  "entropy_psgibbs_state": 4.826909945918257,
  "area_gibbs_state": 0.006389527470358474,
  "area_psgibbs_state": 0.008695430016804966
}