{
  "expected_value_gibbs_state": -8.373622374762755,
  "expected_value_psgibbs_state": -8.001020068101031,
  "entropy_gibbs_state": 5.226849120103315,
  "entropy_psgibbs_state": 4.101810840156154,
  "area_gibbs_state": 0.012662841464177305,
  "area_psgibbs_state": 0.00020006747846773557
}