{
  "expected_value_gibbs_state": -8.934948729698625,
  "expected_value_psgibbs_state": -8.747874751846838,
  "entropy_gibbs_state": 5.216642928216521,
  "entropy_psgibbs_state": 4.814103127513665,
  "area_gibbs_state": 0.008345671792227397,
  "area_psgibbs_state": 0.00869264769664142
}