{
  "expected_value_gibbs_state": -13.653011821267366,
  "expected_value_psgibbs_state": -13.50218375920934,
  "entropy_gibbs_state": 6.434706420899085,
  "entropy_psgibbs_state": 5.832361444802289,
  "area_gibbs_state": 0.004824032274374714,
  "area_psgibbs_state": 0.0017342336761263187
}