{
  "expected_value_gibbs_state": -9.46738607395652,
  "expected_value_psgibbs_state": -9.219438816461592,
  "entropy_gibbs_state": 5.213414093305385,
  "entropy_psgibbs_state": 4.730183331509136,
  "area_gibbs_state": 0.004096454404612348,
  "area_psgibbs_state": 0.004223844573723762
}