{
  "expected_value_gibbs_state": -11.986669590053062,
  "expected_value_psgibbs_state": -11.999981816879652,
  "entropy_gibbs_state": 6.466760139599795,
  "entropy_psgibbs_state": 5.112319376453753,
  "area_gibbs_state": 0.0025918205731377737,
  "area_psgibbs_state": 0.00011741885821613286
}