{
  "expected_value_gibbs_state": -7.153176283749263,
  "expected_value_psgibbs_state": -7.034886529003544,
  "entropy_gibbs_state": 5.281631383841781,
  "entropy_psgibbs_state": 4.213101237647258,
  "area_gibbs_state": 0.005050647740711109,
  "area_psgibbs_state": 0.0009634215673454307
}