{
  "expected_value_gibbs_state": -12.617890144129865,
  "expected_value_psgibbs_state": -12.464171925456613,
  "entropy_gibbs_state": 6.436461144604923,
  "entropy_psgibbs_state": 5.526843907984966,
  "area_gibbs_state": 0.0015191963334822733,
  "area_psgibbs_state": 0.0008835315444451325
}