{
  "expected_value_gibbs_state": -9.45457178043328,
  "expected_value_psgibbs_state": -9.389957828312724,
  "entropy_gibbs_state": 5.217907328567735,
  "entropy_psgibbs_state": 4.5170774534869365,
  "area_gibbs_state": 0.0066839674182170225,
  "area_psgibbs_state": 0.0055374089867130175
}