{
  "expected_value_gibbs_state": -12.901716978548443,
  "expected_value_psgibbs_state": -12.999999997089947,
  "entropy_gibbs_state": 6.340766785401892,
  "entropy_psgibbs_state": 4.644390960505339,
  "area_gibbs_state": 0.0028611250622483306,
  "area_psgibbs_state": 1.2183896789219424e-05
}