{
  "expected_value_gibbs_state": -10.256048745630574,
  "expected_value_psgibbs_state": -10.000001973238751,
  "entropy_gibbs_state": 5.119397638081525,
  "entropy_psgibbs_state": 3.8286674384331865,
  "area_gibbs_state": 0.014283524739697673,
  "area_psgibbs_state": 9.456581286633239e-06
}