{
  "expected_value_gibbs_state": -13.728229861336702,
  "expected_value_psgibbs_state": -13.781405940730501,
  "entropy_gibbs_state": 6.406410098155353,
  "entropy_psgibbs_state": 5.278245760739212,
  "area_gibbs_state": 0.002950766744722738,
  "area_psgibbs_state": 0.0010828589776808513
}