{
  "expected_value_gibbs_state": -11.411901019317751,
  "expected_value_psgibbs_state": -11.006955539586668,
  "entropy_gibbs_state": 6.484719015233066,
  "entropy_psgibbs_state": 5.048253933589328,
  "area_gibbs_state": 0.002417406391005784,
  "area_psgibbs_state": 0.00016053637097857235
}