{
  "expected_value_gibbs_state": -14.168696466045576,
  "expected_value_psgibbs_state": -14.037016981593089,
  "entropy_gibbs_state": 6.437830845673369,
  "entropy_psgibbs_state": 5.67546804793465,
  "area_gibbs_state": 0.0015760231629825486,
  "area_psgibbs_state": 0.0028097062455519216
}