{
  "expected_value_gibbs_state": -13.16093626755684,
  "expected_value_psgibbs_state": -13.072871285316305,
  "entropy_gibbs_state": 6.430509995874565,
  "entropy_psgibbs_state": 5.547172138293138,
  "area_gibbs_state": 0.0026758003814385057,
  "area_psgibbs_state": 0.000884884068788559
}