{
  "expected_value_gibbs_state": -6.835026622358093,
  "expected_value_psgibbs_state": -6.749718392480287,
  "entropy_gibbs_state": 5.213566259367098,
  "entropy_psgibbs_state": 4.4108772306226145,
  "area_gibbs_state": 0.011184123029165646,
  "area_psgibbs_state": 0.005452511892475037
}