{
  "expected_value_gibbs_state": -10.623633579230185,
  "expected_value_psgibbs_state": -10.488111493244464,
  "entropy_gibbs_state": 5.177659938407785,
  "entropy_psgibbs_state": 4.536926978340462,
  "area_gibbs_state": 0.007709761785393467,
  "area_psgibbs_state": 0.0059781776189915025
}