{
  "expected_value_gibbs_state": -12.685352785462936,
  "expected_value_psgibbs_state": -12.98027660121984,
  "entropy_gibbs_state": 6.4137503525640085,
  "entropy_psgibbs_state": 4.871844972842117,
  "area_gibbs_state": 0.0014547199003306004,
  "area_psgibbs_state": 0.0001922066183684878
}