{
  "expected_value_gibbs_state": -8.9040238540573,
  "expected_value_psgibbs_state": -8.999859172681926,
  "entropy_gibbs_state": 5.227502555561465,
  "entropy_psgibbs_state": 3.872631260749484,
  "area_gibbs_state": 0.00544120885739744,
  "area_psgibbs_state": 9.691525518423507e-05
}