{
  "expected_value_gibbs_state": -15.179572376437038,
  "expected_value_psgibbs_state": -15.03556764319965,
  "entropy_gibbs_state": 6.443294317624936,
  "entropy_psgibbs_state": 5.251822758951085,
  "area_gibbs_state": 0.0026869596838704143,
  "area_psgibbs_state": 0.00031816401955199274
}