{
  "expected_value_gibbs_state": -8.326893148218145,
  "expected_value_psgibbs_state": -8.014723253828578,
  "entropy_gibbs_state": 5.2438173158339865,
  "entropy_psgibbs_state": 4.165815162111711,
  "area_gibbs_state": 0.005145711478665911,
  "area_psgibbs_state": 0.0009948346088475004
}