{
  "expected_value_gibbs_state": -6.728292665782029,
  "expected_value_psgibbs_state": -6.989240022512185,
  "entropy_gibbs_state": 5.249257129877071,
  "entropy_psgibbs_state": 3.7029920933791693,
  "area_gibbs_state": 0.007277883336708279,
  "area_psgibbs_state": 0.000613867687468826
}