{
  "expected_value_gibbs_state": -12.376154507893032,
  "expected_value_psgibbs_state": -12.301880828120566,
  "entropy_gibbs_state": 6.513831394804331,
  "entropy_psgibbs_state": 5.521688834134427,
  "area_gibbs_state": 0.0015829913503362224,
  "area_psgibbs_state": 0.0007687779637034469
}