{
  "expected_value_gibbs_state": -15.294416862600233,
  "expected_value_psgibbs_state": -15.000000000000034,
  "entropy_gibbs_state": 6.41283820134135,
  "entropy_psgibbs_state": 5.111987788356545,
  "area_gibbs_state": 0.002488991487875746,
  "area_psgibbs_state": 3.3164959188654105e-05
}