{
  "expected_value_gibbs_state": -8.176611906263922,
  "expected_value_psgibbs_state": -8.00040024172995,
  "entropy_gibbs_state": 5.287289103305058,
  "entropy_psgibbs_state": 4.222790630574796,
  "area_gibbs_state": 0.005044516650764965,
  "area_psgibbs_state": 9.412252891735462e-05
}