{
  "expected_value_gibbs_state": -7.1606823912729824,
  "expected_value_psgibbs_state": -7.076282398232076,
  "entropy_gibbs_state": 5.279191486108089,
  "entropy_psgibbs_state": 4.374035951489007,
  "area_gibbs_state": 0.005431112776344294,
  "area_psgibbs_state": 0.004429228493515393
}