{
  "expected_value_gibbs_state": -10.623633579230185,
  "expected_value_psgibbs_state": -10.999999999971477,
  "entropy_gibbs_state": 5.177659938407785,
  "entropy_psgibbs_state": 3.4657359035334516,
  "area_gibbs_state": 0.007709761785393467,
  "area_psgibbs_state": 2.7078517807076188e-08
}