{
  "expected_value_gibbs_state": -11.986669590053062,
  "expected_value_psgibbs_state": -11.875256775197546,
  "entropy_gibbs_state": 6.466760139599795,
  "entropy_psgibbs_state": 5.804358752546499,
  "area_gibbs_state": 0.0025918205731377737,
  "area_psgibbs_state": 0.002251290379843446
}