{
  "expected_value_gibbs_state": -7.1606823912729824,
  "expected_value_psgibbs_state": -7.085559245216171,
  "entropy_gibbs_state": 5.279191486108089,
  "entropy_psgibbs_state": 4.719616483126344,
  "area_gibbs_state": 0.005431112776344294,
  "area_psgibbs_state": 0.0079679323960506
}