{
  "expected_value_gibbs_state": -11.258575661948482,
  "expected_value_psgibbs_state": -11.000003511128053,
  "entropy_gibbs_state": 6.533147283343352,
  "entropy_psgibbs_state": 5.170529889761057,
  "area_gibbs_state": 0.002274539934464197,
  "area_psgibbs_state": 7.670602196760889e-05
}