{
  "expected_value_gibbs_state": -13.113956250734711,
  "expected_value_psgibbs_state": -13.000110631067095,
  "entropy_gibbs_state": 6.445890491653007,
  "entropy_psgibbs_state": 4.89893901338144,
  "area_gibbs_state": 0.001988558581841461,
  "area_psgibbs_state": 7.111220681736299e-06
}