{
  "expected_value_gibbs_state": -9.30787665718093,
  "expected_value_psgibbs_state": -9.086078328975324,
  "entropy_gibbs_state": 5.262033274006274,
  "entropy_psgibbs_state": 4.509874449956229,
  "area_gibbs_state": 0.006419800844325505,
  "area_psgibbs_state": 0.0014959313468487763
}