{
  "expected_value_gibbs_state": -10.17826372285068,
  "expected_value_psgibbs_state": -10.053944991106963,
  "entropy_gibbs_state": 6.542482454827406,
  "entropy_psgibbs_state": 5.545406023394895,
  "area_gibbs_state": 0.0030586955935789704,
  "area_psgibbs_state": 0.0009847043786630526
}