{
  "expected_value_gibbs_state": -14.168696466045576,
  "expected_value_psgibbs_state": -14.058541022849957,
  "entropy_gibbs_state": 6.437830845673369,
  "entropy_psgibbs_state": 5.504763152729493,
  "area_gibbs_state": 0.0015760231629825486,
  "area_psgibbs_state": 0.0024942072606079107
}