{
  "expected_value_gibbs_state": -14.953844401682181,
  "expected_value_psgibbs_state": -14.999999999808834,
  "entropy_gibbs_state": 6.51481916287186,
  "entropy_psgibbs_state": 5.075173819802722,
  "area_gibbs_state": 0.0024296259374759653,
  "area_psgibbs_state": 1.9536745754535056e-08
}