{
  "expected_value_gibbs_state": -11.924864945096951,
  "expected_value_psgibbs_state": -11.999999999999964,
  "entropy_gibbs_state": 6.487858634161756,
  "entropy_psgibbs_state": 4.9972122737641165,
  "area_gibbs_state": 0.002015545428469029,
  "area_psgibbs_state": 2.2954576163574357e-05
}