{
  "expected_value_gibbs_state": -13.965148464646262,
  "expected_value_psgibbs_state": -13.999931186206888,
  "entropy_gibbs_state": 6.3289684984714665,
  "entropy_psgibbs_state": 4.3829068662417,
  "area_gibbs_state": 0.0026545218485022662,
  "area_psgibbs_state": 1.4827842501184669e-05
}