{
  "expected_value_gibbs_state": -8.780271242713976,
  "expected_value_psgibbs_state": -8.71621611208287,
  "entropy_gibbs_state": 5.2637351230748655,
  "entropy_psgibbs_state": 4.7646436938836105,
  "area_gibbs_state": 0.006828832991589459,
  "area_psgibbs_state": 0.006801030620184035
}