{
  "expected_value_gibbs_state": -12.260889242883268,
  "expected_value_psgibbs_state": -12.002214427060434,
  "entropy_gibbs_state": 6.372747306135113,
  "entropy_psgibbs_state": 4.969811972037073,
  "area_gibbs_state": 0.005004608176144871,
  "area_psgibbs_state": 7.086541726857858e-05
}