{
  "expected_value_gibbs_state": -9.579964555051383,
  "expected_value_psgibbs_state": -9.448565882164484,
  "entropy_gibbs_state": 5.174842220184854,
  "entropy_psgibbs_state": 4.3367299773974715,
  "area_gibbs_state": 0.0066387182221164815,
  "area_psgibbs_state": 0.004823312678135502
}