{
  "expected_value_gibbs_state": -9.468351083598149,
  "expected_value_psgibbs_state": -9.224890317124693,
  "entropy_gibbs_state": 5.212529662137328,
  "entropy_psgibbs_state": 4.473361194146461,
  "area_gibbs_state": 0.005970852562994916,
  "area_psgibbs_state": 0.0056965007049349274
}