{
  "expected_value_gibbs_state": -9.386382159899561,
  "expected_value_psgibbs_state": -9.000000000091804,
  "entropy_gibbs_state": 5.237051928145072,
  "entropy_psgibbs_state": 4.025351692913144,
  "area_gibbs_state": 0.007158629665110194,
  "area_psgibbs_state": 3.427450773738291e-08
}