{
  "expected_value_gibbs_state": -14.060378724372653,
  "expected_value_psgibbs_state": -13.881559065372677,
  "entropy_gibbs_state": 6.476362648528149,
  "entropy_psgibbs_state": 5.9835452808056395,
  "area_gibbs_state": 0.0014411111087196315,
  "area_psgibbs_state": 0.0023967460361134824
}