{
  "expected_value_gibbs_state": -13.9080906269876,
  "expected_value_psgibbs_state": -13.637547154035593,
  "entropy_gibbs_state": 6.344794511445036,
  "entropy_psgibbs_state": 5.804565496442851,
  "area_gibbs_state": 0.005258834946300757,
  "area_psgibbs_state": 0.0011215596158848096
}