{
  "expected_value_gibbs_state": -15.402401287510866,
  "expected_value_psgibbs_state": -15.225715224763386,
  "entropy_gibbs_state": 6.379922744205627,
  "entropy_psgibbs_state": 5.703333698006414,
  "area_gibbs_state": 0.002181047558159809,
  "area_psgibbs_state": 0.0014640823314064977
}