{
  "expected_value_gibbs_state": -8.268581466886921,
  "expected_value_psgibbs_state": -8.107949124735658,
  "entropy_gibbs_state": 5.262344853259501,
  "entropy_psgibbs_state": 4.356816305632554,
  "area_gibbs_state": 0.006526560860071238,
  "area_psgibbs_state": 0.0028044213030999055
}