{
  "expected_value_gibbs_state": -15.21854657296948,
  "expected_value_psgibbs_state": -15.000000411727044,
  "entropy_gibbs_state": 6.4349908918815935,
  "entropy_psgibbs_state": 5.036958808240779,
  "area_gibbs_state": 0.0022069703878891856,
  "area_psgibbs_state": 8.405343466660661e-05
}