{
  "expected_value_gibbs_state": -10.17826372285068,
  "expected_value_psgibbs_state": -9.999999999999973,
  "entropy_gibbs_state": 6.542482454827406,
  "entropy_psgibbs_state": 5.1929568508902095,
  "area_gibbs_state": 0.0030586955935789704,
  "area_psgibbs_state": 7.705960694774789e-05
}