{
  "expected_value_gibbs_state": -8.907520841742466,
  "expected_value_psgibbs_state": -9.000000000000002,
  "entropy_gibbs_state": 5.222504528171099,
  "entropy_psgibbs_state": 4.025351690735147,
  "area_gibbs_state": 0.004766467967530787,
  "area_psgibbs_state": 1.075711132003635e-05
}