{
  "expected_value_gibbs_state": -7.227727754158783,
  "expected_value_psgibbs_state": -7.066878344093107,
  "entropy_gibbs_state": 5.2573119933687495,
  "entropy_psgibbs_state": 4.826796041812961,
  "area_gibbs_state": 0.008482761784472246,
  "area_psgibbs_state": 0.006357833447966918
}