{
  "expected_value_gibbs_state": -10.17826372285068,
  "expected_value_psgibbs_state": -10.000000055028055,
  "entropy_gibbs_state": 6.542482454827406,
  "entropy_psgibbs_state": 5.192957791144452,
  "area_gibbs_state": 0.0030586955935789704,
  "area_psgibbs_state": 7.737187076027834e-05
}