{
  "expected_value_gibbs_state": -14.185492415799748,
  "expected_value_psgibbs_state": -14.06039683805984,
  "entropy_gibbs_state": 6.431622546558051,
  "entropy_psgibbs_state": 5.297398853176389,
  "area_gibbs_state": 0.0022179143998305524,
  "area_psgibbs_state": 0.001333855515494824
}