{
  "expected_value_gibbs_state": -8.947183525407976,
  "expected_value_psgibbs_state": -8.99999999979774,
  "entropy_gibbs_state": 5.2117476263122,
  "entropy_psgibbs_state": 3.871201015664977,
  "area_gibbs_state": 0.006139242339847909,
  "area_psgibbs_state": 5.8832284667274727e-08
}