{
  "expected_value_gibbs_state": -6.716964669807027,
  "expected_value_psgibbs_state": -6.816263352446236,
  "entropy_gibbs_state": 5.253641449111073,
  "entropy_psgibbs_state": 4.2689462591968566,
  "area_gibbs_state": 0.0065655109096796034,
  "area_psgibbs_state": 0.004931218630725677
}