{
  "expected_value_gibbs_state": -9.17051621854176,
  "expected_value_psgibbs_state": -9.059551214931027,
  "entropy_gibbs_state": 5.1357517006165265,
  "entropy_psgibbs_state": 4.29296847867799,
  "area_gibbs_state": 0.008242835034450325,
  "area_psgibbs_state": 0.00545189405439126
}