{
  "expected_value_gibbs_state": -12.700734220856788,
  "expected_value_psgibbs_state": -12.89128606843256,
  "entropy_gibbs_state": 6.408417117698534,
  "entropy_psgibbs_state": 5.0325648085887655,
  "area_gibbs_state": 0.0018073000159168798,
  "area_psgibbs_state": 0.0006021747539116809
}