{
  "expected_value_gibbs_state": -13.344489110134242,
  "expected_value_psgibbs_state": -13.014143499154454,
  "entropy_gibbs_state": 6.357086337616104,
  "entropy_psgibbs_state": 4.94592373059929,
  "area_gibbs_state": 0.004589658845940017,
  "area_psgibbs_state": 7.638856194334596e-05
}