{
  "expected_value_gibbs_state": -8.028180198892331,
  "expected_value_psgibbs_state": -7.889443085603126,
  "entropy_gibbs_state": 5.165262378322344,
  "entropy_psgibbs_state": 4.3783360730588505,
  "area_gibbs_state": 0.014372321590826164,
  "area_psgibbs_state": 0.002525711412648777
}