{
  "expected_value_gibbs_state": -12.700734220856788,
  "expected_value_psgibbs_state": -12.982964873900517,
  "entropy_gibbs_state": 6.408417117698534,
  "entropy_psgibbs_state": 4.737562639663758,
  "area_gibbs_state": 0.0018073000159168798,
  "area_psgibbs_state": 0.00021129935930290573
}