{
  "expected_value_gibbs_state": -13.048085358001313,
  "expected_value_psgibbs_state": -12.838037066234314,
  "entropy_gibbs_state": 6.460179154384137,
  "entropy_psgibbs_state": 5.968844799379334,
  "area_gibbs_state": 0.0024247594492856593,
  "area_psgibbs_state": 0.0019558007890554635
}