{
  "expected_value_gibbs_state": -14.179890088206967,
  "expected_value_psgibbs_state": -14.000000057558003,
  "entropy_gibbs_state": 6.428426291746329,
  "entropy_psgibbs_state": 4.9416434014125175,
  "area_gibbs_state": 0.0032596709892264656,
  "area_psgibbs_state": 2.3874410464298874e-05
}