{
  "expected_value_gibbs_state": -14.636344133610852,
  "expected_value_psgibbs_state": -14.999999999998282,
  "entropy_gibbs_state": 6.458065324891204,
  "entropy_psgibbs_state": 4.867534450503096,
  "area_gibbs_state": 0.0022439972920454583,
  "area_psgibbs_state": 5.068281159454588e-05
}