{
  "expected_value_gibbs_state": -14.680528283679331,
  "expected_value_psgibbs_state": -14.545409310538751,
  "entropy_gibbs_state": 6.442507218824999,
  "entropy_psgibbs_state": 5.847480685340429,
  "area_gibbs_state": 0.0019040059013557295,
  "area_psgibbs_state": 0.0010242128651513542
}