{
  "expected_value_gibbs_state": -10.274336132471234,
  "expected_value_psgibbs_state": -10.004431572602257,
  "entropy_gibbs_state": 6.513751174720871,
  "entropy_psgibbs_state": 5.1971494403664895,
  "area_gibbs_state": 0.003298223209789344,
  "area_psgibbs_state": 0.0001275707503101722
}