{
  "expected_value_gibbs_state": -7.1311007516614335,
  "expected_value_psgibbs_state": -6.99606967596525,
  "entropy_gibbs_state": 5.289105712974678,
  "entropy_psgibbs_state": 4.96639198571908,
  "area_gibbs_state": 0.006119097389596815,
  "area_psgibbs_state": 0.004043627887191787
}