{
  "expected_value_gibbs_state": -12.520146225834795,
  "expected_value_psgibbs_state": -12.969279144038344,
  "entropy_gibbs_state": 6.459821553221534,
  "entropy_psgibbs_state": 4.855464860434803,
  "area_gibbs_state": 0.003188672304691505,
  "area_psgibbs_state": 0.00041214269839078005
}