{
  "expected_value_gibbs_state": -7.83938986301406,
  "expected_value_psgibbs_state": -7.921999779220891,
  "entropy_gibbs_state": 5.231705110850618,
  "entropy_psgibbs_state": 4.0599219269478395,
  "area_gibbs_state": 0.00898396956685442,
  "area_psgibbs_state": 0.0015930157723459803
}