{
  "expected_value_gibbs_state": -11.654023667964571,
  "expected_value_psgibbs_state": -11.9484326791429,
  "entropy_gibbs_state": 5.179481608553695,
  "entropy_psgibbs_state": 3.6306439192494095,
  "area_gibbs_state": 0.0058396211629594035,
  "area_psgibbs_state": 0.0010006629701673022
}