{
  "expected_value_gibbs_state": -14.185492415799748,
  "expected_value_psgibbs_state": -14.000000084939545,
  "entropy_gibbs_state": 6.431622546558051,
  "entropy_psgibbs_state": 4.9126563063831945,
  "area_gibbs_state": 0.0022179143998305524,
  "area_psgibbs_state": 5.0309439210841134e-05
}