{
  "expected_value_gibbs_state": -11.432649338152167,
  "expected_value_psgibbs_state": -11.000000972255828,
  "entropy_gibbs_state": 6.479001372646414,
  "entropy_psgibbs_state": 5.036966671084935,
  "area_gibbs_state": 0.0022538678836633826,
  "area_psgibbs_state": 1.0730753863474974e-05
}