{
  "expected_value_gibbs_state": -10.66153643651094,
  "expected_value_psgibbs_state": -10.99959392147267,
  "entropy_gibbs_state": 6.5592832077070815,
  "entropy_psgibbs_state": 5.053541992161629,
  "area_gibbs_state": 0.0017410917285961617,
  "area_psgibbs_state": 4.2426028297003165e-05
}