{
  "expected_value_gibbs_state": -9.019473267802447,
  "expected_value_psgibbs_state": -8.970659746517795,
  "entropy_gibbs_state": 5.185310296977298,
  "entropy_psgibbs_state": 4.354273602064457,
  "area_gibbs_state": 0.0070076886947067355,
  "area_psgibbs_state": 0.0013722749286651794
}