{
  "expected_value_gibbs_state": -10.256048745630574,
  "expected_value_psgibbs_state": -10.018089265228024,
  "entropy_gibbs_state": 5.119397638081525,
  "entropy_psgibbs_state": 3.903716546886908,
  "area_gibbs_state": 0.014283524739697673,
  "area_psgibbs_state": 0.0012300104699644553
}