{
  "expected_value_gibbs_state": -8.79907123746577,
  "expected_value_psgibbs_state": -8.75605311113735,
  "entropy_gibbs_state": 5.256989241324269,
  "entropy_psgibbs_state": 4.66029024920289,
  "area_gibbs_state": 0.005954411872667981,
  "area_psgibbs_state": 0.004615843178833011
}