{
  "expected_value_gibbs_state": -8.934948729698625,
  "expected_value_psgibbs_state": -8.961536287304227,
  "entropy_gibbs_state": 5.216642928216521,
  "entropy_psgibbs_state": 3.887283435033797,
  "area_gibbs_state": 0.008345671792227397,
  "area_psgibbs_state": 0.0018655098548837378
}