{
  "expected_value_gibbs_state": -9.635810201977906,
  "expected_value_psgibbs_state": -9.997436542317722,
  "entropy_gibbs_state": 5.1543200830172715,
  "entropy_psgibbs_state": 3.3521784444204563,
  "area_gibbs_state": 0.008482172446884224,
  "area_psgibbs_state": 0.00029266615741548225
}