{
  "expected_value_gibbs_state": -13.339483041878587,
  "expected_value_psgibbs_state": -13.145087095406046,
  "entropy_gibbs_state": 6.367120132886187,
  "entropy_psgibbs_state": 5.437493641655807,
  "area_gibbs_state": 0.0026890406335551343,
  "area_psgibbs_state": 0.002382015666294703
}