{
  "expected_value_gibbs_state": -8.440448672539029,
  "expected_value_psgibbs_state": -8.257405548149304,
  "entropy_gibbs_state": 5.206179764711658,
  "entropy_psgibbs_state": 4.3383152015892925,
  "area_gibbs_state": 0.006341339121161532,
  "area_psgibbs_state": 0.007332244448947895
}