{
  "expected_value_gibbs_state": -11.654023667964571,
  "expected_value_psgibbs_state": -11.804487820623569,
  "entropy_gibbs_state": 5.179481608553695,
  "entropy_psgibbs_state": 3.995393169259104,
  "area_gibbs_state": 0.0058396211629594035,
  "area_psgibbs_state": 0.002942875984642019
}