{
  "expected_value_gibbs_state": -6.668571610344831,
  "expected_value_psgibbs_state": -6.5278502599264545,
  "entropy_gibbs_state": 5.267754098701768,
  "entropy_psgibbs_state": 4.764094449971207,
  "area_gibbs_state": 0.007462010089353547,
  "area_psgibbs_state": 0.005894175780251851
}