{
  "expected_value_gibbs_state": -15.179572376437038,
  "expected_value_psgibbs_state": -15.0,
  "entropy_gibbs_state": 6.443294317624936,
  "entropy_psgibbs_state": 5.07517381523384,
  "area_gibbs_state": 0.0026869596838704143,
  "area_psgibbs_state": 9.083548031677179e-06
}