{
  "expected_value_gibbs_state": -8.19277774609268,
  "expected_value_psgibbs_state": -8.075761114986088,
  "entropy_gibbs_state": 5.283685577638009,
  "entropy_psgibbs_state": 4.531608461553862,
  "area_gibbs_state": 0.004526261572598035,
  "area_psgibbs_state": 0.0010079768834254177
}