{
  "expected_value_gibbs_state": -10.66153643651094,
  "expected_value_psgibbs_state": -10.57493657295951,
  "entropy_gibbs_state": 6.5592832077070815,
  "entropy_psgibbs_state": 5.976968513711113,
  "area_gibbs_state": 0.0017410917285961617,
  "area_psgibbs_state": 0.0010486877018174594
}