{
  "expected_value_gibbs_state": -10.256048745630574,
  "expected_value_psgibbs_state": -10.001727325975407,
  "entropy_gibbs_state": 5.119397638081525,
  "entropy_psgibbs_state": 3.8397360959525333,
  "area_gibbs_state": 0.014283524739697673,
  "area_psgibbs_state": 0.00030528617132228887
}