{
  "expected_value_gibbs_state": -7.867272679089179,
  "expected_value_psgibbs_state": -7.99999998342896,
  "entropy_gibbs_state": 5.21783789915598,
  "entropy_psgibbs_state": 3.828641717364847,
  "area_gibbs_state": 0.01322234472989685,
  "area_psgibbs_state": 5.090669496272537e-07
}