{
  "expected_value_gibbs_state": -14.524575391285058,
  "expected_value_psgibbs_state": -14.574849848320005,
  "entropy_gibbs_state": 6.492629292370349,
  "entropy_psgibbs_state": 5.653363779055468,
  "area_gibbs_state": 0.0018002454830446729,
  "area_psgibbs_state": 0.001705053365962356
}