{
  "expected_value_gibbs_state": -7.956403557226808,
  "expected_value_psgibbs_state": -7.995443344734559,
  "entropy_gibbs_state": 5.188426431264343,
  "entropy_psgibbs_state": 3.8641218578728425,
  "area_gibbs_state": 0.009842941032195057,
  "area_psgibbs_state": 0.0004232305511454621
}