{
  "expected_value_gibbs_state": -6.835026622358093,
  "expected_value_psgibbs_state": -6.977082591123312,
  "entropy_gibbs_state": 5.213566259367098,
  "entropy_psgibbs_state": 3.704809257794364,
  "area_gibbs_state": 0.011184123029165646,
  "area_psgibbs_state": 0.0008200942056136064
}