{
  "expected_value_gibbs_state": -15.993594888505344,
  "expected_value_psgibbs_state": -15.93590764718345,
  "entropy_gibbs_state": 6.350132657789731,
  "entropy_psgibbs_state": 5.144512079899376,
  "area_gibbs_state": 0.00329146058984138,
  "area_psgibbs_state": 0.0009185250450493384
}