{
  "expected_value_gibbs_state": -9.261336054645701,
  "expected_value_psgibbs_state": -9.15264690840061,
  "entropy_gibbs_state": 5.273397712029547,
  "entropy_psgibbs_state": 4.742012986252174,
  "area_gibbs_state": 0.009541935674362324,
  "area_psgibbs_state": 0.004658584068824545
}