{
  "expected_value_gibbs_state": -8.373622374762755,
  "expected_value_psgibbs_state": -8.207990940944205,
  "entropy_gibbs_state": 5.226849120103315,
  "entropy_psgibbs_state": 4.786880436221489,
  "area_gibbs_state": 0.012662841464177305,
  "area_psgibbs_state": 0.007303424301044043
}