{
  "expected_value_gibbs_state": -15.294416862600233,
  "expected_value_psgibbs_state": -15.07356986937451,
  "entropy_gibbs_state": 6.41283820134135,
  "entropy_psgibbs_state": 5.325726735574085,
  "area_gibbs_state": 0.002488991487875746,
  "area_psgibbs_state": 0.0002423052018356132
}