{
  "expected_value_gibbs_state": -13.038507313088104,
  "expected_value_psgibbs_state": -13.00000000002485,
  "entropy_gibbs_state": 6.463818573342994,
  "entropy_psgibbs_state": 5.308267698080548,
  "area_gibbs_state": 0.0014574500713226159,
  "area_psgibbs_state": 5.529854192688191e-09
}