{
  "expected_value_gibbs_state": -9.386382159899561,
  "expected_value_psgibbs_state": -9.140865310495016,
  "entropy_gibbs_state": 5.237051928145072,
  "entropy_psgibbs_state": 4.37745249908515,
  "area_gibbs_state": 0.007158629665110194,
  "area_psgibbs_state": 0.0033457158365637787
}