{
  "expected_value_gibbs_state": -12.957106649694705,
  "expected_value_psgibbs_state": -13.000000000000023,
  "entropy_gibbs_state": 6.487011484389855,
  "entropy_psgibbs_state": 5.0498560072495495,
  "area_gibbs_state": 0.0024284947882348548,
  "area_psgibbs_state": 8.161750367940458e-05
}