{
  "expected_value_gibbs_state": -15.169960978901095,
  "expected_value_psgibbs_state": -14.98234802220541,
  "entropy_gibbs_state": 6.447971334577082,
  "entropy_psgibbs_state": 5.832530967390086,
  "area_gibbs_state": 0.0025053616728872097,
  "area_psgibbs_state": 0.001311375414334745
}