{
  "expected_value_gibbs_state": -8.907520841742466,
  "expected_value_psgibbs_state": -8.992586867244013,
  "entropy_gibbs_state": 5.222504528171099,
  "entropy_psgibbs_state": 4.0733677570335685,
  "area_gibbs_state": 0.004766467967530787,
  "area_psgibbs_state": 0.0002840676882911889
}