{
  "expected_value_gibbs_state": -13.365239778149828,
  "expected_value_psgibbs_state": -13.032620007193827,
  "entropy_gibbs_state": 6.525685509710053,
  "entropy_psgibbs_state": 5.3778742973002265,
  "area_gibbs_state": 0.0023252147951100667,
  "area_psgibbs_state": 0.0003940669287776036
}