{
  "expected_value_gibbs_state": -8.359231245128179,
  "expected_value_psgibbs_state": -8.256796175180476,
  "entropy_gibbs_state": 5.232481861974972,
  "entropy_psgibbs_state": 4.431190106118164,
  "area_gibbs_state": 0.006389527470358474,
  "area_psgibbs_state": 0.0052859217335950075
}