{
  "expected_value_gibbs_state": -9.147087997420412,
  "expected_value_psgibbs_state": -9.007091100773833,
  "entropy_gibbs_state": 5.141292632409816,
  "entropy_psgibbs_state": 3.6834289413504946,
  "area_gibbs_state": 0.010652197418630485,
  "area_psgibbs_state": 0.0006075514171535728
}