{
  "expected_value_gibbs_state": -8.009298590076096,
  "expected_value_psgibbs_state": -7.99999999999626,
  "entropy_gibbs_state": 5.172727314211636,
  "entropy_psgibbs_state": 3.2580965391819507,
  "area_gibbs_state": 0.010665457459500323,
  "area_psgibbs_state": 4.675169692199476e-08
}