{
  "expected_value_gibbs_state": -5.518777128765428,
  "expected_value_psgibbs_state": -5.903028830561022,
  "entropy_gibbs_state": 5.2995724574432534,
  "entropy_psgibbs_state": 4.728783046449984,
  "area_gibbs_state": 0.011743379790699084,
  "area_psgibbs_state": 0.0028715403958494597
}