{
  "expected_value_gibbs_state": -8.9040238540573,
  "expected_value_psgibbs_state": -8.780734762070939,
  "entropy_gibbs_state": 5.227502555561465,
  "entropy_psgibbs_state": 4.830328603700622,
  "area_gibbs_state": 0.00544120885739744,
  "area_psgibbs_state": 0.009288671055299527
}