{
  "expected_value_gibbs_state": -8.9040238540573,
  "expected_value_psgibbs_state": -9.0,
  "entropy_gibbs_state": 5.227502555561465,
  "entropy_psgibbs_state": 3.8712010109078947,
  "area_gibbs_state": 0.00544120885739744,
  "area_psgibbs_state": 7.709320915760657e-05
}