{
  "expected_value_gibbs_state": -6.741758845190508,
  "expected_value_psgibbs_state": -6.9939651774388185,
  "entropy_gibbs_state": 5.243996780165895,
  "entropy_psgibbs_state": 3.989718552065477,
  "area_gibbs_state": 0.008023021378143797,
  "area_psgibbs_state": 0.0006221999187070802
}