{
  "expected_value_gibbs_state": -7.956403557226808,
  "expected_value_psgibbs_state": -7.9999435186557175,
  "entropy_gibbs_state": 5.188426431264343,
  "entropy_psgibbs_state": 3.829312543806989,
  "area_gibbs_state": 0.009842941032195057,
  "area_psgibbs_state": 3.303492109942913e-05
}