{
  "expected_value_gibbs_state": -7.186325424163275,
  "expected_value_psgibbs_state": -7.000000102932337,
  "entropy_gibbs_state": 5.272332599352503,
  "entropy_psgibbs_state": 3.9889857638595,
  "area_gibbs_state": 0.004755979387689129,
  "area_psgibbs_state": 9.23211894454382e-07
}