{
  "expected_value_gibbs_state": -8.359231245128179,
  "expected_value_psgibbs_state": -8.000694202371609,
  "entropy_gibbs_state": 5.232481861974972,
  "entropy_psgibbs_state": 3.8767815545236237,
  "area_gibbs_state": 0.006389527470358474,
  "area_psgibbs_state": 6.594074246454112e-05
}