{
  "expected_value_gibbs_state": -8.860585539957992,
  "expected_value_psgibbs_state": -8.93163294949937,
  "entropy_gibbs_state": 5.239798106551554,
  "entropy_psgibbs_state": 4.167468530241232,
  "area_gibbs_state": 0.005190932222220619,
  "area_psgibbs_state": 0.002124280471872977
}