{
  "expected_value_gibbs_state": -13.965148464646262,
  "expected_value_psgibbs_state": -13.999999999823027,
  "entropy_gibbs_state": 6.3289684984714665,
  "entropy_psgibbs_state": 4.382026639044024,
  "area_gibbs_state": 0.0026545218485022662,
  "area_psgibbs_state": 2.2169988260358716e-08
}