{
  "expected_value_gibbs_state": -8.910160333551303,
  "expected_value_psgibbs_state": -8.999869025940201,
  "entropy_gibbs_state": 5.22201314411298,
  "entropy_psgibbs_state": 3.9133733379113864,
  "area_gibbs_state": 0.007858374433806041,
  "area_psgibbs_state": 2.601176846759041e-05
}