{
  "expected_value_gibbs_state": -7.106230934041145,
  "expected_value_psgibbs_state": -7.026335282755886,
  "entropy_gibbs_state": 5.298202973351768,
  "entropy_psgibbs_state": 4.293063518364102,
  "area_gibbs_state": 0.013630410163544096,
  "area_psgibbs_state": 0.0011008157344747456
}