{
  "expected_value_gibbs_state": -9.648878862574565,
  "expected_value_psgibbs_state": -9.576532966441523,
  "entropy_gibbs_state": 6.544768813307974,
  "entropy_psgibbs_state": 5.873128023707857,
  "area_gibbs_state": 0.0030661925019244106,
  "area_psgibbs_state": 0.0027187962038756047
}