{
  "expected_value_gibbs_state": -9.468351083598149,
  "expected_value_psgibbs_state": -9.312415826183889,
  "entropy_gibbs_state": 5.212529662137328,
  "entropy_psgibbs_state": 4.517716308236612,
  "area_gibbs_state": 0.005970852562994916,
  "area_psgibbs_state": 0.007237930224605048
}