{
  "expected_value_gibbs_state": -10.916231770503623,
  "expected_value_psgibbs_state": -10.857891411898082,
  "entropy_gibbs_state": 5.249377246290433,
  "entropy_psgibbs_state": 4.898551622521581,
  "area_gibbs_state": 0.005104152193087525,
  "area_psgibbs_state": 0.005184253042992718
}