{
  "expected_value_gibbs_state": -17.411512169529438,
  "expected_value_psgibbs_state": -17.16800311325647,
  "entropy_gibbs_state": 6.396434535042839,
  "entropy_psgibbs_state": 5.406871216224544,
  "area_gibbs_state": 0.0032907532954348315,
  "area_psgibbs_state": 0.0013965733229528289
}