{
  "expected_value_gibbs_state": -11.22333477792129,
  "expected_value_psgibbs_state": -11.107937514667313,
  "entropy_gibbs_state": 6.545807957389668,
  "entropy_psgibbs_state": 5.569114384114175,
  "area_gibbs_state": 0.0013862028789798223,
  "area_psgibbs_state": 0.0008216861192152708
}