{
  "expected_value_gibbs_state": -10.256048745630558,
  "expected_value_psgibbs_state": -9.948057659803755,
  "entropy_gibbs_state": 5.119397638081525,
  "entropy_psgibbs_state": 4.71257369832335,
  "area_gibbs_state": 0.01428352473928238,
  "area_psgibbs_state": 0.007259316971378875
}