{
  "expected_value_gibbs_state": -12.376154507893032,
  "expected_value_psgibbs_state": -12.370618470237126,
  "entropy_gibbs_state": 6.513831394804331,
  "entropy_psgibbs_state": 5.830338937097099,
  "area_gibbs_state": 0.0015829913503362224,
  "area_psgibbs_state": 0.0008839709119312644
}