{
  "expected_value_gibbs_state": -12.344211153917069,
  "expected_value_psgibbs_state": -12.231697179230489,
  "entropy_gibbs_state": 6.524398051078458,
  "entropy_psgibbs_state": 5.966321169511867,
  "area_gibbs_state": 0.0016941007992631637,
  "area_psgibbs_state": 0.0014400383314205098
}