{
  "expected_value_gibbs_state": -9.386382159899561,
  "expected_value_psgibbs_state": -9.254181848760865,
  "entropy_gibbs_state": 5.237051928145072,
  "entropy_psgibbs_state": 4.79970592548519,
  "area_gibbs_state": 0.007158629665110194,
  "area_psgibbs_state": 0.008579933311579505
}