{
  "expected_value_gibbs_state": -12.685599913020962,
  "expected_value_psgibbs_state": -12.982001062377654,
  "entropy_gibbs_state": 6.409887611420627,
  "entropy_psgibbs_state": 4.879890335693518,
  "area_gibbs_state": 0.002668284801090907,
  "area_psgibbs_state": 0.000286021916755042
}