{
  "expected_value_gibbs_state": -9.45457178043328,
  "expected_value_psgibbs_state": -9.07853168524162,
  "entropy_gibbs_state": 5.217907328567735,
  "entropy_psgibbs_state": 4.088806015376057,
  "area_gibbs_state": 0.0066839674182170225,
  "area_psgibbs_state": 0.0021546076406287395
}