{
  "expected_value_gibbs_state": -10.274336132471234,
  "expected_value_psgibbs_state": -10.000008436009397,
  "entropy_gibbs_state": 6.513751174720871,
  "entropy_psgibbs_state": 5.170587616208291,
  "area_gibbs_state": 0.003298223209789344,
  "area_psgibbs_state": 4.341457668143482e-05
}