{
  "expected_value_gibbs_state": -10.94656955162773,
  "expected_value_psgibbs_state": -10.84638017493953,
  "entropy_gibbs_state": 6.469534242478082,
  "entropy_psgibbs_state": 5.506704546299287,
  "area_gibbs_state": 0.0025726757849260902,
  "area_psgibbs_state": 0.00155292488277751
}