{
  "expected_value_gibbs_state": -14.179890088206967,
  "expected_value_psgibbs_state": -14.009019195335894,
  "entropy_gibbs_state": 6.428426291746329,
  "entropy_psgibbs_state": 4.9911026199045585,
  "area_gibbs_state": 0.0032596709892264656,
  "area_psgibbs_state": 0.00013730160277826902
}