{
  "expected_value_gibbs_state": -7.888285956696922,
  "expected_value_psgibbs_state": -7.816655113464082,
  "entropy_gibbs_state": 5.213258518149559,
  "entropy_psgibbs_state": 4.273023598179378,
  "area_gibbs_state": 0.008296049626621765,
  "area_psgibbs_state": 0.004622602415793751
}