{
  "expected_value_gibbs_state": -6.658071221728051,
  "expected_value_psgibbs_state": -6.655845884393871,
  "entropy_gibbs_state": 5.2712059848585415,
  "entropy_psgibbs_state": 4.796123826168955,
  "area_gibbs_state": 0.012136995172120984,
  "area_psgibbs_state": 0.006981813964181852
}