{
  "expected_value_gibbs_state": -14.179890088206967,
  "expected_value_psgibbs_state": -14.000418048207376,
  "entropy_gibbs_state": 6.428426291746329,
  "entropy_psgibbs_state": 4.945044142858467,
  "area_gibbs_state": 0.0032596709892264656,
  "area_psgibbs_state": 3.5591842375750465e-05
}