{
  "expected_value_gibbs_state": -10.118830521726936,
  "expected_value_psgibbs_state": -10.000068629487382,
  "entropy_gibbs_state": 5.1696486504465735,
  "entropy_psgibbs_state": 3.9896636384455983,
  "area_gibbs_state": 0.0073792395114743725,
  "area_psgibbs_state": 3.3270377007791195e-05
}