{
  "expected_value_gibbs_state": -8.009298590076096,
  "expected_value_psgibbs_state": -7.915735577201169,
  "entropy_gibbs_state": 5.172727314211636,
  "entropy_psgibbs_state": 3.9731589428078222,
  "area_gibbs_state": 0.010665457459500323,
  "area_psgibbs_state": 0.004892447261964676
}