{
  "expected_value_gibbs_state": -13.113956250734711,
  "expected_value_psgibbs_state": -12.999999999999995,
  "entropy_gibbs_state": 6.445890491653007,
  "entropy_psgibbs_state": 4.89783979995091,
  "area_gibbs_state": 0.001988558581841461,
  "area_psgibbs_state": 1.1166595792147161e-18
}