{
  "expected_value_gibbs_state": -10.118830521726936,
  "expected_value_psgibbs_state": -9.948855819800952,
  "entropy_gibbs_state": 5.1696486504465735,
  "entropy_psgibbs_state": 4.581427503176531,
  "area_gibbs_state": 0.0073792395114743725,
  "area_psgibbs_state": 0.004594059742332295
}