{
  "expected_value_gibbs_state": -14.430813998779595,
  "expected_value_psgibbs_state": -14.238669298886832,
  "entropy_gibbs_state": 6.519055215202515,
  "entropy_psgibbs_state": 5.672160935336807,
  "area_gibbs_state": 0.0014500081690364394,
  "area_psgibbs_state": 0.001402323132507745
}