{
  "expected_value_gibbs_state": -8.7158695990321,
  "expected_value_psgibbs_state": -8.799730502599107,
  "entropy_gibbs_state": 5.111852337330171,
  "entropy_psgibbs_state": 4.099520121601071,
  "area_gibbs_state": 0.009443018697908994,
  "area_psgibbs_state": 0.0069530308747529305
}