{
  "expected_value_gibbs_state": -13.113956250734711,
  "expected_value_psgibbs_state": -13.00940194408426,
  "entropy_gibbs_state": 6.445890491653007,
  "entropy_psgibbs_state": 5.496677772084763,
  "area_gibbs_state": 0.001988558581841461,
  "area_psgibbs_state": 0.0010187821175851677
}