{
  "expected_value_gibbs_state": -8.009298590076096,
  "expected_value_psgibbs_state": -7.738219021597608,
  "entropy_gibbs_state": 5.172727314211636,
  "entropy_psgibbs_state": 4.673969369473902,
  "area_gibbs_state": 0.010665457459500323,
  "area_psgibbs_state": 0.005779046412234946
}