{
  "expected_value_gibbs_state": -13.666209210122583,
  "expected_value_psgibbs_state": -13.567746991111312,
  "entropy_gibbs_state": 6.435258200920318,
  "entropy_psgibbs_state": 5.721388674257568,
  "area_gibbs_state": 0.0022910066418485807,
  "area_psgibbs_state": 0.0010798438397092887
}