{
  "expected_value_gibbs_state": -13.113956250734711,
  "expected_value_psgibbs_state": -12.951978317104366,
  "entropy_gibbs_state": 6.445890491653007,
  "entropy_psgibbs_state": 5.79922036766983,
  "area_gibbs_state": 0.001988558581841461,
  "area_psgibbs_state": 0.0012755712802840734
}