{
  "expected_value_gibbs_state": -11.538894233423646,
  "expected_value_psgibbs_state": -11.999368708889527,
  "entropy_gibbs_state": 6.4431568726918895,
  "entropy_psgibbs_state": 4.6689813013320665,
  "area_gibbs_state": 0.003408961376698423,
  "area_psgibbs_state": 2.498934201160661e-05
}