{
  "expected_value_gibbs_state": -8.176611906263922,
  "expected_value_psgibbs_state": -7.999999999999986,
  "entropy_gibbs_state": 5.287289103305058,
  "entropy_psgibbs_state": 4.219507705176104,
  "area_gibbs_state": 0.005044516650764965,
  "area_psgibbs_state": 3.7486052648913725e-17
}