{
  "expected_value_gibbs_state": -10.94656955162773,
  "expected_value_psgibbs_state": -10.758563023396182,
  "entropy_gibbs_state": 6.469534242478082,
  "entropy_psgibbs_state": 5.813864911574773,
  "area_gibbs_state": 0.0025726757849260902,
  "area_psgibbs_state": 0.002396619557597836
}