{
  "expected_value_gibbs_state": -10.256048745630574,
  "expected_value_psgibbs_state": -10.000000000000002,
  "entropy_gibbs_state": 5.119397638081525,
  "entropy_psgibbs_state": 3.8286413964890924,
  "area_gibbs_state": 0.014283524739697673,
  "area_psgibbs_state": 1.381667895985548e-13
}