{
  "expected_value_gibbs_state": -11.841979572211088,
  "expected_value_psgibbs_state": -11.860797305074843,
  "entropy_gibbs_state": 6.514827573003159,
  "entropy_psgibbs_state": 5.491267386767137,
  "area_gibbs_state": 0.0017830616742007888,
  "area_psgibbs_state": 0.0006237388599434549
}