{
  "expected_value_gibbs_state": -6.668571610344831,
  "expected_value_psgibbs_state": -6.999999999999989,
  "entropy_gibbs_state": 5.267754098701768,
  "entropy_psgibbs_state": 3.737669618283507,
  "area_gibbs_state": 0.007462010089353547,
  "area_psgibbs_state": 6.649250431576945e-10
}