{
  "expected_value_gibbs_state": -7.414484048636373,
  "expected_value_psgibbs_state": -7.164821415768166,
  "entropy_gibbs_state": 5.195048189367355,
  "entropy_psgibbs_state": 4.502968575149418,
  "area_gibbs_state": 0.009616336467716336,
  "area_psgibbs_state": 0.0019799757843561375
}