{
  "expected_value_gibbs_state": -15.299338154294292,
  "expected_value_psgibbs_state": -15.130638086205314,
  "entropy_gibbs_state": 6.409199877881796,
  "entropy_psgibbs_state": 5.636857436726685,
  "area_gibbs_state": 0.00249590157951072,
  "area_psgibbs_state": 0.001174655940062866
}