{
  "expected_value_gibbs_state": -5.518777128765428,
  "expected_value_psgibbs_state": -5.991847459785734,
  "entropy_gibbs_state": 5.2995724574432534,
  "entropy_psgibbs_state": 4.549369686508935,
  "area_gibbs_state": 0.011743379790699084,
  "area_psgibbs_state": 0.0007610522749271712
}