{
  "expected_value_gibbs_state": -15.116283586462954,
  "expected_value_psgibbs_state": -15.016274172165659,
  "entropy_gibbs_state": 6.468148001439566,
  "entropy_psgibbs_state": 5.035082224171944,
  "area_gibbs_state": 0.0020467813936577944,
  "area_psgibbs_state": 0.00030264904381483245
}