{
  "expected_value_gibbs_state": -13.048085358001313,
  "expected_value_psgibbs_state": -13.00000000007949,
  "entropy_gibbs_state": 6.460179154384137,
  "entropy_psgibbs_state": 4.969813301539187,
  "area_gibbs_state": 0.0024247594492856593,
  "area_psgibbs_state": 6.636945430534677e-05
}