{
  "expected_value_gibbs_state": -12.71854541002211,
  "expected_value_psgibbs_state": -12.987254480858251,
  "entropy_gibbs_state": 6.397851608331069,
  "entropy_psgibbs_state": 4.679897366532698,
  "area_gibbs_state": 0.0024579480328596674,
  "area_psgibbs_state": 0.0001803332666937548
}