{
  "expected_value_gibbs_state": -12.376154507893032,
  "expected_value_psgibbs_state": -12.002390952658175,
  "entropy_gibbs_state": 6.513831394804331,
  "entropy_psgibbs_state": 4.86922951489697,
  "area_gibbs_state": 0.0015829913503362224,
  "area_psgibbs_state": 0.00011584525592891513
}