{
  "expected_value_gibbs_state": -8.79907123746577,
  "expected_value_psgibbs_state": -8.97162240515895,
  "entropy_gibbs_state": 5.256989241324269,
  "entropy_psgibbs_state": 4.087140742323089,
  "area_gibbs_state": 0.005954411872667981,
  "area_psgibbs_state": 0.0007324944680290227
}