{
  "expected_value_gibbs_state": -7.852130854980805,
  "expected_value_psgibbs_state": -7.981522580971634,
  "entropy_gibbs_state": 5.22684657866055,
  "entropy_psgibbs_state": 3.7912459124078444,
  "area_gibbs_state": 0.006787616480989838,
  "area_psgibbs_state": 0.0009449193192063321
}