{
  "expected_value_gibbs_state": -14.060378724372653,
  "expected_value_psgibbs_state": -13.913508110744086,
  "entropy_gibbs_state": 6.476362648528149,
  "entropy_psgibbs_state": 5.8791070100280205,
  "area_gibbs_state": 0.0014411111087196315,
  "area_psgibbs_state": 0.0024091499742589575
}