{
  "expected_value_gibbs_state": -8.19277774609268,
  "expected_value_psgibbs_state": -7.999999999999994,
  "entropy_gibbs_state": 5.283685577638009,
  "entropy_psgibbs_state": 4.189654742026424,
  "area_gibbs_state": 0.004526261572598035,
  "area_psgibbs_state": 2.499893028199096e-16
}