{
  "expected_value_gibbs_state": -7.925233098762242,
  "expected_value_psgibbs_state": -7.991448114443753,
  "entropy_gibbs_state": 5.203726569061748,
  "entropy_psgibbs_state": 3.6430168658617994,
  "area_gibbs_state": 0.0037701253424520516,
  "area_psgibbs_state": 0.0007894932351304779
}