{
  "expected_value_gibbs_state": -12.077730766035362,
  "expected_value_psgibbs_state": -11.999999999999982,
  "entropy_gibbs_state": 6.438972393672394,
  "entropy_psgibbs_state": 4.770684624465668,
  "area_gibbs_state": 0.0036623648291288476,
  "area_psgibbs_state": 1.0249616268248395e-05
}