{
  "expected_value_gibbs_state": -11.786393738923405,
  "expected_value_psgibbs_state": -11.953144090791177,
  "entropy_gibbs_state": 6.35389539976128,
  "entropy_psgibbs_state": 4.7599346434316585,
  "area_gibbs_state": 0.004668531562542519,
  "area_psgibbs_state": 0.0005079421176112396
}