{
  "expected_value_gibbs_state": -14.060378724372653,
  "expected_value_psgibbs_state": -13.996372769899283,
  "entropy_gibbs_state": 6.476362648528149,
  "entropy_psgibbs_state": 5.319696144446654,
  "area_gibbs_state": 0.0014411111087196315,
  "area_psgibbs_state": 0.0009581317216396634
}