{
  "expected_value_gibbs_state": -6.835026622358093,
  "expected_value_psgibbs_state": -6.618798002893958,
  "entropy_gibbs_state": 5.213566259367098,
  "entropy_psgibbs_state": 4.781964703302041,
  "area_gibbs_state": 0.011184123029165646,
  "area_psgibbs_state": 0.0079278132837928
}