{
  "expected_value_gibbs_state": -9.30787665718093,
  "expected_value_psgibbs_state": -9.145450285876706,
  "entropy_gibbs_state": 5.262033274006274,
  "entropy_psgibbs_state": 4.78423310151919,
  "area_gibbs_state": 0.006419800844325505,
  "area_psgibbs_state": 0.0022469851486266327
}