{
  "expected_value_gibbs_state": -5.456847429602091,
  "expected_value_psgibbs_state": -5.279912664726035,
  "entropy_gibbs_state": 5.3189989608353185,
  "entropy_psgibbs_state": 4.756096625309574,
  "area_gibbs_state": 0.00995894592115949,
  "area_psgibbs_state": 0.007520086315790222
}