{
  "expected_value_gibbs_state": -8.907520841742466,
  "expected_value_psgibbs_state": -8.999854778283147,
  "entropy_gibbs_state": 5.222504528171099,
  "entropy_psgibbs_state": 4.02682695510127,
  "area_gibbs_state": 0.004766467967530787,
  "area_psgibbs_state": 1.6819941654119747e-05
}