{
  "expected_value_gibbs_state": -11.411901019317751,
  "expected_value_psgibbs_state": -11.25771937777831,
  "entropy_gibbs_state": 6.484719015233066,
  "entropy_psgibbs_state": 5.578387673740278,
  "area_gibbs_state": 0.002417406391005784,
  "area_psgibbs_state": 0.0026410379243477443
}