{
  "expected_value_gibbs_state": -9.967468285838612,
  "expected_value_psgibbs_state": -9.836243844429966,
  "entropy_gibbs_state": 5.219132805135683,
  "entropy_psgibbs_state": 4.677226263954091,
  "area_gibbs_state": 0.006477846944206406,
  "area_psgibbs_state": 0.0035936815032028275
}