{
  "expected_value_gibbs_state": -14.185492415799748,
  "expected_value_psgibbs_state": -14.000528120390644,
  "entropy_gibbs_state": 6.431622546558051,
  "entropy_psgibbs_state": 4.916882576694232,
  "area_gibbs_state": 0.0022179143998305524,
  "area_psgibbs_state": 9.39946211383536e-05
}