{
  "expected_value_gibbs_state": -15.791692327431697,
  "expected_value_psgibbs_state": -15.964816518024813,
  "entropy_gibbs_state": 6.419112437006799,
  "entropy_psgibbs_state": 5.032439426996461,
  "area_gibbs_state": 0.003155083477871436,
  "area_psgibbs_state": 0.00022357672778151847
}