{
  "expected_value_gibbs_state": -6.741758845190508,
  "expected_value_psgibbs_state": -6.5732242765477045,
  "entropy_gibbs_state": 5.243996780165895,
  "entropy_psgibbs_state": 4.836504437080179,
  "area_gibbs_state": 0.008023021378143797,
  "area_psgibbs_state": 0.004705722011525836
}