{
  "expected_value_gibbs_state": -12.957106649694705,
  "expected_value_psgibbs_state": -12.99607080014236,
  "entropy_gibbs_state": 6.487011484389855,
  "entropy_psgibbs_state": 5.083977200226869,
  "area_gibbs_state": 0.0024284947882348548,
  "area_psgibbs_state": 0.00013872290982625083
}