{
  "expected_value_gibbs_state": -9.579964555051383,
  "expected_value_psgibbs_state": -9.999999735549936,
  "entropy_gibbs_state": 5.174842220184854,
  "entropy_psgibbs_state": 3.178058324124307,
  "area_gibbs_state": 0.0066387182221164815,
  "area_psgibbs_state": 2.962444728441818e-06
}