{
  "expected_value_gibbs_state": -12.376154507893032,
  "expected_value_psgibbs_state": -12.06955681570514,
  "entropy_gibbs_state": 6.513831394804331,
  "entropy_psgibbs_state": 5.115553503053074,
  "area_gibbs_state": 0.0015829913503362224,
  "area_psgibbs_state": 0.0006076317188354367
}