{
  "expected_value_gibbs_state": -7.186325424163275,
  "expected_value_psgibbs_state": -7.0464199892745265,
  "entropy_gibbs_state": 5.272332599352503,
  "entropy_psgibbs_state": 4.201120110096786,
  "area_gibbs_state": 0.004755979387689129,
  "area_psgibbs_state": 0.0011838348266633865
}