{
  "expected_value_gibbs_state": -7.888285956696922,
  "expected_value_psgibbs_state": -7.637036716138288,
  "entropy_gibbs_state": 5.213258518149559,
  "entropy_psgibbs_state": 4.7988818189490114,
  "area_gibbs_state": 0.008296049626621765,
  "area_psgibbs_state": 0.004615027823137307
}