{
  "expected_value_gibbs_state": -7.852130854980805,
  "expected_value_psgibbs_state": -7.764407128238484,
  "entropy_gibbs_state": 5.22684657866055,
  "entropy_psgibbs_state": 4.487585658846686,
  "area_gibbs_state": 0.006787616480989838,
  "area_psgibbs_state": 0.005780005712321329
}