{
  "expected_value_gibbs_state": -12.901716978548443,
  "expected_value_psgibbs_state": -12.872886029358366,
  "entropy_gibbs_state": 6.340766785401892,
  "entropy_psgibbs_state": 5.166065587665217,
  "area_gibbs_state": 0.0028611250622483306,
  "area_psgibbs_state": 0.0009369225202318808
}