{
  "expected_value_gibbs_state": -7.186325424163275,
  "expected_value_psgibbs_state": -7.07833434884199,
  "entropy_gibbs_state": 5.272332599352503,
  "entropy_psgibbs_state": 4.726171056287147,
  "area_gibbs_state": 0.004755979387689129,
  "area_psgibbs_state": 0.005223130566613103
}