{
  "expected_value_gibbs_state": -13.9080906269876,
  "expected_value_psgibbs_state": -13.94769148181948,
  "entropy_gibbs_state": 6.344794511445036,
  "entropy_psgibbs_state": 4.972881562253753,
  "area_gibbs_state": 0.005258834946300757,
  "area_psgibbs_state": 0.0004837910452328738
}