{
  "expected_value_gibbs_state": -12.077730766035362,
  "expected_value_psgibbs_state": -12.00186644338803,
  "entropy_gibbs_state": 6.438972393672394,
  "entropy_psgibbs_state": 4.79904075609707,
  "area_gibbs_state": 0.0036623648291288476,
  "area_psgibbs_state": 9.200976612177166e-05
}