{
  "expected_value_gibbs_state": -16.070593770942377,
  "expected_value_psgibbs_state": -15.988730888784836,
  "entropy_gibbs_state": 6.327131415166486,
  "entropy_psgibbs_state": 4.991927416314968,
  "area_gibbs_state": 0.003800371376497165,
  "area_psgibbs_state": 0.0010946483603695941
}