{
  "expected_value_gibbs_state": -5.456847429602091,
  "expected_value_psgibbs_state": -5.340374433537661,
  "entropy_gibbs_state": 5.3189989608353185,
  "entropy_psgibbs_state": 4.907156204810392,
  "area_gibbs_state": 0.00995894592115949,
  "area_psgibbs_state": 0.008145281528164688
}