{
  "expected_value_gibbs_state": -8.79907123746577,
  "expected_value_psgibbs_state": -9.000000000000004,
  "entropy_gibbs_state": 5.256989241324269,
  "entropy_psgibbs_state": 3.9512437185814293,
  "area_gibbs_state": 0.005954411872667981,
  "area_psgibbs_state": 3.111759566226353e-05
}