{
  "expected_value_gibbs_state": -9.30787665718093,
  "expected_value_psgibbs_state": -9.143640786483031,
  "entropy_gibbs_state": 5.262033274006274,
  "entropy_psgibbs_state": 4.692465188050862,
  "area_gibbs_state": 0.006419800844325505,
  "area_psgibbs_state": 0.0017008374238098784
}