{
  "expected_value_gibbs_state": -11.654023667964571,
  "expected_value_psgibbs_state": -11.437101816489504,
  "entropy_gibbs_state": 5.179481608553695,
  "entropy_psgibbs_state": 4.744802813474171,
  "area_gibbs_state": 0.0058396211629594035,
  "area_psgibbs_state": 0.0059320713329766486
}