{
  "expected_value_gibbs_state": -16.79806861195929,
  "expected_value_psgibbs_state": -16.777713364210104,
  "entropy_gibbs_state": 6.425098280933348,
  "entropy_psgibbs_state": 5.462387110473379,
  "area_gibbs_state": 0.003076517373772665,
  "area_psgibbs_state": 0.0012155911370755272
}