{
  "expected_value_gibbs_state": -8.176611906263922,
  "expected_value_psgibbs_state": -8.000000050293302,
  "entropy_gibbs_state": 5.287289103305058,
  "entropy_psgibbs_state": 4.219508568682588,
  "area_gibbs_state": 0.005044516650764965,
  "area_psgibbs_state": 9.40169327785107e-07
}