{
  "expected_value_gibbs_state": -7.196276637368384,
  "expected_value_psgibbs_state": -7.099037924362668,
  "entropy_gibbs_state": 5.268376470703795,
  "entropy_psgibbs_state": 4.654274943914521,
  "area_gibbs_state": 0.012261316059267132,
  "area_psgibbs_state": 0.004060016699830455
}