{
  "expected_value_gibbs_state": -7.773176423532095,
  "expected_value_psgibbs_state": -8.000000000000005,
  "entropy_gibbs_state": 5.252239238096253,
  "entropy_psgibbs_state": 3.912023005428145,
  "area_gibbs_state": 0.004378778711742757,
  "area_psgibbs_state": 1.196109213957725e-14
}