{
  "expected_value_gibbs_state": -12.685599913020962,
  "expected_value_psgibbs_state": -12.563995298608443,
  "entropy_gibbs_state": 6.409887611420627,
  "entropy_psgibbs_state": 5.748801229026917,
  "area_gibbs_state": 0.002668284801090907,
  "area_psgibbs_state": 0.0011991393674107105
}