{
  "expected_value_gibbs_state": -15.116283586462954,
  "expected_value_psgibbs_state": -15.017450407357176,
  "entropy_gibbs_state": 6.468148001439566,
  "entropy_psgibbs_state": 5.27864169247677,
  "area_gibbs_state": 0.0020467813936577944,
  "area_psgibbs_state": 0.0005780422617692668
}