{
  "expected_value_gibbs_state": -10.916231770503623,
  "expected_value_psgibbs_state": -10.914265863579274,
  "entropy_gibbs_state": 5.249377246290433,
  "entropy_psgibbs_state": 4.57205081530729,
  "area_gibbs_state": 0.005104152193087525,
  "area_psgibbs_state": 0.0024887993894524133
}