{
  "expected_value_gibbs_state": -13.048085358001313,
  "expected_value_psgibbs_state": -13.000000000000037,
  "entropy_gibbs_state": 6.460179154384137,
  "entropy_psgibbs_state": 4.969813299576,
  "area_gibbs_state": 0.0024247594492856593,
  "area_psgibbs_state": 6.635409469252469e-05
}