{
  "expected_value_gibbs_state": -13.9080906269876,
  "expected_value_psgibbs_state": -13.990952879567285,
  "entropy_gibbs_state": 6.344794511445036,
  "entropy_psgibbs_state": 4.776880741438165,
  "area_gibbs_state": 0.005258834946300757,
  "area_psgibbs_state": 0.0002132143751485355
}