{
  "expected_value_gibbs_state": -9.003825758146823,
  "expected_value_psgibbs_state": -8.802516190780123,
  "entropy_gibbs_state": 5.191568515307848,
  "entropy_psgibbs_state": 4.686417316611346,
  "area_gibbs_state": 0.008570007884654925,
  "area_psgibbs_state": 0.006507644421930978
}