{
  "expected_value_gibbs_state": -12.878728809527766,
  "expected_value_psgibbs_state": -12.883035650051404,
  "entropy_gibbs_state": 6.5163534588539145,
  "entropy_psgibbs_state": 5.5290555470846385,
  "area_gibbs_state": 0.0017651655432570498,
  "area_psgibbs_state": 0.0008834880085621661
}