{
  "expected_value_gibbs_state": -7.867272679089179,
  "expected_value_psgibbs_state": -7.699281901082424,
  "entropy_gibbs_state": 5.21783789915598,
  "entropy_psgibbs_state": 4.704478432625443,
  "area_gibbs_state": 0.01322234472989685,
  "area_psgibbs_state": 0.007583107846482484
}