{
  "expected_value_gibbs_state": -8.268581466886921,
  "expected_value_psgibbs_state": -8.000000000000009,
  "entropy_gibbs_state": 5.262344853259501,
  "entropy_psgibbs_state": 4.025351690735147,
  "area_gibbs_state": 0.006526560860071238,
  "area_psgibbs_state": 6.996783442349956e-05
}