{
  "expected_value_gibbs_state": -8.330975456753752,
  "expected_value_psgibbs_state": -8.000153795765028,
  "entropy_gibbs_state": 5.242860064181486,
  "entropy_psgibbs_state": 3.9134765759677705,
  "area_gibbs_state": 0.007759191763037306,
  "area_psgibbs_state": 2.40251619510308e-05
}