{
  "expected_value_gibbs_state": -13.338611889629219,
  "expected_value_psgibbs_state": -13.198408510512262,
  "entropy_gibbs_state": 6.533588143507039,
  "entropy_psgibbs_state": 5.836872225385569,
  "area_gibbs_state": 0.0024511596118357635,
  "area_psgibbs_state": 0.002099420395891163
}