{
  "expected_value_gibbs_state": -10.94656955162773,
  "expected_value_psgibbs_state": -10.999999999659925,
  "entropy_gibbs_state": 6.469534242478082,
  "entropy_psgibbs_state": 4.718498879261807,
  "area_gibbs_state": 0.0025726757849260902,
  "area_psgibbs_state": 2.1823346429484516e-08
}