{
  "expected_value_gibbs_state": -6.6845139399391105,
  "expected_value_psgibbs_state": -6.7754736705864556,
  "entropy_gibbs_state": 5.265110703956133,
  "entropy_psgibbs_state": 4.377126366262915,
  "area_gibbs_state": 0.007001683727959533,
  "area_psgibbs_state": 0.004863150869524472
}