{
  "expected_value_gibbs_state": -7.645608288850183,
  "expected_value_psgibbs_state": -7.99999999999962,
  "entropy_gibbs_state": 5.2863783949765715,
  "entropy_psgibbs_state": 3.951243718592925,
  "area_gibbs_state": 0.008814685538480046,
  "area_psgibbs_state": 7.765905232205726e-09
}