{
  "expected_value_gibbs_state": -12.520146225834795,
  "expected_value_psgibbs_state": -12.3972157042259,
  "entropy_gibbs_state": 6.459821553221534,
  "entropy_psgibbs_state": 5.7226952128649,
  "area_gibbs_state": 0.003188672304691505,
  "area_psgibbs_state": 0.0009634880641866716
}