{
  "expected_value_gibbs_state": -14.253242728223746,
  "expected_value_psgibbs_state": -14.123156785719475,
  "entropy_gibbs_state": 6.412631644899112,
  "entropy_psgibbs_state": 5.544728585747384,
  "area_gibbs_state": 0.0020410976347526692,
  "area_psgibbs_state": 0.002066454784510626
}