{
  "expected_value_gibbs_state": -7.343459709947926,
  "expected_value_psgibbs_state": -7.1562444444308735,
  "entropy_gibbs_state": 5.221709091575603,
  "entropy_psgibbs_state": 4.327875216450552,
  "area_gibbs_state": 0.006772211496146829,
  "area_psgibbs_state": 0.003327812724201458
}