{
  "expected_value_gibbs_state": -9.46738607395652,
  "expected_value_psgibbs_state": -9.204763983213162,
  "entropy_gibbs_state": 5.213414093305385,
  "entropy_psgibbs_state": 4.439798127311354,
  "area_gibbs_state": 0.004096454404612348,
  "area_psgibbs_state": 0.0018961826728137428
}