{
  "expected_value_gibbs_state": -12.344211153917069,
  "expected_value_psgibbs_state": -12.208468471722195,
  "entropy_gibbs_state": 6.524398051078458,
  "entropy_psgibbs_state": 6.058932433123706,
  "area_gibbs_state": 0.0016941007992631637,
  "area_psgibbs_state": 0.0014456819081027077
}