{
  "expected_value_gibbs_state": -9.445743800440747,
  "expected_value_psgibbs_state": -9.388756089348927,
  "entropy_gibbs_state": 5.221192765367277,
  "entropy_psgibbs_state": 4.651882950164689,
  "area_gibbs_state": 0.007650337848143992,
  "area_psgibbs_state": 0.006356800576815161
}