{
  "expected_value_gibbs_state": -9.800265759779528,
  "expected_value_psgibbs_state": -9.788121383838279,
  "entropy_gibbs_state": 5.270724110416185,
  "entropy_psgibbs_state": 4.828323700370933,
  "area_gibbs_state": 0.0042000361035665415,
  "area_psgibbs_state": 0.005586323096980654
}