{
  "expected_value_gibbs_state": -15.402437498140268,
  "expected_value_psgibbs_state": -15.000000002109566,
  "entropy_gibbs_state": 6.377289485535424,
  "entropy_psgibbs_state": 4.941642465880839,
  "area_gibbs_state": 0.0018071096013687663,
  "area_psgibbs_state": 5.423361870895433e-05
}