{
  "expected_value_gibbs_state": -14.253242728223746,
  "expected_value_psgibbs_state": -14.08675013255079,
  "entropy_gibbs_state": 6.412631644899112,
  "entropy_psgibbs_state": 5.798277787588821,
  "area_gibbs_state": 0.0020410976347526692,
  "area_psgibbs_state": 0.00268341781997628
}