{
  "expected_value_gibbs_state": -7.1311007516614335,
  "expected_value_psgibbs_state": -7.000108091892208,
  "entropy_gibbs_state": 5.289105712974678,
  "entropy_psgibbs_state": 4.331740996177535,
  "area_gibbs_state": 0.006119097389596815,
  "area_psgibbs_state": 3.954529336341594e-05
}