{
  "expected_value_gibbs_state": -11.432649338152167,
  "expected_value_psgibbs_state": -11.023179229232888,
  "entropy_gibbs_state": 6.479001372646414,
  "entropy_psgibbs_state": 5.138461516228885,
  "area_gibbs_state": 0.0022538678836633826,
  "area_psgibbs_state": 0.00020674780115554153
}