{
  "expected_value_gibbs_state": -6.6845139399391105,
  "expected_value_psgibbs_state": -6.979349481187172,
  "entropy_gibbs_state": 5.265110703956133,
  "entropy_psgibbs_state": 3.889730069843528,
  "area_gibbs_state": 0.007001683727959533,
  "area_psgibbs_state": 0.0007829839254693088
}