{
  "expected_value_gibbs_state": -8.36584713943804,
  "expected_value_psgibbs_state": -8.241463225323269,
  "entropy_gibbs_state": 5.229789129208503,
  "entropy_psgibbs_state": 4.73722139631735,
  "area_gibbs_state": 0.0050434402235366455,
  "area_psgibbs_state": 0.009083689073019926
}