{
  "expected_value_gibbs_state": -9.800265759779528,
  "expected_value_psgibbs_state": -10.000000000000002,
  "entropy_gibbs_state": 5.270724110416185,
  "entropy_psgibbs_state": 4.219507705176104,
  "area_gibbs_state": 0.0042000361035665415,
  "area_psgibbs_state": 2.806472350225026e-16
}