{
  "expected_value_gibbs_state": -9.16103649878923,
  "expected_value_psgibbs_state": -8.999999999999988,
  "entropy_gibbs_state": 5.136445129841036,
  "entropy_psgibbs_state": 3.8286413964890924,
  "area_gibbs_state": 0.014081489418579077,
  "area_psgibbs_state": 2.6717186038013832e-17
}