{
  "expected_value_gibbs_state": -14.990068555332371,
  "expected_value_psgibbs_state": -14.795096649579245,
  "entropy_gibbs_state": 6.502087896309577,
  "entropy_psgibbs_state": 6.077940250826757,
  "area_gibbs_state": 0.0022713911129058364,
  "area_psgibbs_state": 0.0016467307958688828
}