{
  "expected_value_gibbs_state": -8.440448672539029,
  "expected_value_psgibbs_state": -8.240289505151013,
  "entropy_gibbs_state": 5.206179764711658,
  "entropy_psgibbs_state": 4.680545932860681,
  "area_gibbs_state": 0.006341339121161532,
  "area_psgibbs_state": 0.009030990849326058
}