{
  "expected_value_gibbs_state": -13.653011821267366,
  "expected_value_psgibbs_state": -13.999353069352356,
  "entropy_gibbs_state": 6.434706420899085,
  "entropy_psgibbs_state": 4.80961758656297,
  "area_gibbs_state": 0.004824032274374714,
  "area_psgibbs_state": 1.3297898049182538e-05
}