{
  "expected_value_gibbs_state": -8.9040238540573,
  "expected_value_psgibbs_state": -8.993182381500143,
  "entropy_gibbs_state": 5.227502555561465,
  "entropy_psgibbs_state": 3.917360477811108,
  "area_gibbs_state": 0.00544120885739744,
  "area_psgibbs_state": 0.0007223263503152173
}