{
  "expected_value_gibbs_state": -12.371515601564978,
  "expected_value_psgibbs_state": -12.000000000003878,
  "entropy_gibbs_state": 6.5122366609272575,
  "entropy_psgibbs_state": 5.257495372131713,
  "area_gibbs_state": 0.0016005677455059244,
  "area_psgibbs_state": 0.0001488431021565627
}