{
  "expected_value_gibbs_state": -11.432649338152167,
  "expected_value_psgibbs_state": -11.22873661916046,
  "entropy_gibbs_state": 6.479001372646414,
  "entropy_psgibbs_state": 5.489388332349361,
  "area_gibbs_state": 0.0022538678836633826,
  "area_psgibbs_state": 0.000901882409182601
}