{
  "expected_value_gibbs_state": -9.971265372018843,
  "expected_value_psgibbs_state": -9.95558554328709,
  "entropy_gibbs_state": 5.220666925392945,
  "entropy_psgibbs_state": 4.4591752037306875,
  "area_gibbs_state": 0.005403592131083897,
  "area_psgibbs_state": 0.00545223522583867
}