{
  "expected_value_gibbs_state": -10.934397219151409,
  "expected_value_psgibbs_state": -10.993670630412481,
  "entropy_gibbs_state": 6.466437698463362,
  "entropy_psgibbs_state": 4.929274195612686,
  "area_gibbs_state": 0.002695312674238324,
  "area_psgibbs_state": 0.00035069596696821274
}