{
  "expected_value_gibbs_state": -7.153176283749263,
  "expected_value_psgibbs_state": -7.066615670503138,
  "entropy_gibbs_state": 5.281631383841781,
  "entropy_psgibbs_state": 4.736788576075008,
  "area_gibbs_state": 0.005050647740711109,
  "area_psgibbs_state": 0.003120045336006377
}