{
  "expected_value_gibbs_state": -17.49189373957581,
  "expected_value_psgibbs_state": -17.10390675507036,
  "entropy_gibbs_state": 6.374791782751832,
  "entropy_psgibbs_state": 5.288805140802944,
  "area_gibbs_state": 0.003027311105986428,
  "area_psgibbs_state": 0.0006311536017525489
}