{
  "expected_value_gibbs_state": -11.654023667964571,
  "expected_value_psgibbs_state": -11.538525645705437,
  "entropy_gibbs_state": 5.179481608553695,
  "entropy_psgibbs_state": 4.417556737114526,
  "area_gibbs_state": 0.0058396211629594035,
  "area_psgibbs_state": 0.005559293990718902
}