{
  "expected_value_gibbs_state": -8.9040238540573,
  "expected_value_psgibbs_state": -8.834071512577847,
  "entropy_gibbs_state": 5.227502555561465,
  "entropy_psgibbs_state": 4.635481802698692,
  "area_gibbs_state": 0.00544120885739744,
  "area_psgibbs_state": 0.008844123027146262
}