{
  "expected_value_gibbs_state": -9.579964555051383,
  "expected_value_psgibbs_state": -9.35267620834226,
  "entropy_gibbs_state": 5.174842220184854,
  "entropy_psgibbs_state": 4.5583888273796624,
  "area_gibbs_state": 0.0066387182221164815,
  "area_psgibbs_state": 0.003804452172842847
}