{
  "expected_value_gibbs_state": -6.877963218411735,
  "expected_value_psgibbs_state": -6.987228442800342,
  "entropy_gibbs_state": 5.197348962072111,
  "entropy_psgibbs_state": 3.813156480470161,
  "area_gibbs_state": 0.011514974430131471,
  "area_psgibbs_state": 0.0009483589584137204
}