{
  "expected_value_gibbs_state": -8.7158695990321,
  "expected_value_psgibbs_state": -9.000000000000002,
  "entropy_gibbs_state": 5.111852337330171,
  "entropy_psgibbs_state": 3.5263605246161633,
  "area_gibbs_state": 0.009443018697908994,
  "area_psgibbs_state": 1.5988489392464166e-05
}