{
  "expected_value_gibbs_state": -5.632322863766222,
  "expected_value_psgibbs_state": -5.4045582062041655,
  "entropy_gibbs_state": 5.261203946035099,
  "entropy_psgibbs_state": 4.741355710117665,
  "area_gibbs_state": 0.006131675556715694,
  "area_psgibbs_state": 0.004574072352651609
}