{
  "expected_value_gibbs_state": -12.617890144129865,
  "expected_value_psgibbs_state": -12.404728224435111,
  "entropy_gibbs_state": 6.436461144604923,
  "entropy_psgibbs_state": 5.738565808633823,
  "area_gibbs_state": 0.0015191963334822733,
  "area_psgibbs_state": 0.001633917133628726
}