{
  "expected_value_gibbs_state": -6.187556637525251,
  "expected_value_psgibbs_state": -6.026889640345154,
  "entropy_gibbs_state": 5.252396603653491,
  "entropy_psgibbs_state": 4.710440738632363,
  "area_gibbs_state": 0.00962718064701204,
  "area_psgibbs_state": 0.0028189249701119643
}