{
  "expected_value_gibbs_state": -12.957106649694705,
  "expected_value_psgibbs_state": -12.97222937572614,
  "entropy_gibbs_state": 6.487011484389855,
  "entropy_psgibbs_state": 5.239191510660602,
  "area_gibbs_state": 0.0024284947882348548,
  "area_psgibbs_state": 0.00039793776201671325
}