{
  "expected_value_gibbs_state": -10.934397219151409,
  "expected_value_psgibbs_state": -11.000000000000009,
  "entropy_gibbs_state": 6.466437698463362,
  "entropy_psgibbs_state": 4.882801922586371,
  "area_gibbs_state": 0.002695312674238324,
  "area_psgibbs_state": 7.620424521359625e-05
}