{
  "expected_value_gibbs_state": -13.917875857003706,
  "expected_value_psgibbs_state": -13.840147120847686,
  "entropy_gibbs_state": 6.511973392837413,
  "entropy_psgibbs_state": 5.750866097053625,
  "area_gibbs_state": 0.0023885644413852054,
  "area_psgibbs_state": 0.0006136566722578118
}