{
  "expected_value_gibbs_state": -14.866878045741366,
  "expected_value_psgibbs_state": -14.999595459827198,
  "entropy_gibbs_state": 6.380513369839898,
  "entropy_psgibbs_state": 4.774395359535823,
  "area_gibbs_state": 0.0028766659596471318,
  "area_psgibbs_state": 3.5452533620274296e-05
}