{
  "expected_value_gibbs_state": -16.070593770942377,
  "expected_value_psgibbs_state": -16.001514434326953,
  "entropy_gibbs_state": 6.327131415166486,
  "entropy_psgibbs_state": 4.592744041084612,
  "area_gibbs_state": 0.003800371376497165,
  "area_psgibbs_state": 0.00017362825223953655
}