{
  "expected_value_gibbs_state": -11.115383084489194,
  "expected_value_psgibbs_state": -11.035598222512727,
  "entropy_gibbs_state": 6.57395124639415,
  "entropy_psgibbs_state": 5.6159842596630964,
  "area_gibbs_state": 0.0020140621368427442,
  "area_psgibbs_state": 0.0003922379857664877
}