{
  "expected_value_gibbs_state": -6.658071221728051,
  "expected_value_psgibbs_state": -6.706942963645923,
  "entropy_gibbs_state": 5.2712059848585415,
  "entropy_psgibbs_state": 4.73984617771219,
  "area_gibbs_state": 0.012136995172120984,
  "area_psgibbs_state": 0.006338880389008673
}