{
  "expected_value_gibbs_state": -15.402401287510866,
  "expected_value_psgibbs_state": -15.004537816219418,
  "entropy_gibbs_state": 6.379922744205627,
  "entropy_psgibbs_state": 4.968334816996918,
  "area_gibbs_state": 0.002181047558159809,
  "area_psgibbs_state": 7.508705713117346e-05
}