{
  "expected_value_gibbs_state": -6.648349628632736,
  "expected_value_psgibbs_state": -6.498594528349814,
  "entropy_gibbs_state": 5.275062144029378,
  "entropy_psgibbs_state": 4.844197965070301,
  "area_gibbs_state": 0.00992096458037231,
  "area_psgibbs_state": 0.008479268557023668
}