{
  "expected_value_gibbs_state": -8.934948729698625,
  "expected_value_psgibbs_state": -8.999999999999993,
  "entropy_gibbs_state": 5.216642928216521,
  "entropy_psgibbs_state": 3.637586159726386,
  "area_gibbs_state": 0.008345671792227397,
  "area_psgibbs_state": 2.2540585941719633e-17
}