{
  "expected_value_gibbs_state": -8.79907123746577,
  "expected_value_psgibbs_state": -8.998403650063938,
  "entropy_gibbs_state": 5.256989241324269,
  "entropy_psgibbs_state": 3.9634526488577264,
  "area_gibbs_state": 0.005954411872667981,
  "area_psgibbs_state": 0.00011503109329258541
}