{
  "expected_value_gibbs_state": -10.932128626910762,
  "expected_value_psgibbs_state": -10.99999999946594,
  "entropy_gibbs_state": 6.471563621299875,
  "entropy_psgibbs_state": 4.867534462542746,
  "area_gibbs_state": 0.0026332835132377493,
  "area_psgibbs_state": 5.918209006029962e-05
}