{
  "expected_value_gibbs_state": -8.87212926525125,
  "expected_value_psgibbs_state": -8.905124131314983,
  "entropy_gibbs_state": 5.235794904676207,
  "entropy_psgibbs_state": 4.47782564220194,
  "area_gibbs_state": 0.005034967945467714,
  "area_psgibbs_state": 0.0025192579176604836
}