{
  "expected_value_gibbs_state": -16.113900502121908,
  "expected_value_psgibbs_state": -16.00000000000001,
  "entropy_gibbs_state": 6.478878015663574,
  "entropy_psgibbs_state": 5.099866427824203,
  "area_gibbs_state": 0.0014729456044045538,
  "area_psgibbs_state": 7.470429728860966e-05
}