{
  "expected_value_gibbs_state": -6.741758845190508,
  "expected_value_psgibbs_state": -7.000000000000009,
  "entropy_gibbs_state": 5.243996780165895,
  "entropy_psgibbs_state": 3.9512437185814298,
  "area_gibbs_state": 0.008023021378143797,
  "area_psgibbs_state": 3.52790360111687e-13
}