{
  "expected_value_gibbs_state": -7.367294048421159,
  "expected_value_psgibbs_state": -7.106195832696745,
  "entropy_gibbs_state": 5.208652486214856,
  "entropy_psgibbs_state": 4.558091979949413,
  "area_gibbs_state": 0.011617658420317367,
  "area_psgibbs_state": 0.0014325824361454715
}