{
  "expected_value_gibbs_state": -14.990068555332371,
  "expected_value_psgibbs_state": -15.000000000000032,
  "entropy_gibbs_state": 6.502087896309577,
  "entropy_psgibbs_state": 5.099866427824203,
  "area_gibbs_state": 0.0022713911129058364,
  "area_psgibbs_state": 1.033928587377803e-05
}