{
  "expected_value_gibbs_state": -13.965148464646262,
  "expected_value_psgibbs_state": -13.742132190346483,
  "entropy_gibbs_state": 6.3289684984714665,
  "entropy_psgibbs_state": 5.484148605924006,
  "area_gibbs_state": 0.0026545218485022662,
  "area_psgibbs_state": 0.0024626649410941716
}