{
  "expected_value_gibbs_state": -7.227727754158783,
  "expected_value_psgibbs_state": -7.0000006751573505,
  "entropy_gibbs_state": 5.2573119933687495,
  "entropy_psgibbs_state": 4.060452877034264,
  "area_gibbs_state": 0.008482761784472246,
  "area_psgibbs_state": 2.230036668519795e-06
}