{
  "expected_value_gibbs_state": -10.02841663290163,
  "expected_value_psgibbs_state": -10.00000000001624,
  "entropy_gibbs_state": 5.196044737269721,
  "entropy_psgibbs_state": 4.060443011132127,
  "area_gibbs_state": 0.008331062604408159,
  "area_psgibbs_state": 3.309931473165705e-08
}