{
  "expected_value_gibbs_state": -9.443213949022677,
  "expected_value_psgibbs_state": -9.240425562550852,
  "entropy_gibbs_state": 5.218754786094295,
  "entropy_psgibbs_state": 4.483720348144297,
  "area_gibbs_state": 0.0038748295921483445,
  "area_psgibbs_state": 0.00332616216653142
}