{
  "expected_value_gibbs_state": -15.993594888505344,
  "expected_value_psgibbs_state": -15.782844807747434,
  "entropy_gibbs_state": 6.350132657789731,
  "entropy_psgibbs_state": 5.689770993469149,
  "area_gibbs_state": 0.00329146058984138,
  "area_psgibbs_state": 0.0021748621308036358
}