{
  "expected_value_gibbs_state": -16.070593770942377,
  "expected_value_psgibbs_state": -15.917086991895253,
  "entropy_gibbs_state": 6.327131415166486,
  "entropy_psgibbs_state": 5.428068909162351,
  "area_gibbs_state": 0.003800371376497165,
  "area_psgibbs_state": 0.0028024234860604628
}