{
  "expected_value_gibbs_state": -15.525991982176413,
  "expected_value_psgibbs_state": -15.266215904951235,
  "entropy_gibbs_state": 6.329869203373722,
  "entropy_psgibbs_state": 5.711667898145102,
  "area_gibbs_state": 0.003347005742601445,
  "area_psgibbs_state": 0.002437886102115871
}