{
  "expected_value_gibbs_state": -7.956403557226808,
  "expected_value_psgibbs_state": -7.686812228321361,
  "entropy_gibbs_state": 5.188426431264343,
  "entropy_psgibbs_state": 4.8167552958072,
  "area_gibbs_state": 0.009842941032195057,
  "area_psgibbs_state": 0.008493415154072145
}