{
  "expected_value_gibbs_state": -14.78140662731069,
  "expected_value_psgibbs_state": -14.999999999999963,
  "entropy_gibbs_state": 6.407411169923175,
  "entropy_psgibbs_state": 4.770684624465668,
  "area_gibbs_state": 0.0023339264149657615,
  "area_psgibbs_state": 9.430019280998011e-16
}