{
  "expected_value_gibbs_state": -14.990068555332371,
  "expected_value_psgibbs_state": -14.866829954807214,
  "entropy_gibbs_state": 6.502087896309577,
  "entropy_psgibbs_state": 5.866950043345116,
  "area_gibbs_state": 0.0022713911129058364,
  "area_psgibbs_state": 0.0015923915912473626
}