{
  "expected_value_gibbs_state": -7.852130854980805,
  "expected_value_psgibbs_state": -8.000000000000005,
  "entropy_gibbs_state": 5.22684657866055,
  "entropy_psgibbs_state": 3.6888794541139402,
  "area_gibbs_state": 0.006787616480989838,
  "area_psgibbs_state": 9.825582188149884e-18
}