{
  "expected_value_gibbs_state": -5.632322863766222,
  "expected_value_psgibbs_state": -5.475570649342689,
  "entropy_gibbs_state": 5.261203946035099,
  "entropy_psgibbs_state": 4.565452088456305,
  "area_gibbs_state": 0.006131675556715694,
  "area_psgibbs_state": 0.0057428468211919
}