{
  "expected_value_gibbs_state": -11.123787100033184,
  "expected_value_psgibbs_state": -11.018111234158185,
  "entropy_gibbs_state": 5.1800752355464486,
  "entropy_psgibbs_state": 4.268551186299936,
  "area_gibbs_state": 0.008725314338629083,
  "area_psgibbs_state": 0.0022106280075568866
}