{
  "expected_value_gibbs_state": -9.445743800440747,
  "expected_value_psgibbs_state": -9.396542244718322,
  "entropy_gibbs_state": 5.221192765367277,
  "entropy_psgibbs_state": 4.5721217467056094,
  "area_gibbs_state": 0.007650337848143992,
  "area_psgibbs_state": 0.006141931864941619
}