{
  "expected_value_gibbs_state": -12.344211153917069,
  "expected_value_psgibbs_state": -12.022628489053183,
  "entropy_gibbs_state": 6.524398051078458,
  "entropy_psgibbs_state": 5.225191867668571,
  "area_gibbs_state": 0.0016941007992631637,
  "area_psgibbs_state": 0.00033266627498254993
}