{
  "expected_value_gibbs_state": -8.330975456753752,
  "expected_value_psgibbs_state": -8.155500795500737,
  "entropy_gibbs_state": 5.242860064181486,
  "entropy_psgibbs_state": 4.304942699940943,
  "area_gibbs_state": 0.007759191763037306,
  "area_psgibbs_state": 0.0023098778015724184
}