{
  "expected_value_gibbs_state": -13.136841879920345,
  "expected_value_psgibbs_state": -13.000132775043639,
  "entropy_gibbs_state": 6.436305269778275,
  "entropy_psgibbs_state": 5.101087395811283,
  "area_gibbs_state": 0.0030727926167129775,
  "area_psgibbs_state": 1.330900616179921e-05
}