{
  "expected_value_gibbs_state": -14.133224674206529,
  "expected_value_psgibbs_state": -14.03219362818708,
  "entropy_gibbs_state": 6.452065083994467,
  "entropy_psgibbs_state": 5.559050159244327,
  "area_gibbs_state": 0.0021534582828379757,
  "area_psgibbs_state": 0.0016087090729717327
}