{
  "expected_value_gibbs_state": -13.965148464646262,
  "expected_value_psgibbs_state": -14.00000000000002,
  "entropy_gibbs_state": 6.3289684984714665,
  "entropy_psgibbs_state": 4.382026634673888,
  "area_gibbs_state": 0.0026545218485022662,
  "area_psgibbs_state": 5.731823982619079e-18
}