{
  "expected_value_gibbs_state": -7.414484048636373,
  "expected_value_psgibbs_state": -7.139317275072086,
  "entropy_gibbs_state": 5.195048189367355,
  "entropy_psgibbs_state": 4.378901567151914,
  "area_gibbs_state": 0.009616336467716336,
  "area_psgibbs_state": 0.0015197239343087393
}