{
  "expected_value_gibbs_state": -11.258575661948482,
  "expected_value_psgibbs_state": -11.120723159405104,
  "entropy_gibbs_state": 6.533147283343352,
  "entropy_psgibbs_state": 5.583610316645863,
  "area_gibbs_state": 0.002274539934464197,
  "area_psgibbs_state": 0.0014220628590099608
}