{
  "expected_value_gibbs_state": -8.359231245128179,
  "expected_value_psgibbs_state": -8.119890440271895,
  "entropy_gibbs_state": 5.232481861974972,
  "entropy_psgibbs_state": 4.210210752244227,
  "area_gibbs_state": 0.006389527470358474,
  "area_psgibbs_state": 0.001234179501602448
}