{
  "expected_value_gibbs_state": -7.888285956696922,
  "expected_value_psgibbs_state": -7.914254420805849,
  "entropy_gibbs_state": 5.213258518149559,
  "entropy_psgibbs_state": 3.931170527430481,
  "area_gibbs_state": 0.008296049626621765,
  "area_psgibbs_state": 0.0029229882701004434
}