{
  "expected_value_gibbs_state": -8.860585539957992,
  "expected_value_psgibbs_state": -9.000000000000002,
  "entropy_gibbs_state": 5.239798106551554,
  "entropy_psgibbs_state": 3.8712010109078947,
  "area_gibbs_state": 0.005190932222220619,
  "area_psgibbs_state": 4.165100660630419e-05
}