{
  "expected_value_gibbs_state": -7.294086708026469,
  "expected_value_psgibbs_state": -7.050293126448103,
  "entropy_gibbs_state": 5.2368185114516015,
  "entropy_psgibbs_state": 4.010666422060864,
  "area_gibbs_state": 0.009033621900026627,
  "area_psgibbs_state": 0.0011446861968513536
}