{
  "expected_value_gibbs_state": -6.187556637525251,
  "expected_value_psgibbs_state": -5.9999999999999964,
  "entropy_gibbs_state": 5.252396603653491,
  "entropy_psgibbs_state": 4.127134385045088,
  "area_gibbs_state": 0.00962718064701204,
  "area_psgibbs_state": 8.678115864360351e-17
}