{
  "expected_value_gibbs_state": -7.852130854980805,
  "expected_value_psgibbs_state": -7.6404202786130755,
  "entropy_gibbs_state": 5.22684657866055,
  "entropy_psgibbs_state": 4.829275194686213,
  "area_gibbs_state": 0.006787616480989838,
  "area_psgibbs_state": 0.007909215893004298
}