{
  "expected_value_gibbs_state": -12.041286490494961,
  "expected_value_psgibbs_state": -12.000267832378237,
  "entropy_gibbs_state": 6.449083943404011,
  "entropy_psgibbs_state": 5.017256119268732,
  "area_gibbs_state": 0.0012414688252240984,
  "area_psgibbs_state": 3.231098806410291e-05
}