{
  "expected_value_gibbs_state": -14.179890088206967,
  "expected_value_psgibbs_state": -14.031862540791066,
  "entropy_gibbs_state": 6.428426291746329,
  "entropy_psgibbs_state": 5.1171968969799835,
  "area_gibbs_state": 0.0032596709892264656,
  "area_psgibbs_state": 0.0003808290250740688
}