{
  "expected_value_gibbs_state": -13.113956250734711,
  "expected_value_psgibbs_state": -13.004129061330278,
  "entropy_gibbs_state": 6.445890491653007,
  "entropy_psgibbs_state": 4.931107825186649,
  "area_gibbs_state": 0.001988558581841461,
  "area_psgibbs_state": 7.911320402076751e-05
}