{
  "expected_value_gibbs_state": -9.445743800440747,
  "expected_value_psgibbs_state": -9.36134431537319,
  "entropy_gibbs_state": 5.221192765367277,
  "entropy_psgibbs_state": 4.4807861240195415,
  "area_gibbs_state": 0.007650337848143992,
  "area_psgibbs_state": 0.005210279098489762
}