{
  "expected_value_gibbs_state": -9.003825758146823,
  "expected_value_psgibbs_state": -8.999999999990537,
  "entropy_gibbs_state": 5.191568515307848,
  "entropy_psgibbs_state": 3.737669618947803,
  "area_gibbs_state": 0.008570007884654925,
  "area_psgibbs_state": 2.9679490488627113e-08
}