{
  "expected_value_gibbs_state": -8.780271242713976,
  "expected_value_psgibbs_state": -8.892484165238532,
  "entropy_gibbs_state": 5.2637351230748655,
  "entropy_psgibbs_state": 4.321576192426645,
  "area_gibbs_state": 0.006828832991589459,
  "area_psgibbs_state": 0.001700467251100735
}