{
  "expected_value_gibbs_state": -13.728229861336702,
  "expected_value_psgibbs_state": -13.989174490354783,
  "entropy_gibbs_state": 6.406410098155353,
  "entropy_psgibbs_state": 4.6907622594613425,
  "area_gibbs_state": 0.002950766744722738,
  "area_psgibbs_state": 0.00016060894782124848
}