{
  "expected_value_gibbs_state": -10.94656955162773,
  "expected_value_psgibbs_state": -10.722696512194604,
  "entropy_gibbs_state": 6.469534242478082,
  "entropy_psgibbs_state": 5.9194722642443605,
  "area_gibbs_state": 0.0025726757849260902,
  "area_psgibbs_state": 0.0024302160291981827
}