{
  "expected_value_gibbs_state": -15.095262526636459,
  "expected_value_psgibbs_state": -15.000000000851793,
  "entropy_gibbs_state": 6.4695973898181895,
  "entropy_psgibbs_state": 5.123963997500437,
  "area_gibbs_state": 0.003070338342316396,
  "area_psgibbs_state": 9.786126904870033e-05
}