{
  "expected_value_gibbs_state": -14.133224674206529,
  "expected_value_psgibbs_state": -13.999999999999973,
  "entropy_gibbs_state": 6.452065083994467,
  "entropy_psgibbs_state": 4.95582705760126,
  "area_gibbs_state": 0.0021534582828379757,
  "area_psgibbs_state": 4.6787348354689026e-05
}