{
  "expected_value_gibbs_state": -9.261336054645701,
  "expected_value_psgibbs_state": -9.00000000000001,
  "entropy_gibbs_state": 5.273397712029547,
  "entropy_psgibbs_state": 4.248495242049361,
  "area_gibbs_state": 0.009541935674362324,
  "area_psgibbs_state": 2.8966589530775847e-13
}