{
  "expected_value_gibbs_state": -13.16093626755684,
  "expected_value_psgibbs_state": -13.0000000285261,
  "entropy_gibbs_state": 6.430509995874565,
  "entropy_psgibbs_state": 4.983607133843508,
  "area_gibbs_state": 0.0026758003814385057,
  "area_psgibbs_state": 9.83443929579216e-06
}