{
  "expected_value_gibbs_state": -10.667058491994013,
  "expected_value_psgibbs_state": -10.999683672642579,
  "entropy_gibbs_state": 6.555160657418399,
  "entropy_psgibbs_state": 4.986565257672615,
  "area_gibbs_state": 0.0021314012190837874,
  "area_psgibbs_state": 0.00011735860364760365
}