{
  "expected_value_gibbs_state": -8.176611906263922,
  "expected_value_psgibbs_state": -8.053577242139852,
  "entropy_gibbs_state": 5.287289103305058,
  "entropy_psgibbs_state": 4.9086236999957915,
  "area_gibbs_state": 0.005044516650764965,
  "area_psgibbs_state": 0.00515236863745742
}