{
  "expected_value_gibbs_state": -8.359231245128179,
  "expected_value_psgibbs_state": -8.00000000000047,
  "entropy_gibbs_state": 5.232481861974972,
  "entropy_psgibbs_state": 3.8712010109215838,
  "area_gibbs_state": 0.006389527470358474,
  "area_psgibbs_state": 3.6103980588135786e-05
}