{
  "expected_value_gibbs_state": -7.1606823912729824,
  "expected_value_psgibbs_state": -7.090575578358735,
  "entropy_gibbs_state": 5.279191486108089,
  "entropy_psgibbs_state": 4.567687799604399,
  "area_gibbs_state": 0.005431112776344294,
  "area_psgibbs_state": 0.007432406361575394
}