{
  "expected_value_gibbs_state": -10.932128626910762,
  "expected_value_psgibbs_state": -10.999914613716216,
  "entropy_gibbs_state": 6.471563621299875,
  "entropy_psgibbs_state": 4.868485390868458,
  "area_gibbs_state": 0.0026332835132377493,
  "area_psgibbs_state": 7.565347776906462e-05
}