{
  "expected_value_gibbs_state": -11.22333477792129,
  "expected_value_psgibbs_state": -11.114880157889536,
  "entropy_gibbs_state": 6.545807957389668,
  "entropy_psgibbs_state": 5.890123990172233,
  "area_gibbs_state": 0.0013862028789798223,
  "area_psgibbs_state": 0.0015170450667378074
}