{
  "expected_value_gibbs_state": -8.440448672539029,
  "expected_value_psgibbs_state": -8.283491592918564,
  "entropy_gibbs_state": 5.206179764711658,
  "entropy_psgibbs_state": 4.459255398985807,
  "area_gibbs_state": 0.006341339121161532,
  "area_psgibbs_state": 0.008666732666305212
}