{
  "expected_value_gibbs_state": -11.980512827306327,
  "expected_value_psgibbs_state": -11.999970279953308,
  "entropy_gibbs_state": 6.468338944507831,
  "entropy_psgibbs_state": 4.883266378108952,
  "area_gibbs_state": 0.002882711318784678,
  "area_psgibbs_state": 8.127944490798474e-05
}