{
  "expected_value_gibbs_state": -12.45759130987695,
  "expected_value_psgibbs_state": -12.321251135442928,
  "entropy_gibbs_state": 6.484140509976882,
  "entropy_psgibbs_state": 5.635892448189584,
  "area_gibbs_state": 0.001314489467045588,
  "area_psgibbs_state": 0.0022445561410732616
}