{
  "expected_value_gibbs_state": -8.419763162569947,
  "expected_value_psgibbs_state": -8.196473285457575,
  "entropy_gibbs_state": 5.213559312402179,
  "entropy_psgibbs_state": 4.404902842211091,
  "area_gibbs_state": 0.007795524449273528,
  "area_psgibbs_state": 0.00594872743652483
}