{
  "expected_value_gibbs_state": -6.648349628632736,
  "expected_value_psgibbs_state": -6.999999999999815,
  "entropy_gibbs_state": 5.275062144029378,
  "entropy_psgibbs_state": 3.7376696182892553,
  "area_gibbs_state": 0.00992096458037231,
  "area_psgibbs_state": 1.2088814466900754e-05
}