{
  "expected_value_gibbs_state": -9.003825758146823,
  "expected_value_psgibbs_state": -8.982553443855096,
  "entropy_gibbs_state": 5.191568515307848,
  "entropy_psgibbs_state": 3.9128561314599533,
  "area_gibbs_state": 0.008570007884654925,
  "area_psgibbs_state": 0.0012881846304246326
}