{
  "expected_value_gibbs_state": -16.070593770942377,
  "expected_value_psgibbs_state": -15.829369483030824,
  "entropy_gibbs_state": 6.327131415166486,
  "entropy_psgibbs_state": 5.690539745897279,
  "area_gibbs_state": 0.003800371376497165,
  "area_psgibbs_state": 0.0024148489591312283
}