{
  "expected_value_gibbs_state": -12.376154507893032,
  "expected_value_psgibbs_state": -12.199466163958817,
  "entropy_gibbs_state": 6.513831394804331,
  "entropy_psgibbs_state": 5.383636615076058,
  "area_gibbs_state": 0.0015829913503362224,
  "area_psgibbs_state": 0.0008264645509617489
}