{
  "expected_value_gibbs_state": -8.326893148218145,
  "expected_value_psgibbs_state": -8.241927607071995,
  "entropy_gibbs_state": 5.2438173158339865,
  "entropy_psgibbs_state": 4.740071955067017,
  "area_gibbs_state": 0.005145711478665911,
  "area_psgibbs_state": 0.009085017871171313
}