{
  "expected_value_gibbs_state": -7.186325424163275,
  "expected_value_psgibbs_state": -7.056988727846537,
  "entropy_gibbs_state": 5.272332599352503,
  "entropy_psgibbs_state": 4.842453704373689,
  "area_gibbs_state": 0.004755979387689129,
  "area_psgibbs_state": 0.005246686631627153
}