{
  "expected_value_gibbs_state": -8.87212926525125,
  "expected_value_psgibbs_state": -9.000000000000002,
  "entropy_gibbs_state": 5.235794904676207,
  "entropy_psgibbs_state": 4.127134385045088,
  "area_gibbs_state": 0.005034967945467714,
  "area_psgibbs_state": 5.611197970970221e-17
}