{
  "expected_value_gibbs_state": -8.780271242713976,
  "expected_value_psgibbs_state": -8.9999990534691,
  "entropy_gibbs_state": 5.2637351230748655,
  "entropy_psgibbs_state": 3.9512579293820917,
  "area_gibbs_state": 0.006828832991589459,
  "area_psgibbs_state": 3.2279292701911263e-06
}