{
  "expected_value_gibbs_state": -10.667058491994013,
  "expected_value_psgibbs_state": -10.515800365888879,
  "entropy_gibbs_state": 6.555160657418399,
  "entropy_psgibbs_state": 6.109520663368121,
  "area_gibbs_state": 0.0021314012190837874,
  "area_psgibbs_state": 0.002523214923853572
}