{
  "expected_value_gibbs_state": -7.852130854980805,
  "expected_value_psgibbs_state": -7.834458288441302,
  "entropy_gibbs_state": 5.22684657866055,
  "entropy_psgibbs_state": 4.291430565336658,
  "area_gibbs_state": 0.006787616480989838,
  "area_psgibbs_state": 0.004011390659068352
}