{
  "expected_value_gibbs_state": -7.367294048421159,
  "expected_value_psgibbs_state": -7.104369982218386,
  "entropy_gibbs_state": 5.208652486214856,
  "entropy_psgibbs_state": 4.466329737110566,
  "area_gibbs_state": 0.011617658420317367,
  "area_psgibbs_state": 0.0011224446763649569
}