{
  "expected_value_gibbs_state": -13.344489110134242,
  "expected_value_psgibbs_state": -13.000190817575275,
  "entropy_gibbs_state": 6.357086337616104,
  "entropy_psgibbs_state": 4.884476468916528,
  "area_gibbs_state": 0.004589658845940017,
  "area_psgibbs_state": 7.452692698682337e-06
}