{
  "expected_value_gibbs_state": -13.344489110134242,
  "expected_value_psgibbs_state": -13.061050773207205,
  "entropy_gibbs_state": 6.357086337616104,
  "entropy_psgibbs_state": 5.065035254384911,
  "area_gibbs_state": 0.004589658845940017,
  "area_psgibbs_state": 0.00020666742789788073
}