{
  "expected_value_gibbs_state": -13.338611889629219,
  "expected_value_psgibbs_state": -13.149238876898693,
  "entropy_gibbs_state": 6.533588143507039,
  "entropy_psgibbs_state": 6.128013216515308,
  "area_gibbs_state": 0.0024511596118357635,
  "area_psgibbs_state": 0.001973550984980635
}