{
  "expected_value_gibbs_state": -10.256048745630558,
  "expected_value_psgibbs_state": -10.034628527834121,
  "entropy_gibbs_state": 5.119397638081525,
  "entropy_psgibbs_state": 4.471127532595748,
  "area_gibbs_state": 0.01428352473928238,
  "area_psgibbs_state": 0.006458257961983646
}