{
  "expected_value_gibbs_state": -9.408846790767505,
  "expected_value_psgibbs_state": -9.000000009767414,
  "entropy_gibbs_state": 5.231490219805493,
  "entropy_psgibbs_state": 3.9512439064147156,
  "area_gibbs_state": 0.00445280001370738,
  "area_psgibbs_state": 4.275040899481887e-07
}