{
  "expected_value_gibbs_state": -9.019473267802447,
  "expected_value_psgibbs_state": -8.99928806589682,
  "entropy_gibbs_state": 5.185310296977298,
  "entropy_psgibbs_state": 4.140518828720678,
  "area_gibbs_state": 0.0070076886947067355,
  "area_psgibbs_state": 0.00018823374603014432
}