{
  "expected_value_gibbs_state": -11.22333477792129,
  "expected_value_psgibbs_state": -10.999999999999968,
  "entropy_gibbs_state": 6.545807957389668,
  "entropy_psgibbs_state": 5.135798437050246,
  "area_gibbs_state": 0.0013862028789798223,
  "area_psgibbs_state": 5.3790133378365554e-05
}