{
  "expected_value_gibbs_state": -9.613469848111599,
  "expected_value_psgibbs_state": -9.571961905391884,
  "entropy_gibbs_state": 5.1666548146939535,
  "entropy_psgibbs_state": 4.282996934068129,
  "area_gibbs_state": 0.008063483972894898,
  "area_psgibbs_state": 0.009010339065917635
}