{
  "expected_value_gibbs_state": -9.16103649878923,
  "expected_value_psgibbs_state": -9.000000017061435,
  "entropy_gibbs_state": 5.136445129841036,
  "entropy_psgibbs_state": 3.828641702711039,
  "area_gibbs_state": 0.014081489418579077,
  "area_psgibbs_state": 6.202692696770163e-07
}