{
  "expected_value_gibbs_state": -7.773176423532095,
  "expected_value_psgibbs_state": -7.679659382288277,
  "entropy_gibbs_state": 5.252239238096253,
  "entropy_psgibbs_state": 4.795943818183995,
  "area_gibbs_state": 0.004378778711742757,
  "area_psgibbs_state": 0.0037162055904029307
}