{
  "expected_value_gibbs_state": -13.136841879920345,
  "expected_value_psgibbs_state": -13.026532236336992,
  "entropy_gibbs_state": 6.436305269778275,
  "entropy_psgibbs_state": 5.378371113451597,
  "area_gibbs_state": 0.0030727926167129775,
  "area_psgibbs_state": 0.0002714068110489348
}