{
  "expected_value_gibbs_state": -7.956403557226808,
  "expected_value_psgibbs_state": -7.9999999998188995,
  "entropy_gibbs_state": 5.188426431264343,
  "entropy_psgibbs_state": 3.8286414008278986,
  "area_gibbs_state": 0.009842941032195057,
  "area_psgibbs_state": 5.0179300429062076e-08
}