{
  "expected_value_gibbs_state": -10.256048745630574,
  "expected_value_psgibbs_state": -9.948057659803746,
  "entropy_gibbs_state": 5.119397638081525,
  "entropy_psgibbs_state": 4.712573698323326,
  "area_gibbs_state": 0.014283524739697673,
  "area_psgibbs_state": 0.0072593169713789695
}