{
  "expected_value_gibbs_state": -15.116283586462954,
  "expected_value_psgibbs_state": -15.000000000000002,
  "entropy_gibbs_state": 6.468148001439566,
  "entropy_psgibbs_state": 4.852030263919617,
  "area_gibbs_state": 0.0020467813936577944,
  "area_psgibbs_state": 1.0444940851405888e-17
}