{
  "expected_value_gibbs_state": -12.878728809527766,
  "expected_value_psgibbs_state": -12.999719059182741,
  "entropy_gibbs_state": 6.5163534588539145,
  "entropy_psgibbs_state": 5.0396120051687925,
  "area_gibbs_state": 0.0017651655432570498,
  "area_psgibbs_state": 8.157513916960145e-05
}