{
  "expected_value_gibbs_state": -14.430813998779595,
  "expected_value_psgibbs_state": -14.299209246311069,
  "entropy_gibbs_state": 6.519055215202515,
  "entropy_psgibbs_state": 5.71896134796677,
  "area_gibbs_state": 0.0014500081690364394,
  "area_psgibbs_state": 0.0016050273739018155
}