{
  "expected_value_gibbs_state": -7.414484048636373,
  "expected_value_psgibbs_state": -7.004464161681977,
  "entropy_gibbs_state": 5.195048189367355,
  "entropy_psgibbs_state": 4.150696392515263,
  "area_gibbs_state": 0.009616336467716336,
  "area_psgibbs_state": 0.00028681973429959086
}