{
  "expected_value_gibbs_state": -15.402401287510866,
  "expected_value_psgibbs_state": -15.000000001999165,
  "entropy_gibbs_state": 6.379922744205627,
  "entropy_psgibbs_state": 4.9416424636303296,
  "area_gibbs_state": 0.002181047558159809,
  "area_psgibbs_state": 9.916714409493932e-06
}