{
  "expected_value_gibbs_state": -8.910160333551303,
  "expected_value_psgibbs_state": -8.859075554434735,
  "entropy_gibbs_state": 5.22201314411298,
  "entropy_psgibbs_state": 4.541047435418125,
  "area_gibbs_state": 0.007858374433806041,
  "area_psgibbs_state": 0.004428053335708534
}