{
  "expected_value_gibbs_state": -11.432649338152167,
  "expected_value_psgibbs_state": -11.285852017507429,
  "entropy_gibbs_state": 6.479001372646414,
  "entropy_psgibbs_state": 5.533935559794454,
  "area_gibbs_state": 0.0022538678836633826,
  "area_psgibbs_state": 0.001689387673377774
}