{
  "expected_value_gibbs_state": -9.507629534915665,
  "expected_value_psgibbs_state": -9.724379637443308,
  "entropy_gibbs_state": 5.198473172189368,
  "entropy_psgibbs_state": 4.208746601634747,
  "area_gibbs_state": 0.006178295108633144,
  "area_psgibbs_state": 0.005624850655109197
}