{
  "expected_value_gibbs_state": -11.538894233423646,
  "expected_value_psgibbs_state": -11.611252851563348,
  "entropy_gibbs_state": 6.4431568726918895,
  "entropy_psgibbs_state": 5.491684167864721,
  "area_gibbs_state": 0.003408961376698423,
  "area_psgibbs_state": 0.0012234415430062802
}