{
  "expected_value_gibbs_state": -10.256048745630558,
  "expected_value_psgibbs_state": -10.064126082876236,
  "entropy_gibbs_state": 5.119397638081525,
  "entropy_psgibbs_state": 4.314300923740156,
  "area_gibbs_state": 0.01428352473928238,
  "area_psgibbs_state": 0.006038136720097198
}