{
  "expected_value_gibbs_state": -8.907520841742466,
  "expected_value_psgibbs_state": -8.783587139282783,
  "entropy_gibbs_state": 5.222504528171099,
  "entropy_psgibbs_state": 4.7574319603556665,
  "area_gibbs_state": 0.004766467967530787,
  "area_psgibbs_state": 0.004021044449407001
}