{
  "expected_value_gibbs_state": -9.319124450771218,
  "expected_value_psgibbs_state": -9.218669714065415,
  "entropy_gibbs_state": 5.25798612891676,
  "entropy_psgibbs_state": 4.888300408596984,
  "area_gibbs_state": 0.008609618810238783,
  "area_psgibbs_state": 0.00866654112808359
}