{
  "expected_value_gibbs_state": -9.16103649878923,
  "expected_value_psgibbs_state": -9.000208947161951,
  "entropy_gibbs_state": 5.136445129841036,
  "entropy_psgibbs_state": 3.8304365646227843,
  "area_gibbs_state": 0.014081489418579077,
  "area_psgibbs_state": 6.950649285975912e-05
}