{
  "expected_value_gibbs_state": -13.728229861336702,
  "expected_value_psgibbs_state": -13.675208682308563,
  "entropy_gibbs_state": 6.406410098155353,
  "entropy_psgibbs_state": 5.465005794270562,
  "area_gibbs_state": 0.002950766744722738,
  "area_psgibbs_state": 0.0016506219062348594
}