{
  "expected_value_gibbs_state": -10.274336132471234,
  "expected_value_psgibbs_state": -9.99999999999998,
  "entropy_gibbs_state": 6.513751174720871,
  "entropy_psgibbs_state": 5.170483995038138,
  "area_gibbs_state": 0.003298223209789344,
  "area_psgibbs_state": 6.927801095571917e-05
}