{
  "expected_value_gibbs_state": -15.095262526636459,
  "expected_value_psgibbs_state": -14.965726266594867,
  "entropy_gibbs_state": 6.4695973898181895,
  "entropy_psgibbs_state": 5.832738857617394,
  "area_gibbs_state": 0.003070338342316396,
  "area_psgibbs_state": 0.0018475634593968862
}