{
  "expected_value_gibbs_state": -15.095262526636459,
  "expected_value_psgibbs_state": -14.992787461828366,
  "entropy_gibbs_state": 6.4695973898181895,
  "entropy_psgibbs_state": 5.6720332264753095,
  "area_gibbs_state": 0.003070338342316396,
  "area_psgibbs_state": 0.0015034153351414306
}