{
  "expected_value_gibbs_state": -6.728292665782029,
  "expected_value_psgibbs_state": -6.562461793793415,
  "entropy_gibbs_state": 5.249257129877071,
  "entropy_psgibbs_state": 4.705186416372604,
  "area_gibbs_state": 0.007277883336708279,
  "area_psgibbs_state": 0.01019767813723422
}