{
  "expected_value_gibbs_state": -11.980512827306327,
  "expected_value_psgibbs_state": -11.93278137412525,
  "entropy_gibbs_state": 6.468338944507831,
  "entropy_psgibbs_state": 5.323227239068638,
  "area_gibbs_state": 0.002882711318784678,
  "area_psgibbs_state": 0.0013443695112077352
}