{
  "expected_value_gibbs_state": -9.30787665718093,
  "expected_value_psgibbs_state": -9.0,
  "entropy_gibbs_state": 5.262033274006274,
  "entropy_psgibbs_state": 4.2766661190160535,
  "area_gibbs_state": 0.006419800844325505,
  "area_psgibbs_state": 1.1706580686319043e-05
}