{
  "expected_value_gibbs_state": -13.728229861336702,
  "expected_value_psgibbs_state": -13.999980686411513,
  "entropy_gibbs_state": 6.406410098155353,
  "entropy_psgibbs_state": 4.62521252394026,
  "area_gibbs_state": 0.002950766744722738,
  "area_psgibbs_state": 1.2888547862199966e-05
}