{
  "expected_value_gibbs_state": -5.456847429602088,
  "expected_value_psgibbs_state": -5.07155175345813,
  "entropy_gibbs_state": 5.3189989608353185,
  "entropy_psgibbs_state": 4.50528886144969,
  "area_gibbs_state": 0.009036400128517008,
  "area_psgibbs_state": 0.002140176720779338
}