{
  "expected_value_gibbs_state": -12.617890144129865,
  "expected_value_psgibbs_state": -12.696469504868197,
  "entropy_gibbs_state": 6.436461144604923,
  "entropy_psgibbs_state": 5.215880749870916,
  "area_gibbs_state": 0.0015191963334822733,
  "area_psgibbs_state": 0.0009392611613911815
}