{
  "expected_value_gibbs_state": -7.367294048421159,
  "expected_value_psgibbs_state": -7.047952136988155,
  "entropy_gibbs_state": 5.208652486214856,
  "entropy_psgibbs_state": 4.348480318138835,
  "area_gibbs_state": 0.011617658420317367,
  "area_psgibbs_state": 0.0008266580502024204
}