{
  "expected_value_gibbs_state": -5.632322863766222,
  "expected_value_psgibbs_state": -5.996886363123183,
  "entropy_gibbs_state": 5.261203946035099,
  "entropy_psgibbs_state": 3.424916143405273,
  "area_gibbs_state": 0.006131675556715694,
  "area_psgibbs_state": 0.0006590227198156926
}