{
  "expected_value_gibbs_state": -12.376154507893032,
  "expected_value_psgibbs_state": -12.37990145226669,
  "entropy_gibbs_state": 6.513831394804331,
  "entropy_psgibbs_state": 5.718700025732474,
  "area_gibbs_state": 0.0015829913503362224,
  "area_psgibbs_state": 0.000626414448028964
}