{
  "expected_value_gibbs_state": -14.524575391285058,
  "expected_value_psgibbs_state": -14.418070474255023,
  "entropy_gibbs_state": 6.492629292370349,
  "entropy_psgibbs_state": 5.932622057395668,
  "area_gibbs_state": 0.0018002454830446729,
  "area_psgibbs_state": 0.0013598572676867908
}