{
  "expected_value_gibbs_state": -12.71854541002211,
  "expected_value_psgibbs_state": -12.99997018451633,
  "entropy_gibbs_state": 6.397851608331069,
  "entropy_psgibbs_state": 4.605525803770953,
  "area_gibbs_state": 0.0024579480328596674,
  "area_psgibbs_state": 1.3669952470063805e-05
}