{
  "expected_value_gibbs_state": -9.468351083598149,
  "expected_value_psgibbs_state": -9.32622145513169,
  "entropy_gibbs_state": 5.212529662137328,
  "entropy_psgibbs_state": 4.54187974038669,
  "area_gibbs_state": 0.005970852562994916,
  "area_psgibbs_state": 0.007379319071955321
}