{
  "expected_value_gibbs_state": -12.778314971551321,
  "expected_value_psgibbs_state": -12.636795669104563,
  "entropy_gibbs_state": 6.5488237182942814,
  "entropy_psgibbs_state": 6.087805408472818,
  "area_gibbs_state": 0.0015288759704555218,
  "area_psgibbs_state": 0.0010809628681196961
}