{
  "expected_value_gibbs_state": -11.411901019317751,
  "expected_value_psgibbs_state": -11.219878603190711,
  "entropy_gibbs_state": 6.484719015233066,
  "entropy_psgibbs_state": 5.422345603825735,
  "area_gibbs_state": 0.002417406391005784,
  "area_psgibbs_state": 0.001710602562107964
}