{
  "expected_value_gibbs_state": -11.22333477792129,
  "expected_value_psgibbs_state": -11.000000681904895,
  "entropy_gibbs_state": 6.545807957389668,
  "entropy_psgibbs_state": 5.135808551924279,
  "area_gibbs_state": 0.0013862028789798223,
  "area_psgibbs_state": 5.495167095568073e-05
}