{
  "expected_value_gibbs_state": -11.980512827306327,
  "expected_value_psgibbs_state": -11.7478394201872,
  "entropy_gibbs_state": 6.468338944507831,
  "entropy_psgibbs_state": 5.953150408101948,
  "area_gibbs_state": 0.002882711318784678,
  "area_psgibbs_state": 0.002958153742892203
}