{
  "expected_value_gibbs_state": -6.6845139399391105,
  "expected_value_psgibbs_state": -7.000000000000003,
  "entropy_gibbs_state": 5.265110703956133,
  "entropy_psgibbs_state": 3.7841896339182655,
  "area_gibbs_state": 0.007001683727959533,
  "area_psgibbs_state": 1.1250312955586892e-05
}