{
  "expected_value_gibbs_state": -7.351681003514224,
  "expected_value_psgibbs_state": -7.090103772945775,
  "entropy_gibbs_state": 5.215563145884539,
  "entropy_psgibbs_state": 4.824199584054973,
  "area_gibbs_state": 0.013711827821844606,
  "area_psgibbs_state": 0.008063123769188406
}