{
  "expected_value_gibbs_state": -15.288158377702704,
  "expected_value_psgibbs_state": -15.11590466101504,
  "entropy_gibbs_state": 6.415718560705434,
  "entropy_psgibbs_state": 5.7759259221867465,
  "area_gibbs_state": 0.002636009337143903,
  "area_psgibbs_state": 0.0016257420645641168
}