{
  "expected_value_gibbs_state": -14.866878045741366,
  "expected_value_psgibbs_state": -14.648559913496653,
  "entropy_gibbs_state": 6.380513369839898,
  "entropy_psgibbs_state": 5.829946909751383,
  "area_gibbs_state": 0.0028766659596471318,
  "area_psgibbs_state": 0.00256709353349911
}