{
  "expected_value_gibbs_state": -12.778314971551321,
  "expected_value_psgibbs_state": -12.958464935409847,
  "entropy_gibbs_state": 6.5488237182942814,
  "entropy_psgibbs_state": 5.2754132925365145,
  "area_gibbs_state": 0.0015288759704555218,
  "area_psgibbs_state": 0.00047384956997557773
}