{
  "expected_value_gibbs_state": -9.019473267802447,
  "expected_value_psgibbs_state": -9.000000000000002,
  "entropy_gibbs_state": 5.185310296977298,
  "entropy_psgibbs_state": 4.127134385045087,
  "area_gibbs_state": 0.0070076886947067355,
  "area_psgibbs_state": 1.4572988365334893e-17
}