{
  "expected_value_gibbs_state": -13.038507313088104,
  "expected_value_psgibbs_state": -12.87220554926901,
  "entropy_gibbs_state": 6.463818573342994,
  "entropy_psgibbs_state": 5.965366355019264,
  "area_gibbs_state": 0.0014574500713226159,
  "area_psgibbs_state": 0.001075631104517289
}