{
  "expected_value_gibbs_state": -8.268581466886921,
  "expected_value_psgibbs_state": -8.041670701446657,
  "entropy_gibbs_state": 5.262344853259501,
  "entropy_psgibbs_state": 4.189296835110945,
  "area_gibbs_state": 0.006526560860071238,
  "area_psgibbs_state": 0.001622776121241927
}