{
  "expected_value_gibbs_state": -6.728292665782029,
  "expected_value_psgibbs_state": -6.999999999999997,
  "entropy_gibbs_state": 5.249257129877071,
  "entropy_psgibbs_state": 3.637586159726386,
  "area_gibbs_state": 0.007277883336708279,
  "area_psgibbs_state": 1.7327250092066456e-05
}