{
  "expected_value_gibbs_state": -15.525991982176413,
  "expected_value_psgibbs_state": -15.299479048267075,
  "entropy_gibbs_state": 6.329869203373722,
  "entropy_psgibbs_state": 5.6082838640830825,
  "area_gibbs_state": 0.003347005742601445,
  "area_psgibbs_state": 0.002462479863931126
}