{
  "expected_value_gibbs_state": -8.009298590076096,
  "expected_value_psgibbs_state": -7.999983302334442,
  "entropy_gibbs_state": 5.172727314211636,
  "entropy_psgibbs_state": 3.258713060238378,
  "area_gibbs_state": 0.010665457459500323,
  "area_psgibbs_state": 5.6324048534498535e-05
}