{
  "expected_value_gibbs_state": -11.123787100033184,
  "expected_value_psgibbs_state": -11.000000003124946,
  "entropy_gibbs_state": 5.1800752355464486,
  "entropy_psgibbs_state": 3.9512437804905676,
  "area_gibbs_state": 0.008725314338629083,
  "area_psgibbs_state": 1.8578919467413853e-07
}