{
  "expected_value_gibbs_state": -9.16103649878923,
  "expected_value_psgibbs_state": -9.026240605294797,
  "entropy_gibbs_state": 5.136445129841036,
  "entropy_psgibbs_state": 4.122453623108823,
  "area_gibbs_state": 0.014081489418579077,
  "area_psgibbs_state": 0.0017268038966547316
}