{
  "expected_value_gibbs_state": -15.791692327431697,
  "expected_value_psgibbs_state": -15.626545073252641,
  "entropy_gibbs_state": 6.419112437006799,
  "entropy_psgibbs_state": 5.847980877690319,
  "area_gibbs_state": 0.003155083477871436,
  "area_psgibbs_state": 0.0015570551800880657
}