{
  "expected_value_gibbs_state": -8.7158695990321,
  "expected_value_psgibbs_state": -8.532437298997472,
  "entropy_gibbs_state": 5.111852337330171,
  "entropy_psgibbs_state": 4.533728799248583,
  "area_gibbs_state": 0.009443018697908994,
  "area_psgibbs_state": 0.012313190325704373
}