{
  "expected_value_gibbs_state": -11.523384940193873,
  "expected_value_psgibbs_state": -11.322678696629344,
  "entropy_gibbs_state": 5.219905245150328,
  "entropy_psgibbs_state": 4.903974499687823,
  "area_gibbs_state": 0.006046004008680693,
  "area_psgibbs_state": 0.007565508895181313
}