{
  "expected_value_gibbs_state": -15.116283586462954,
  "expected_value_psgibbs_state": -14.924270347254819,
  "entropy_gibbs_state": 6.468148001439566,
  "entropy_psgibbs_state": 5.852335625932099,
  "area_gibbs_state": 0.0020467813936577944,
  "area_psgibbs_state": 0.001539312933352455
}