{
  "expected_value_gibbs_state": -9.019473267802447,
  "expected_value_psgibbs_state": -8.9918342048491,
  "entropy_gibbs_state": 5.185310296977298,
  "entropy_psgibbs_state": 4.216870445468314,
  "area_gibbs_state": 0.0070076886947067355,
  "area_psgibbs_state": 0.0006722631555511797
}