{
  "expected_value_gibbs_state": -13.653011821267366,
  "expected_value_psgibbs_state": -13.832679856486841,
  "entropy_gibbs_state": 6.434706420899085,
  "entropy_psgibbs_state": 5.307260559738743,
  "area_gibbs_state": 0.004824032274374714,
  "area_psgibbs_state": 0.0004922097914503652
}