{
  "expected_value_gibbs_state": -14.636344133610852,
  "expected_value_psgibbs_state": -14.998721592141589,
  "entropy_gibbs_state": 6.458065324891204,
  "entropy_psgibbs_state": 4.877528846767565,
  "area_gibbs_state": 0.0022439972920454583,
  "area_psgibbs_state": 8.152775011508709e-05
}