{
  "expected_value_gibbs_state": -9.408846790767505,
  "expected_value_psgibbs_state": -9.008398780094673,
  "entropy_gibbs_state": 5.231490219805493,
  "entropy_psgibbs_state": 3.99795675512726,
  "area_gibbs_state": 0.00445280001370738,
  "area_psgibbs_state": 0.0005857897864819853
}