{
  "expected_value_gibbs_state": -7.888285956696922,
  "expected_value_psgibbs_state": -8.0,
  "entropy_gibbs_state": 5.213258518149559,
  "entropy_psgibbs_state": 3.526360524616163,
  "area_gibbs_state": 0.008296049626621765,
  "area_psgibbs_state": 2.1141664878692932e-17
}