{
  "expected_value_gibbs_state": -10.17826372285068,
  "expected_value_psgibbs_state": -10.03412022353427,
  "entropy_gibbs_state": 6.542482454827406,
  "entropy_psgibbs_state": 5.883090495960357,
  "area_gibbs_state": 0.0030586955935789704,
  "area_psgibbs_state": 0.0022595438580849526
}