{
  "expected_value_gibbs_state": -18.30499401902475,
  "expected_value_psgibbs_state": -17.999999999999975,
  "entropy_gibbs_state": 6.445568836139177,
  "entropy_psgibbs_state": 5.023880520846277,
  "area_gibbs_state": 0.002089019165898507,
  "area_psgibbs_state": 9.514811441919347e-05
}