{
  "expected_value_gibbs_state": -6.648349628632736,
  "expected_value_psgibbs_state": -6.812294737666939,
  "entropy_gibbs_state": 5.275062144029378,
  "entropy_psgibbs_state": 4.293803352072032,
  "area_gibbs_state": 0.00992096458037231,
  "area_psgibbs_state": 0.004569860108038086
}