{
  "expected_value_gibbs_state": -5.518777128765428,
  "expected_value_psgibbs_state": -5.999993920456293,
  "entropy_gibbs_state": 5.2995724574432534,
  "entropy_psgibbs_state": 4.521831040928421,
  "area_gibbs_state": 0.011743379790699084,
  "area_psgibbs_state": 8.052876112461782e-06
}