{
  "expected_value_gibbs_state": -11.980512827306327,
  "expected_value_psgibbs_state": -12.000000000000028,
  "entropy_gibbs_state": 6.468338944507831,
  "entropy_psgibbs_state": 4.882801922586371,
  "area_gibbs_state": 0.002882711318784678,
  "area_psgibbs_state": 7.170108187350405e-05
}