{
  "expected_value_gibbs_state": -8.910160333551303,
  "expected_value_psgibbs_state": -8.785598743909729,
  "entropy_gibbs_state": 5.22201314411298,
  "entropy_psgibbs_state": 4.789520877303443,
  "area_gibbs_state": 0.007858374433806041,
  "area_psgibbs_state": 0.006804617161174259
}