{
  "expected_value_gibbs_state": -9.648878862574565,
  "expected_value_psgibbs_state": -9.999194334085345,
  "entropy_gibbs_state": 6.544768813307974,
  "entropy_psgibbs_state": 5.004015595651742,
  "area_gibbs_state": 0.0030661925019244106,
  "area_psgibbs_state": 0.0001459528009247698
}