{
  "expected_value_gibbs_state": -15.095262526636459,
  "expected_value_psgibbs_state": -15.009036808471791,
  "entropy_gibbs_state": 6.4695973898181895,
  "entropy_psgibbs_state": 5.469183104038864,
  "area_gibbs_state": 0.003070338342316396,
  "area_psgibbs_state": 0.0009264438939042607
}