{
  "expected_value_gibbs_state": -14.280538926680185,
  "expected_value_psgibbs_state": -14.00516393411941,
  "entropy_gibbs_state": 6.401623928946923,
  "entropy_psgibbs_state": 4.9576159967066715,
  "area_gibbs_state": 0.0023406547762850807,
  "area_psgibbs_state": 8.62287491016628e-05
}