{
  "expected_value_gibbs_state": -14.284513464111637,
  "expected_value_psgibbs_state": -14.000000000000048,
  "entropy_gibbs_state": 6.398938835535281,
  "entropy_psgibbs_state": 4.983606621708339,
  "area_gibbs_state": 0.0017755920096542007,
  "area_psgibbs_state": 4.8397315557565244e-05
}