{
  "expected_value_gibbs_state": -7.1606823912729824,
  "expected_value_psgibbs_state": -7.000407955400701,
  "entropy_gibbs_state": 5.279191486108089,
  "entropy_psgibbs_state": 3.954739648488891,
  "area_gibbs_state": 0.005431112776344294,
  "area_psgibbs_state": 6.617630660247522e-05
}