{
  "expected_value_gibbs_state": -13.339483041878587,
  "expected_value_psgibbs_state": -13.00014072997695,
  "entropy_gibbs_state": 6.367120132886187,
  "entropy_psgibbs_state": 4.971083516847498,
  "area_gibbs_state": 0.0026890406335551343,
  "area_psgibbs_state": 7.977451350826381e-05
}