{
  "expected_value_gibbs_state": -8.268581466886921,
  "expected_value_psgibbs_state": -8.000007414328639,
  "entropy_gibbs_state": 5.262344853259501,
  "entropy_psgibbs_state": 4.025444895744217,
  "area_gibbs_state": 0.006526560860071238,
  "area_psgibbs_state": 3.605901481832002e-05
}