{
  "expected_value_gibbs_state": -6.877963218411735,
  "expected_value_psgibbs_state": -6.999999990842556,
  "entropy_gibbs_state": 5.197348962072111,
  "entropy_psgibbs_state": 3.7376698005005022,
  "area_gibbs_state": 0.011514974430131471,
  "area_psgibbs_state": 5.3677234035359e-07
}