{
  "expected_value_gibbs_state": -8.326893148218145,
  "expected_value_psgibbs_state": -8.233692787822186,
  "entropy_gibbs_state": 5.2438173158339865,
  "entropy_psgibbs_state": 4.656609738352323,
  "area_gibbs_state": 0.005145711478665911,
  "area_psgibbs_state": 0.008647913271766335
}