{
  "expected_value_gibbs_state": -16.113900502121908,
  "expected_value_psgibbs_state": -16.024658503561103,
  "entropy_gibbs_state": 6.478878015663574,
  "entropy_psgibbs_state": 5.787017833904992,
  "area_gibbs_state": 0.0014729456044045538,
  "area_psgibbs_state": 0.0017543490041637662
}