{
  "expected_value_gibbs_state": -12.685599913020962,
  "expected_value_psgibbs_state": -12.514926886438595,
  "entropy_gibbs_state": 6.409887611420627,
  "entropy_psgibbs_state": 5.855200922034391,
  "area_gibbs_state": 0.002668284801090907,
  "area_psgibbs_state": 0.0014400215459511607
}