{
  "expected_value_gibbs_state": -15.116283586462954,
  "expected_value_psgibbs_state": -14.887477981860739,
  "entropy_gibbs_state": 6.468148001439566,
  "entropy_psgibbs_state": 5.963138299394109,
  "area_gibbs_state": 0.0020467813936577944,
  "area_psgibbs_state": 0.001632848076139532
}