{
  "expected_value_gibbs_state": -13.653011821267366,
  "expected_value_psgibbs_state": -13.58050914068706,
  "entropy_gibbs_state": 6.434706420899085,
  "entropy_psgibbs_state": 5.666925183403755,
  "area_gibbs_state": 0.004824032274374714,
  "area_psgibbs_state": 0.0016983832246890475
}