{
  "expected_value_gibbs_state": -9.319124450771218,
  "expected_value_psgibbs_state": -9.011833431598847,
  "entropy_gibbs_state": 5.25798612891676,
  "entropy_psgibbs_state": 4.249122937002147,
  "area_gibbs_state": 0.008609618810238783,
  "area_psgibbs_state": 0.000593409633655662
}