{
  "expected_value_gibbs_state": -9.613469848111599,
  "expected_value_psgibbs_state": -9.362068746411971,
  "entropy_gibbs_state": 5.1666548146939535,
  "entropy_psgibbs_state": 4.7101636875896284,
  "area_gibbs_state": 0.008063483972894898,
  "area_psgibbs_state": 0.00835896830378739
}