{
  "expected_value_gibbs_state": -13.365239778149828,
  "expected_value_psgibbs_state": -13.22963926924971,
  "entropy_gibbs_state": 6.525685509710053,
  "entropy_psgibbs_state": 6.029826313898889,
  "area_gibbs_state": 0.0023252147951100667,
  "area_psgibbs_state": 0.002413087983207323
}