{
  "expected_value_gibbs_state": -15.169960978901095,
  "expected_value_psgibbs_state": -14.945712001793249,
  "entropy_gibbs_state": 6.447971334577082,
  "entropy_psgibbs_state": 5.936570768411378,
  "area_gibbs_state": 0.0025053616728872097,
  "area_psgibbs_state": 0.001362556674184411
}