{
  "expected_value_gibbs_state": -9.147087997420412,
  "expected_value_psgibbs_state": -9.03759626912607,
  "entropy_gibbs_state": 5.141292632409816,
  "entropy_psgibbs_state": 4.064594364363618,
  "area_gibbs_state": 0.010652197418630485,
  "area_psgibbs_state": 0.003745583675825151
}