{
  "expected_value_gibbs_state": -8.326893148218145,
  "expected_value_psgibbs_state": -8.000121920732104,
  "entropy_gibbs_state": 5.2438173158339865,
  "entropy_psgibbs_state": 4.095521756092272,
  "area_gibbs_state": 0.005145711478665911,
  "area_psgibbs_state": 0.00013610758903159358
}