{
  "expected_value_gibbs_state": -9.17051621854176,
  "expected_value_psgibbs_state": -9.035004790558833,
  "entropy_gibbs_state": 5.1357517006165265,
  "entropy_psgibbs_state": 4.469310070344043,
  "area_gibbs_state": 0.008242835034450325,
  "area_psgibbs_state": 0.005949050829685952
}