{
  "expected_value_gibbs_state": -11.22333477792129,
  "expected_value_psgibbs_state": -11.066676626911594,
  "entropy_gibbs_state": 6.545807957389668,
  "entropy_psgibbs_state": 5.389036182328998,
  "area_gibbs_state": 0.0013862028789798223,
  "area_psgibbs_state": 0.0005578772338996294
}