{
  "expected_value_gibbs_state": -8.009298590076096,
  "expected_value_psgibbs_state": -7.788928629402569,
  "entropy_gibbs_state": 5.172727314211636,
  "entropy_psgibbs_state": 4.526981881217715,
  "area_gibbs_state": 0.010665457459500323,
  "area_psgibbs_state": 0.005713736837631357
}