{
  "expected_value_gibbs_state": -11.788968957260979,
  "expected_value_psgibbs_state": -11.628572780822719,
  "entropy_gibbs_state": 6.524698825890806,
  "entropy_psgibbs_state": 5.960012185374263,
  "area_gibbs_state": 0.0044384741514956454,
  "area_psgibbs_state": 0.0030881014577415888
}