{
  "expected_value_gibbs_state": -8.419763162569947,
  "expected_value_psgibbs_state": -8.28611358381094,
  "entropy_gibbs_state": 5.213559312402179,
  "entropy_psgibbs_state": 4.7268798157140095,
  "area_gibbs_state": 0.007795524449273528,
  "area_psgibbs_state": 0.009462580345863452
}