{
  "expected_value_gibbs_state": -8.7158695990321,
  "expected_value_psgibbs_state": -8.634110485585076,
  "entropy_gibbs_state": 5.111852337330171,
  "entropy_psgibbs_state": 4.355521679531043,
  "area_gibbs_state": 0.009443018697908994,
  "area_psgibbs_state": 0.01082890790136963
}