{
  "expected_value_gibbs_state": -7.343459709947926,
  "expected_value_psgibbs_state": -7.000000000000012,
  "entropy_gibbs_state": 5.221709091575603,
  "entropy_psgibbs_state": 3.951243718581971,
  "area_gibbs_state": 0.006772211496146829,
  "area_psgibbs_state": 8.762252222215917e-06
}