{
  "expected_value_gibbs_state": -16.79806861195929,
  "expected_value_psgibbs_state": -16.99999947216441,
  "entropy_gibbs_state": 6.425098280933348,
  "entropy_psgibbs_state": 4.787500137179562,
  "area_gibbs_state": 0.003076517373772665,
  "area_psgibbs_state": 3.9683589966352145e-06
}