{
  "expected_value_gibbs_state": -6.605268422956941,
  "expected_value_psgibbs_state": -6.40824034626664,
  "entropy_gibbs_state": 5.287611855349506,
  "entropy_psgibbs_state": 4.993240541878924,
  "area_gibbs_state": 0.004442953365076562,
  "area_psgibbs_state": 0.006799538162521519
}