{
  "expected_value_gibbs_state": -15.299338154294292,
  "expected_value_psgibbs_state": -15.000025953311823,
  "entropy_gibbs_state": 6.409199877881796,
  "entropy_psgibbs_state": 4.883088268207162,
  "area_gibbs_state": 0.00249590157951072,
  "area_psgibbs_state": 5.857714587222661e-06
}