{
  "expected_value_gibbs_state": -7.106230934041145,
  "expected_value_psgibbs_state": -7.000000000000006,
  "entropy_gibbs_state": 5.298202973351768,
  "entropy_psgibbs_state": 4.127134385045088,
  "area_gibbs_state": 0.013630410163544096,
  "area_psgibbs_state": 2.9003656435647466e-17
}