{
  "expected_value_gibbs_state": -7.106230934041145,
  "expected_value_psgibbs_state": -7.076070341895335,
  "entropy_gibbs_state": 5.298202973351768,
  "entropy_psgibbs_state": 4.657060477459738,
  "area_gibbs_state": 0.013630410163544096,
  "area_psgibbs_state": 0.002720159992443767
}