{
  "expected_value_gibbs_state": -6.668571610344831,
  "expected_value_psgibbs_state": -6.496324235907218,
  "entropy_gibbs_state": 5.267754098701768,
  "entropy_psgibbs_state": 4.84747731098507,
  "area_gibbs_state": 0.007462010089353547,
  "area_psgibbs_state": 0.006104898846310144
}