{
  "expected_value_gibbs_state": -7.852130854980805,
  "expected_value_psgibbs_state": -7.674658739251411,
  "entropy_gibbs_state": 5.22684657866055,
  "entropy_psgibbs_state": 4.737611514071185,
  "area_gibbs_state": 0.006787616480989838,
  "area_psgibbs_state": 0.007776016480968625
}