{
  "expected_value_gibbs_state": -6.668571610344831,
  "expected_value_psgibbs_state": -6.99965671128876,
  "entropy_gibbs_state": 5.267754098701768,
  "entropy_psgibbs_state": 3.740906402474924,
  "area_gibbs_state": 0.007462010089353547,
  "area_psgibbs_state": 0.00012303101864586307
}