{
  "expected_value_gibbs_state": -7.294086708026469,
  "expected_value_psgibbs_state": -7.0000234980389155,
  "entropy_gibbs_state": 5.2368185114516015,
  "entropy_psgibbs_state": 3.8289068227314917,
  "area_gibbs_state": 0.009033621900026627,
  "area_psgibbs_state": 1.497118098161086e-05
}