{
  "expected_value_gibbs_state": -8.208096668260293,
  "expected_value_psgibbs_state": -8.066675120625908,
  "entropy_gibbs_state": 5.275250843901763,
  "entropy_psgibbs_state": 4.514851526103413,
  "area_gibbs_state": 0.010248593831025929,
  "area_psgibbs_state": 0.004190008191761552
}