{
  "expected_value_gibbs_state": -10.118830521726936,
  "expected_value_psgibbs_state": -10.002995676700776,
  "entropy_gibbs_state": 5.1696486504465735,
  "entropy_psgibbs_state": 4.259897183758464,
  "area_gibbs_state": 0.0073792395114743725,
  "area_psgibbs_state": 0.0019584063979320335
}