{
  "expected_value_gibbs_state": -6.531671780037615,
  "expected_value_psgibbs_state": -6.517611466245328,
  "entropy_gibbs_state": 5.3110394005312465,
  "entropy_psgibbs_state": 4.800776575216148,
  "area_gibbs_state": 0.014104661895851491,
  "area_psgibbs_state": 0.007928620600628478
}