{
  "expected_value_gibbs_state": -9.45457178043328,
  "expected_value_psgibbs_state": -9.000093570749822,
  "entropy_gibbs_state": 5.217907328567735,
  "entropy_psgibbs_state": 3.8295851221305184,
  "area_gibbs_state": 0.0066839674182170225,
  "area_psgibbs_state": 2.8538405637487182e-05
}