{
  "expected_value_gibbs_state": -8.860585539957992,
  "expected_value_psgibbs_state": -8.679494438913595,
  "entropy_gibbs_state": 5.239798106551554,
  "entropy_psgibbs_state": 4.905011781207032,
  "area_gibbs_state": 0.005190932222220619,
  "area_psgibbs_state": 0.008240938199078996
}