{
  "expected_value_gibbs_state": -7.153176283749263,
  "expected_value_psgibbs_state": -7.073040033469605,
  "entropy_gibbs_state": 5.281631383841781,
  "entropy_psgibbs_state": 4.590168040181404,
  "area_gibbs_state": 0.005050647740711109,
  "area_psgibbs_state": 0.0023459342002930933
}