{
  "expected_value_gibbs_state": -5.632322863766222,
  "expected_value_psgibbs_state": -5.691428848302605,
  "entropy_gibbs_state": 5.261203946035099,
  "entropy_psgibbs_state": 4.280762274641911,
  "area_gibbs_state": 0.006131675556715694,
  "area_psgibbs_state": 0.005970581462429231
}