{
  "expected_value_gibbs_state": -7.888285956696922,
  "expected_value_psgibbs_state": -7.999999991724204,
  "entropy_gibbs_state": 5.213258518149559,
  "entropy_psgibbs_state": 3.5263606935628644,
  "area_gibbs_state": 0.008296049626621765,
  "area_psgibbs_state": 5.375723482633665e-07
}