{
  "expected_value_gibbs_state": -8.028180198892331,
  "expected_value_psgibbs_state": -7.999999999999997,
  "entropy_gibbs_state": 5.165262378322344,
  "entropy_psgibbs_state": 3.637586159726386,
  "area_gibbs_state": 0.014372321590826164,
  "area_psgibbs_state": 7.500480612943163e-17
}