{
  "expected_value_gibbs_state": -13.16093626755684,
  "expected_value_psgibbs_state": -13.04486424694169,
  "entropy_gibbs_state": 6.430509995874565,
  "entropy_psgibbs_state": 5.8118373743625495,
  "area_gibbs_state": 0.0026758003814385057,
  "area_psgibbs_state": 0.0010995996866409298
}