{
  "expected_value_gibbs_state": -11.841979572211088,
  "expected_value_psgibbs_state": -11.99938871247652,
  "entropy_gibbs_state": 6.514827573003159,
  "entropy_psgibbs_state": 4.97507703167687,
  "area_gibbs_state": 0.0017830616742007888,
  "area_psgibbs_state": 4.812701588543989e-05
}