{
  "expected_value_gibbs_state": -16.070593770942377,
  "expected_value_psgibbs_state": -16.000038286521143,
  "entropy_gibbs_state": 6.327131415166486,
  "entropy_psgibbs_state": 4.564874355769357,
  "area_gibbs_state": 0.003800371376497165,
  "area_psgibbs_state": 1.273590814526719e-05
}