{
  "expected_value_gibbs_state": -7.227727754158783,
  "expected_value_psgibbs_state": -7.017892177577237,
  "entropy_gibbs_state": 5.2573119933687495,
  "entropy_psgibbs_state": 4.141211309340386,
  "area_gibbs_state": 0.008482761784472246,
  "area_psgibbs_state": 0.0006631274659519712
}