{
  "expected_value_gibbs_state": -13.666209210122583,
  "expected_value_psgibbs_state": -13.742157570546041,
  "entropy_gibbs_state": 6.435258200920318,
  "entropy_psgibbs_state": 5.433399318286944,
  "area_gibbs_state": 0.0022910066418485807,
  "area_psgibbs_state": 0.0006919822526867518
}