{
  "expected_value_gibbs_state": -7.196276637368384,
  "expected_value_psgibbs_state": -7.081191335993447,
  "entropy_gibbs_state": 5.268376470703795,
  "entropy_psgibbs_state": 4.506596676774488,
  "area_gibbs_state": 0.012261316059267132,
  "area_psgibbs_state": 0.002711310326016981
}