{
  "expected_value_gibbs_state": -15.711560125056172,
  "expected_value_psgibbs_state": -15.984441272483748,
  "entropy_gibbs_state": 6.447048953877559,
  "entropy_psgibbs_state": 4.693998580246169,
  "area_gibbs_state": 0.0020009019519579303,
  "area_psgibbs_state": 0.00032163155521648413
}