{
  "expected_value_gibbs_state": -7.196276637368384,
  "expected_value_psgibbs_state": -7.000694971046719,
  "entropy_gibbs_state": 5.268376470703795,
  "entropy_psgibbs_state": 4.164272977386943,
  "area_gibbs_state": 0.012261316059267132,
  "area_psgibbs_state": 0.00012987464922352464
}