{
  "expected_value_gibbs_state": -7.351681003514224,
  "expected_value_psgibbs_state": -7.0000000000000515,
  "entropy_gibbs_state": 5.215563145884539,
  "entropy_psgibbs_state": 4.025351690737022,
  "area_gibbs_state": 0.013711827821844606,
  "area_psgibbs_state": 3.333694471471566e-05
}