{
  "expected_value_gibbs_state": -9.17051621854176,
  "expected_value_psgibbs_state": -9.00000004792258,
  "entropy_gibbs_state": 5.1357517006165265,
  "entropy_psgibbs_state": 3.637586997135016,
  "area_gibbs_state": 0.008242835034450325,
  "area_psgibbs_state": 3.3558259629448714e-07
}