{
  "expected_value_gibbs_state": -10.623633579230185,
  "expected_value_psgibbs_state": -10.908970233949512,
  "entropy_gibbs_state": 5.177659938407785,
  "entropy_psgibbs_state": 3.8112752334173177,
  "area_gibbs_state": 0.007709761785393467,
  "area_psgibbs_state": 0.0023137104637578516
}