{
  "expected_value_gibbs_state": -13.965148464646262,
  "expected_value_psgibbs_state": -13.884097353053049,
  "entropy_gibbs_state": 6.3289684984714665,
  "entropy_psgibbs_state": 5.0069012679659775,
  "area_gibbs_state": 0.0026545218485022662,
  "area_psgibbs_state": 0.0010818213342308112
}