{
  "expected_value_gibbs_state": -15.288158377702704,
  "expected_value_psgibbs_state": -15.135867238941549,
  "entropy_gibbs_state": 6.415718560705434,
  "entropy_psgibbs_state": 5.392391898975801,
  "area_gibbs_state": 0.002636009337143903,
  "area_psgibbs_state": 0.001466512441192902
}