{
  "expected_value_gibbs_state": -16.070593770942377,
  "expected_value_psgibbs_state": -15.957284340003843,
  "entropy_gibbs_state": 6.327131415166486,
  "entropy_psgibbs_state": 5.238373149408774,
  "area_gibbs_state": 0.003800371376497165,
  "area_psgibbs_state": 0.0017119910106008322
}