{
  "expected_value_gibbs_state": -7.773176423532095,
  "expected_value_psgibbs_state": -7.9999986900136,
  "entropy_gibbs_state": 5.252239238096253,
  "entropy_psgibbs_state": 3.912042208285403,
  "area_gibbs_state": 0.004378778711742757,
  "area_psgibbs_state": 5.6147966634063356e-06
}