{
  "expected_value_gibbs_state": -6.728292665782029,
  "expected_value_psgibbs_state": -6.677637857761117,
  "entropy_gibbs_state": 5.249257129877071,
  "entropy_psgibbs_state": 4.47815762114059,
  "area_gibbs_state": 0.007277883336708279,
  "area_psgibbs_state": 0.0071655732386502555
}