{
  "expected_value_gibbs_state": -7.414484048636373,
  "expected_value_psgibbs_state": -7.1613391353524,
  "entropy_gibbs_state": 5.195048189367355,
  "entropy_psgibbs_state": 4.424898086694873,
  "area_gibbs_state": 0.009616336467716336,
  "area_psgibbs_state": 0.001617144887391564
}