{
  "expected_value_gibbs_state": -12.685352785462936,
  "expected_value_psgibbs_state": -12.999883175074519,
  "entropy_gibbs_state": 6.4137503525640085,
  "entropy_psgibbs_state": 4.77188414748267,
  "area_gibbs_state": 0.0014547199003306004,
  "area_psgibbs_state": 1.0341291542443373e-05
}