{
  "expected_value_gibbs_state": -13.038507313088104,
  "expected_value_psgibbs_state": -12.933698103126458,
  "entropy_gibbs_state": 6.463818573342994,
  "entropy_psgibbs_state": 5.785965549615625,
  "area_gibbs_state": 0.0014574500713226159,
  "area_psgibbs_state": 0.0006407327119985508
}