{
  "expected_value_gibbs_state": -9.635810201977906,
  "expected_value_psgibbs_state": -9.314666192049238,
  "entropy_gibbs_state": 5.1543200830172715,
  "entropy_psgibbs_state": 4.785167808508435,
  "area_gibbs_state": 0.008482172446884224,
  "area_psgibbs_state": 0.005985744086213595
}