{
  "expected_value_gibbs_state": -7.773176423532095,
  "expected_value_psgibbs_state": -7.889565085185923,
  "entropy_gibbs_state": 5.252239238096253,
  "entropy_psgibbs_state": 4.283441571273434,
  "area_gibbs_state": 0.004378778711742757,
  "area_psgibbs_state": 0.002435999945795918
}