{
  "expected_value_gibbs_state": -6.728292665782029,
  "expected_value_psgibbs_state": -6.9999808380471915,
  "entropy_gibbs_state": 5.249257129877071,
  "entropy_psgibbs_state": 3.6378240485273183,
  "area_gibbs_state": 0.007277883336708279,
  "area_psgibbs_state": 4.199800270761874e-06
}