{
  "expected_value_gibbs_state": -12.916243758946768,
  "expected_value_psgibbs_state": -12.965761419720307,
  "entropy_gibbs_state": 6.507636874736236,
  "entropy_psgibbs_state": 5.243198699743302,
  "area_gibbs_state": 0.0016617519913566315,
  "area_psgibbs_state": 0.000257963869310893
}