{
  "expected_value_gibbs_state": -13.666209210122583,
  "expected_value_psgibbs_state": -13.99999999999992,
  "entropy_gibbs_state": 6.435258200920318,
  "entropy_psgibbs_state": 4.78749174278217,
  "area_gibbs_state": 0.0022910066418485807,
  "area_psgibbs_state": 2.896288758385704e-05
}