{
  "expected_value_gibbs_state": -9.635810201977906,
  "expected_value_psgibbs_state": -9.899467868014105,
  "entropy_gibbs_state": 5.1543200830172715,
  "entropy_psgibbs_state": 3.7415629199136604,
  "area_gibbs_state": 0.008482172446884224,
  "area_psgibbs_state": 0.0022877771563637613
}