{
  "expected_value_gibbs_state": -8.947183525407976,
  "expected_value_psgibbs_state": -8.86379853197952,
  "entropy_gibbs_state": 5.2117476263122,
  "entropy_psgibbs_state": 4.7177523965763175,
  "area_gibbs_state": 0.006139242339847909,
  "area_psgibbs_state": 0.004523933505241762
}