{
  "expected_value_gibbs_state": -12.916243758946768,
  "expected_value_psgibbs_state": -12.999999998930798,
  "entropy_gibbs_state": 6.507636874736236,
  "entropy_psgibbs_state": 5.036952625743325,
  "area_gibbs_state": 0.0016617519913566315,
  "area_psgibbs_state": 1.0098360414637107e-05
}