{
  "expected_value_gibbs_state": -15.288158377702704,
  "expected_value_psgibbs_state": -15.000000000000037,
  "entropy_gibbs_state": 6.415718560705434,
  "entropy_psgibbs_state": 4.983606621708339,
  "area_gibbs_state": 0.002636009337143903,
  "area_psgibbs_state": 0.00011822824585978656
}