{
  "expected_value_gibbs_state": -7.367294048421159,
  "expected_value_psgibbs_state": -7.0828760370023796,
  "entropy_gibbs_state": 5.208652486214856,
  "entropy_psgibbs_state": 4.403636047033851,
  "area_gibbs_state": 0.011617658420317367,
  "area_psgibbs_state": 0.0010323359485556593
}