{
  "expected_value_gibbs_state": -14.060378724372653,
  "expected_value_psgibbs_state": -14.00000000020151,
  "entropy_gibbs_state": 6.476362648528149,
  "entropy_psgibbs_state": 4.882801927267864,
  "area_gibbs_state": 0.0014411111087196315,
  "area_psgibbs_state": 4.3526703976200856e-05
}