{
  "expected_value_gibbs_state": -11.986669590053062,
  "expected_value_psgibbs_state": -11.984295794853647,
  "entropy_gibbs_state": 6.466760139599795,
  "entropy_psgibbs_state": 5.258575730950407,
  "area_gibbs_state": 0.0025918205731377737,
  "area_psgibbs_state": 0.0006022049566519462
}