{
  "expected_value_gibbs_state": -14.990068555332371,
  "expected_value_psgibbs_state": -14.99999999997446,
  "entropy_gibbs_state": 6.502087896309577,
  "entropy_psgibbs_state": 5.099866428695597,
  "area_gibbs_state": 0.0022713911129058364,
  "area_psgibbs_state": 1.0346663393900615e-05
}