{
  "expected_value_gibbs_state": -14.133224674206529,
  "expected_value_psgibbs_state": -14.00593417033016,
  "entropy_gibbs_state": 6.452065083994467,
  "entropy_psgibbs_state": 4.996100327770798,
  "area_gibbs_state": 0.0021534582828379757,
  "area_psgibbs_state": 0.00023935572897703695
}