{
  "expected_value_gibbs_state": -8.440448672539029,
  "expected_value_psgibbs_state": -8.129748833262775,
  "entropy_gibbs_state": 5.206179764711658,
  "entropy_psgibbs_state": 4.222701224975267,
  "area_gibbs_state": 0.006341339121161532,
  "area_psgibbs_state": 0.0037140582974512218
}