{
  "expected_value_gibbs_state": -11.22333477792129,
  "expected_value_psgibbs_state": -11.123218581184132,
  "entropy_gibbs_state": 6.545807957389668,
  "entropy_psgibbs_state": 5.742602053872546,
  "area_gibbs_state": 0.0013862028789798223,
  "area_psgibbs_state": 0.001148214580088533
}