{
  "expected_value_gibbs_state": -11.123787100033184,
  "expected_value_psgibbs_state": -11.003679623930285,
  "entropy_gibbs_state": 5.1800752355464486,
  "entropy_psgibbs_state": 3.9793077382792608,
  "area_gibbs_state": 0.008725314338629083,
  "area_psgibbs_state": 0.00033095841693804595
}