{
  "expected_value_gibbs_state": -14.179890088206967,
  "expected_value_psgibbs_state": -13.972534476546427,
  "entropy_gibbs_state": 6.428426291746329,
  "entropy_psgibbs_state": 5.810167314676383,
  "area_gibbs_state": 0.0032596709892264656,
  "area_psgibbs_state": 0.002643136241571123
}