{
  "expected_value_gibbs_state": -12.878728809527766,
  "expected_value_psgibbs_state": -12.827093053946896,
  "entropy_gibbs_state": 6.5163534588539145,
  "entropy_psgibbs_state": 5.72317900622043,
  "area_gibbs_state": 0.0017651655432570498,
  "area_psgibbs_state": 0.0014472754862505034
}