{
  "expected_value_gibbs_state": -7.196276637368384,
  "expected_value_psgibbs_state": -7.0,
  "entropy_gibbs_state": 5.268376470703795,
  "entropy_psgibbs_state": 4.158883083359677,
  "area_gibbs_state": 0.012261316059267132,
  "area_psgibbs_state": 8.638433131276926e-06
}