{
  "expected_value_gibbs_state": -7.351681003514224,
  "expected_value_psgibbs_state": -7.1543860738764655,
  "entropy_gibbs_state": 5.215563145884539,
  "entropy_psgibbs_state": 4.619551202983412,
  "area_gibbs_state": 0.013711827821844606,
  "area_psgibbs_state": 0.007561368252385985
}