{
  "expected_value_gibbs_state": -7.925233098762242,
  "expected_value_psgibbs_state": -8.000000000000002,
  "entropy_gibbs_state": 5.203726569061748,
  "entropy_psgibbs_state": 3.583518938456111,
  "area_gibbs_state": 0.0037701253424520516,
  "area_psgibbs_state": 2.4432748055568637e-17
}