{
  "expected_value_gibbs_state": -7.645608288850183,
  "expected_value_psgibbs_state": -7.784828485359307,
  "entropy_gibbs_state": 5.2863783949765715,
  "entropy_psgibbs_state": 4.585210835052551,
  "area_gibbs_state": 0.008814685538480046,
  "area_psgibbs_state": 0.0070848501067204
}