{
  "expected_value_gibbs_state": -7.2545894969711116,
  "expected_value_psgibbs_state": -7.110027451655114,
  "entropy_gibbs_state": 5.24740081353659,
  "entropy_psgibbs_state": 4.727286406946038,
  "area_gibbs_state": 0.008685652044371618,
  "area_psgibbs_state": 0.007946678874557139
}