{
  "expected_value_gibbs_state": -12.260889242883268,
  "expected_value_psgibbs_state": -11.986271127600963,
  "entropy_gibbs_state": 6.372747306135113,
  "entropy_psgibbs_state": 5.839808044515557,
  "area_gibbs_state": 0.005004608176144871,
  "area_psgibbs_state": 0.001217014297081926
}