{
  "expected_value_gibbs_state": -13.965148464646262,
  "expected_value_psgibbs_state": -13.807079831556909,
  "entropy_gibbs_state": 6.3289684984714665,
  "entropy_psgibbs_state": 5.288692604679203,
  "area_gibbs_state": 0.0026545218485022662,
  "area_psgibbs_state": 0.0016279285650285646
}