{
  "expected_value_gibbs_state": -7.645608288850183,
  "expected_value_psgibbs_state": -7.417607709961944,
  "entropy_gibbs_state": 5.2863783949765715,
  "entropy_psgibbs_state": 5.066573837599415,
  "area_gibbs_state": 0.008814685538480046,
  "area_psgibbs_state": 0.01116110023488359
}