{
  "expected_value_gibbs_state": -8.378704927464042,
  "expected_value_psgibbs_state": -8.000000000022096,
  "entropy_gibbs_state": 5.224777779666251,
  "entropy_psgibbs_state": 4.060443011104753,
  "area_gibbs_state": 0.006567202955299937,
  "area_psgibbs_state": 1.8222650876641667e-08
}