{
  "expected_value_gibbs_state": -6.877963218411735,
  "expected_value_psgibbs_state": -7.000000000000003,
  "entropy_gibbs_state": 5.197348962072111,
  "entropy_psgibbs_state": 3.737669618283365,
  "area_gibbs_state": 0.011514974430131471,
  "area_psgibbs_state": 3.1270075894781936e-17
}