{
  "expected_value_gibbs_state": -10.934397219151409,
  "expected_value_psgibbs_state": -10.898022960626488,
  "entropy_gibbs_state": 6.466437698463362,
  "entropy_psgibbs_state": 5.373706893393881,
  "area_gibbs_state": 0.002695312674238324,
  "area_psgibbs_state": 0.001701933495374219
}