{
  "expected_value_gibbs_state": -12.957106649694705,
  "expected_value_psgibbs_state": -12.87362211185619,
  "entropy_gibbs_state": 6.487011484389855,
  "entropy_psgibbs_state": 5.688003988292241,
  "area_gibbs_state": 0.0024284947882348548,
  "area_psgibbs_state": 0.0011282210970269147
}