{
  "expected_value_gibbs_state": -11.962829939151693,
  "expected_value_psgibbs_state": -11.999999999871202,
  "entropy_gibbs_state": 6.470591277044492,
  "entropy_psgibbs_state": 4.941642425771266,
  "area_gibbs_state": 0.0025032432630344662,
  "area_psgibbs_state": 5.4291787846196484e-05
}