{
  "expected_value_gibbs_state": -13.653011821267366,
  "expected_value_psgibbs_state": -13.463677466173689,
  "entropy_gibbs_state": 6.434706420899085,
  "entropy_psgibbs_state": 5.917558139639797,
  "area_gibbs_state": 0.004824032274374714,
  "area_psgibbs_state": 0.0017188384487727346
}