{
  "expected_value_gibbs_state": -12.371515601564978,
  "expected_value_psgibbs_state": -12.173037824532965,
  "entropy_gibbs_state": 6.5122366609272575,
  "entropy_psgibbs_state": 6.064524864663383,
  "area_gibbs_state": 0.0016005677455059244,
  "area_psgibbs_state": 0.0014136262848349467
}