{
  "expected_value_gibbs_state": -7.343459709947926,
  "expected_value_psgibbs_state": -7.226578908715882,
  "entropy_gibbs_state": 5.221709091575603,
  "entropy_psgibbs_state": 4.523757230943335,
  "area_gibbs_state": 0.006772211496146829,
  "area_psgibbs_state": 0.006402915770513158
}