{
  "expected_value_gibbs_state": -13.728229861336702,
  "expected_value_psgibbs_state": -13.507237204003738,
  "entropy_gibbs_state": 6.406410098155353,
  "entropy_psgibbs_state": 5.794323957358526,
  "area_gibbs_state": 0.002950766744722738,
  "area_psgibbs_state": 0.003235766307447014
}