{
  "expected_value_gibbs_state": -10.94656955162773,
  "expected_value_psgibbs_state": -10.962340343303115,
  "entropy_gibbs_state": 6.469534242478082,
  "entropy_psgibbs_state": 4.966907769254558,
  "area_gibbs_state": 0.0025726757849260902,
  "area_psgibbs_state": 0.0003900583726006524
}