{
  "expected_value_gibbs_state": -6.101165420641147,
  "expected_value_psgibbs_state": -6.0109170178886355,
  "entropy_gibbs_state": 5.280721555686332,
  "entropy_psgibbs_state": 4.257660247926558,
  "area_gibbs_state": 0.013278983029046853,
  "area_psgibbs_state": 0.0017807756160213024
}