{
  "expected_value_gibbs_state": -12.326543500889548,
  "expected_value_psgibbs_state": -11.999999999999968,
  "entropy_gibbs_state": 6.526040477600496,
  "entropy_psgibbs_state": 5.1590552992145335,
  "area_gibbs_state": 0.001372386437810803,
  "area_psgibbs_state": 0.00013273656683684328
}