{
  "expected_value_gibbs_state": -16.214591352890942,
  "expected_value_psgibbs_state": -16.035067069921862,
  "entropy_gibbs_state": 6.449461292650506,
  "entropy_psgibbs_state": 5.974463702584329,
  "area_gibbs_state": 0.0024522075710437918,
  "area_psgibbs_state": 0.0017025287204929854
}