{
  "expected_value_gibbs_state": -8.947183525407976,
  "expected_value_psgibbs_state": -9.0,
  "entropy_gibbs_state": 5.2117476263122,
  "entropy_psgibbs_state": 3.8712010109078947,
  "area_gibbs_state": 0.006139242339847909,
  "area_psgibbs_state": 2.1234503417654292e-17
}