{
  "expected_value_gibbs_state": -8.947183525407976,
  "expected_value_psgibbs_state": -8.999952544822133,
  "entropy_gibbs_state": 5.2117476263122,
  "entropy_psgibbs_state": 3.8717900084405,
  "area_gibbs_state": 0.006139242339847909,
  "area_psgibbs_state": 3.1693590394449634e-05
}