{
  "expected_value_gibbs_state": -14.185492415799748,
  "expected_value_psgibbs_state": -14.035123853599487,
  "entropy_gibbs_state": 6.431622546558051,
  "entropy_psgibbs_state": 5.660347512031616,
  "area_gibbs_state": 0.0022179143998305524,
  "area_psgibbs_state": 0.0024654713537994493
}