{
  "expected_value_gibbs_state": -12.344211153917069,
  "expected_value_psgibbs_state": -12.00000000000001,
  "entropy_gibbs_state": 6.524398051078458,
  "entropy_psgibbs_state": 5.123963979403963,
  "area_gibbs_state": 0.0016941007992631637,
  "area_psgibbs_state": 0.00011451412936834746
}