{
  "expected_value_gibbs_state": -9.971265372018843,
  "expected_value_psgibbs_state": -9.989744792683938,
  "entropy_gibbs_state": 5.220666925392945,
  "entropy_psgibbs_state": 4.087639513239014,
  "area_gibbs_state": 0.005403592131083897,
  "area_psgibbs_state": 0.0013868705770301835
}