{
  "expected_value_gibbs_state": -8.36584713943804,
  "expected_value_psgibbs_state": -8.216836005555939,
  "entropy_gibbs_state": 5.229789129208503,
  "entropy_psgibbs_state": 4.870470728567284,
  "area_gibbs_state": 0.0050434402235366455,
  "area_psgibbs_state": 0.008724183795042164
}