{
  "expected_value_gibbs_state": -16.214591352890942,
  "expected_value_psgibbs_state": -16.00000000000004,
  "entropy_gibbs_state": 6.449461292650506,
  "entropy_psgibbs_state": 5.01063529409626,
  "area_gibbs_state": 0.0024522075710437918,
  "area_psgibbs_state": 1.160962380283782e-05
}