{
  "expected_value_gibbs_state": -14.168696466045576,
  "expected_value_psgibbs_state": -13.99999999999998,
  "entropy_gibbs_state": 6.437830845673369,
  "entropy_psgibbs_state": 4.882801922586371,
  "area_gibbs_state": 0.0015760231629825486,
  "area_psgibbs_state": 5.2169822382815914e-05
}