{
  "expected_value_gibbs_state": -11.788968957260979,
  "expected_value_psgibbs_state": -11.997369967417718,
  "entropy_gibbs_state": 6.524698825890806,
  "entropy_psgibbs_state": 5.016735866208197,
  "area_gibbs_state": 0.0044384741514956454,
  "area_psgibbs_state": 5.5724469538655675e-05
}