{
  "expected_value_gibbs_state": -12.901716978548443,
  "expected_value_psgibbs_state": -12.999796523013947,
  "entropy_gibbs_state": 6.340766785401892,
  "entropy_psgibbs_state": 4.6464280845085835,
  "area_gibbs_state": 0.0028611250622483306,
  "area_psgibbs_state": 1.9825079210776733e-05
}