{
  "expected_value_gibbs_state": -10.94656955162773,
  "expected_value_psgibbs_state": -10.999919900399865,
  "entropy_gibbs_state": 6.469534242478082,
  "entropy_psgibbs_state": 4.719446816805413,
  "area_gibbs_state": 0.0025726757849260902,
  "area_psgibbs_state": 1.0346727737142004e-05
}