{
  "expected_value_gibbs_state": -12.077730766035362,
  "expected_value_psgibbs_state": -12.000000000401124,
  "entropy_gibbs_state": 6.438972393672394,
  "entropy_psgibbs_state": 4.7706846333591795,
  "area_gibbs_state": 0.0036623648291288476,
  "area_psgibbs_state": 1.0268840190582816e-05
}