{
  "expected_value_gibbs_state": -12.901716978548443,
  "expected_value_psgibbs_state": -12.65099318654691,
  "entropy_gibbs_state": 6.340766785401892,
  "entropy_psgibbs_state": 5.745220981514967,
  "area_gibbs_state": 0.0028611250622483306,
  "area_psgibbs_state": 0.003151547633233096
}