{
  "expected_value_gibbs_state": -9.635810201977906,
  "expected_value_psgibbs_state": -9.999999999996325,
  "entropy_gibbs_state": 5.1543200830172715,
  "entropy_psgibbs_state": 3.332204510278099,
  "area_gibbs_state": 0.008482172446884224,
  "area_psgibbs_state": 1.1088979418630122e-08
}