{
  "expected_value_gibbs_state": -16.79806861195929,
  "expected_value_psgibbs_state": -16.702163196916505,
  "entropy_gibbs_state": 6.425098280933348,
  "entropy_psgibbs_state": 5.623570469296284,
  "area_gibbs_state": 0.003076517373772665,
  "area_psgibbs_state": 0.001451018310183289
}