{
  "expected_value_gibbs_state": -12.685352785462936,
  "expected_value_psgibbs_state": -12.560350564317783,
  "entropy_gibbs_state": 6.4137503525640085,
  "entropy_psgibbs_state": 5.754822974018656,
  "area_gibbs_state": 0.0014547199003306004,
  "area_psgibbs_state": 0.0015854494777252162
}