{
  "expected_value_gibbs_state": -15.791692327431697,
  "expected_value_psgibbs_state": -15.881844426329227,
  "entropy_gibbs_state": 6.419112437006799,
  "entropy_psgibbs_state": 5.281521242953804,
  "area_gibbs_state": 0.003155083477871436,
  "area_psgibbs_state": 0.0004007296400331846
}