{
  "expected_value_gibbs_state": -9.16103649878923,
  "expected_value_psgibbs_state": -9.01922610920449,
  "entropy_gibbs_state": 5.136445129841036,
  "entropy_psgibbs_state": 3.960069052981783,
  "area_gibbs_state": 0.014081489418579077,
  "area_psgibbs_state": 0.0008688805988904575
}