{
  "expected_value_gibbs_state": -8.780271242713976,
  "expected_value_psgibbs_state": -9.000000000000004,
  "entropy_gibbs_state": 5.2637351230748655,
  "entropy_psgibbs_state": 3.9512437185814293,
  "area_gibbs_state": 0.006828832991589459,
  "area_psgibbs_state": 3.673170473740676e-15
}