{
  "expected_value_gibbs_state": -7.867272679089179,
  "expected_value_psgibbs_state": -7.999553722932218,
  "entropy_gibbs_state": 5.21783789915598,
  "entropy_psgibbs_state": 3.8327358819799042,
  "area_gibbs_state": 0.01322234472989685,
  "area_psgibbs_state": 0.00010366847725858805
}