{
  "expected_value_gibbs_state": -8.947183525407976,
  "expected_value_psgibbs_state": -8.916172614433824,
  "entropy_gibbs_state": 5.2117476263122,
  "entropy_psgibbs_state": 4.452734988742501,
  "area_gibbs_state": 0.006139242339847909,
  "area_psgibbs_state": 0.002630071507306299
}