{
  "expected_value_gibbs_state": -13.17919516131428,
  "expected_value_psgibbs_state": -13.042516725057709,
  "entropy_gibbs_state": 6.421787042999248,
  "entropy_psgibbs_state": 5.519401565021525,
  "area_gibbs_state": 0.0030200161976658715,
  "area_psgibbs_state": 0.0019606673709911013
}