{
  "expected_value_gibbs_state": -9.147087997420412,
  "expected_value_psgibbs_state": -9.023355942973785,
  "entropy_gibbs_state": 5.141292632409816,
  "entropy_psgibbs_state": 4.297937706748341,
  "area_gibbs_state": 0.010652197418630485,
  "area_psgibbs_state": 0.0051383626565784865
}