{
  "expected_value_gibbs_state": -9.319124450771218,
  "expected_value_psgibbs_state": -9.188652407039712,
  "entropy_gibbs_state": 5.25798612891676,
  "entropy_psgibbs_state": 4.6399259819454945,
  "area_gibbs_state": 0.008609618810238783,
  "area_psgibbs_state": 0.005360900842694208
}