{
  "expected_value_gibbs_state": -10.66153643651094,
  "expected_value_psgibbs_state": -10.999999999999941,
  "entropy_gibbs_state": 6.5592832077070815,
  "entropy_psgibbs_state": 5.049856007250022,
  "area_gibbs_state": 0.0017410917285961617,
  "area_psgibbs_state": 1.712564056720449e-05
}