{
  "expected_value_gibbs_state": -12.700734220856788,
  "expected_value_psgibbs_state": -13.0,
  "entropy_gibbs_state": 6.408417117698534,
  "entropy_psgibbs_state": 4.644390899141372,
  "area_gibbs_state": 0.0018073000159168798,
  "area_psgibbs_state": 1.2518469045796636e-05
}