{
  "expected_value_gibbs_state": -7.925233098762242,
  "expected_value_psgibbs_state": -7.692167199847456,
  "entropy_gibbs_state": 5.203726569061748,
  "entropy_psgibbs_state": 4.680852648207462,
  "area_gibbs_state": 0.0037701253424520516,
  "area_psgibbs_state": 0.005539252487873957
}