{
  "expected_value_gibbs_state": -10.02841663290163,
  "expected_value_psgibbs_state": -10.000000000000004,
  "entropy_gibbs_state": 5.196044737269721,
  "entropy_psgibbs_state": 4.0604430105464155,
  "area_gibbs_state": 0.008331062604408159,
  "area_psgibbs_state": 2.037023037268884e-17
}