{
  "expected_value_gibbs_state": -8.910160333551303,
  "expected_value_psgibbs_state": -8.999999998511871,
  "entropy_gibbs_state": 5.22201314411298,
  "entropy_psgibbs_state": 3.912023037438953,
  "area_gibbs_state": 0.007858374433806041,
  "area_psgibbs_state": 6.93950381886837e-08
}