{
  "expected_value_gibbs_state": -6.877963218411735,
  "expected_value_psgibbs_state": -6.858361707343099,
  "entropy_gibbs_state": 5.197348962072111,
  "entropy_psgibbs_state": 4.267913574323721,
  "area_gibbs_state": 0.011514974430131471,
  "area_psgibbs_state": 0.003433224194761012
}