{
  "expected_value_gibbs_state": -6.835026622358093,
  "expected_value_psgibbs_state": -6.99909209345885,
  "entropy_gibbs_state": 5.213566259367098,
  "entropy_psgibbs_state": 3.591192307880803,
  "area_gibbs_state": 0.011184123029165646,
  "area_psgibbs_state": 0.00010527280065599484
}