{
  "expected_value_gibbs_state": -11.258575661948482,
  "expected_value_psgibbs_state": -11.126169599622122,
  "entropy_gibbs_state": 6.533147283343352,
  "entropy_psgibbs_state": 5.873178867350979,
  "area_gibbs_state": 0.002274539934464197,
  "area_psgibbs_state": 0.002225292046019774
}