{
  "expected_value_gibbs_state": -15.402401287510866,
  "expected_value_psgibbs_state": -15.262101958367872,
  "entropy_gibbs_state": 6.379922744205627,
  "entropy_psgibbs_state": 5.499964607441569,
  "area_gibbs_state": 0.002181047558159809,
  "area_psgibbs_state": 0.0015782904037566858
}