{
  "expected_value_gibbs_state": -8.009298590076096,
  "expected_value_psgibbs_state": -7.997260853717974,
  "entropy_gibbs_state": 5.172727314211636,
  "entropy_psgibbs_state": 3.3071246175035323,
  "area_gibbs_state": 0.010665457459500323,
  "area_psgibbs_state": 0.0008037893389009189
}