{
  "expected_value_gibbs_state": -12.260889242883268,
  "expected_value_psgibbs_state": -12.000002895117888,
  "entropy_gibbs_state": 6.372747306135113,
  "entropy_psgibbs_state": 4.95586456541486,
  "area_gibbs_state": 0.005004608176144871,
  "area_psgibbs_state": 2.2315257066803525e-05
}