{
  "expected_value_gibbs_state": -8.780271242713976,
  "expected_value_psgibbs_state": -8.99772880617906,
  "entropy_gibbs_state": 5.2637351230748655,
  "entropy_psgibbs_state": 3.9676645315857417,
  "area_gibbs_state": 0.006828832991589459,
  "area_psgibbs_state": 0.00020257695779247174
}