{
  "expected_value_gibbs_state": -8.268581466886921,
  "expected_value_psgibbs_state": -8.187746037709067,
  "entropy_gibbs_state": 5.262344853259501,
  "entropy_psgibbs_state": 4.9031531609374115,
  "area_gibbs_state": 0.006526560860071238,
  "area_psgibbs_state": 0.0072666453582714615
}