{
  "expected_value_gibbs_state": -8.156636809218893,
  "expected_value_psgibbs_state": -8.003785681226006,
  "entropy_gibbs_state": 5.120935353865121,
  "entropy_psgibbs_state": 4.248873512594532,
  "area_gibbs_state": 0.014796165341557184,
  "area_psgibbs_state": 0.00692929487299468
}