{
  "expected_value_gibbs_state": -9.147087997420412,
  "expected_value_psgibbs_state": -8.949844652266844,
  "entropy_gibbs_state": 5.141292632409816,
  "entropy_psgibbs_state": 4.622903539750532,
  "area_gibbs_state": 0.010652197418630485,
  "area_psgibbs_state": 0.004582767958233774
}