{
  "expected_value_gibbs_state": -11.962829939151693,
  "expected_value_psgibbs_state": -11.996114898617588,
  "entropy_gibbs_state": 6.470591277044492,
  "entropy_psgibbs_state": 4.976267290955241,
  "area_gibbs_state": 0.0025032432630344662,
  "area_psgibbs_state": 0.00036157132356688144
}