{
  "expected_value_gibbs_state": -14.284513464111637,
  "expected_value_psgibbs_state": -14.03481120001451,
  "entropy_gibbs_state": 6.398938835535281,
  "entropy_psgibbs_state": 5.113707225636952,
  "area_gibbs_state": 0.0017755920096542007,
  "area_psgibbs_state": 0.00025343508182464167
}