{
  "expected_value_gibbs_state": -7.83938986301406,
  "expected_value_psgibbs_state": -7.999293643715076,
  "entropy_gibbs_state": 5.231705110850618,
  "entropy_psgibbs_state": 3.7437098723574747,
  "area_gibbs_state": 0.00898396956685442,
  "area_psgibbs_state": 7.378179461898993e-05
}