{
  "expected_value_gibbs_state": -9.261336054645701,
  "expected_value_psgibbs_state": -9.135051715889935,
  "entropy_gibbs_state": 5.273397712029547,
  "entropy_psgibbs_state": 4.988874388799454,
  "area_gibbs_state": 0.009541935674362324,
  "area_psgibbs_state": 0.008262223554318826
}