{
  "expected_value_gibbs_state": -15.525991982176413,
  "expected_value_psgibbs_state": -15.988020037563075,
  "entropy_gibbs_state": 6.329869203373722,
  "entropy_psgibbs_state": 4.350995013548976,
  "area_gibbs_state": 0.003347005742601445,
  "area_psgibbs_state": 0.0001620714501344712
}