{
  "expected_value_gibbs_state": -16.365992987645427,
  "expected_value_psgibbs_state": -16.023920193370536,
  "entropy_gibbs_state": 6.392144792004146,
  "entropy_psgibbs_state": 5.183040133022771,
  "area_gibbs_state": 0.0037310641304305744,
  "area_psgibbs_state": 0.000168671065187565
}