{
  "expected_value_gibbs_state": -9.445743800440747,
  "expected_value_psgibbs_state": -9.000016957704881,
  "entropy_gibbs_state": 5.221192765367277,
  "entropy_psgibbs_state": 3.8714019808805404,
  "area_gibbs_state": 0.007650337848143992,
  "area_psgibbs_state": 1.7471166664407043e-05
}