{
  "expected_value_gibbs_state": -7.186325424163275,
  "expected_value_psgibbs_state": -7.0000000000000036,
  "entropy_gibbs_state": 5.272332599352503,
  "entropy_psgibbs_state": 3.988984046564279,
  "area_gibbs_state": 0.004755979387689129,
  "area_psgibbs_state": 9.741905139705188e-17
}