{
  "expected_value_gibbs_state": -6.187556637525251,
  "expected_value_psgibbs_state": -6.000404346885422,
  "entropy_gibbs_state": 5.252396603653491,
  "entropy_psgibbs_state": 4.130352234174467,
  "area_gibbs_state": 0.00962718064701204,
  "area_psgibbs_state": 5.9895835200133413e-05
}