{
  "expected_value_gibbs_state": -13.136841879920345,
  "expected_value_psgibbs_state": -13.004201342225914,
  "entropy_gibbs_state": 6.436305269778275,
  "entropy_psgibbs_state": 5.128002767832348,
  "area_gibbs_state": 0.0030727926167129775,
  "area_psgibbs_state": 6.593025392169598e-05
}