{
  "expected_value_gibbs_state": -14.78140662731069,
  "expected_value_psgibbs_state": -14.997203792782498,
  "entropy_gibbs_state": 6.407411169923175,
  "entropy_psgibbs_state": 4.790972154803157,
  "area_gibbs_state": 0.0023339264149657615,
  "area_psgibbs_state": 5.199106963740754e-05
}