{
  "expected_value_gibbs_state": -6.835026622358093,
  "expected_value_psgibbs_state": -6.819420828533279,
  "entropy_gibbs_state": 5.213566259367098,
  "entropy_psgibbs_state": 4.216515562146443,
  "area_gibbs_state": 0.011184123029165646,
  "area_psgibbs_state": 0.0027422688121962234
}