{
  "expected_value_gibbs_state": -14.866878045741366,
  "expected_value_psgibbs_state": -14.999999984809637,
  "entropy_gibbs_state": 6.380513369839898,
  "entropy_psgibbs_state": 4.770684918308443,
  "area_gibbs_state": 0.0028766659596471318,
  "area_psgibbs_state": 2.6133835649195703e-05
}