{
  "expected_value_gibbs_state": -11.523384940193873,
  "expected_value_psgibbs_state": -11.435423004635215,
  "entropy_gibbs_state": 5.219905245150328,
  "entropy_psgibbs_state": 4.634085188423034,
  "area_gibbs_state": 0.006046004008680693,
  "area_psgibbs_state": 0.007697500716635875
}