{
  "expected_value_gibbs_state": -8.87212926525125,
  "expected_value_psgibbs_state": -8.85311924247489,
  "entropy_gibbs_state": 5.235794904676207,
  "entropy_psgibbs_state": 4.6162826191174275,
  "area_gibbs_state": 0.005034967945467714,
  "area_psgibbs_state": 0.0031325798878435087
}