{
  "expected_value_gibbs_state": -8.36584713943804,
  "expected_value_psgibbs_state": -8.099897406014602,
  "entropy_gibbs_state": 5.229789129208503,
  "entropy_psgibbs_state": 4.431838708069423,
  "area_gibbs_state": 0.0050434402235366455,
  "area_psgibbs_state": 0.004040904734728803
}