{
  "expected_value_gibbs_state": -14.179890088206967,
  "expected_value_psgibbs_state": -14.010441826032103,
  "entropy_gibbs_state": 6.428426291746329,
  "entropy_psgibbs_state": 5.675851371440494,
  "area_gibbs_state": 0.0032596709892264656,
  "area_psgibbs_state": 0.002175165972023672
}