{
  "expected_value_gibbs_state": -15.711560125056172,
  "expected_value_psgibbs_state": -15.999955684030246,
  "entropy_gibbs_state": 6.447048953877559,
  "entropy_psgibbs_state": 4.605683277544091,
  "area_gibbs_state": 0.0020009019519579303,
  "area_psgibbs_state": 1.615409110484076e-05
}