{
  "expected_value_gibbs_state": -12.916243758946768,
  "expected_value_psgibbs_state": -12.843809577941313,
  "entropy_gibbs_state": 6.507636874736236,
  "entropy_psgibbs_state": 5.828932282229823,
  "area_gibbs_state": 0.0016617519913566315,
  "area_psgibbs_state": 0.0015588621954286226
}