{
  "expected_value_gibbs_state": -9.17051621854176,
  "expected_value_psgibbs_state": -8.95967610228998,
  "entropy_gibbs_state": 5.1357517006165265,
  "entropy_psgibbs_state": 4.710508455693855,
  "area_gibbs_state": 0.008242835034450325,
  "area_psgibbs_state": 0.005239358487125738
}