{
  "expected_value_gibbs_state": -8.19277774609268,
  "expected_value_psgibbs_state": -8.043442075984075,
  "entropy_gibbs_state": 5.283685577638009,
  "entropy_psgibbs_state": 4.3750033290062635,
  "area_gibbs_state": 0.004526261572598035,
  "area_psgibbs_state": 0.0008450981397538421
}