{
  "expected_value_gibbs_state": -14.78140662731069,
  "expected_value_psgibbs_state": -14.576750326185175,
  "entropy_gibbs_state": 6.407411169923175,
  "entropy_psgibbs_state": 5.902379821635205,
  "area_gibbs_state": 0.0023339264149657615,
  "area_psgibbs_state": 0.0015817254995770223
}