{
  "expected_value_gibbs_state": -6.716964669807027,
  "expected_value_psgibbs_state": -7.0000000000000036,
  "entropy_gibbs_state": 5.253641449111073,
  "entropy_psgibbs_state": 3.7376696182833657,
  "area_gibbs_state": 0.0065655109096796034,
  "area_psgibbs_state": 4.2006536858812665e-05
}