{
  "expected_value_gibbs_state": -14.524575391285058,
  "expected_value_psgibbs_state": -14.515679441198412,
  "entropy_gibbs_state": 6.492629292370349,
  "entropy_psgibbs_state": 5.678623902102592,
  "area_gibbs_state": 0.0018002454830446729,
  "area_psgibbs_state": 0.0015867589284214456
}