{
  "expected_value_gibbs_state": -8.208096668260293,
  "expected_value_psgibbs_state": -8.034418029368906,
  "entropy_gibbs_state": 5.275250843901763,
  "entropy_psgibbs_state": 4.912558460952846,
  "area_gibbs_state": 0.010248593831025929,
  "area_psgibbs_state": 0.00905789413432819
}