{
  "expected_value_gibbs_state": -9.579964555051383,
  "expected_value_psgibbs_state": -9.537998217719993,
  "entropy_gibbs_state": 5.174842220184854,
  "entropy_psgibbs_state": 4.259847240257037,
  "area_gibbs_state": 0.0066387182221164815,
  "area_psgibbs_state": 0.00518417165599991
}