{
  "expected_value_gibbs_state": -9.967468285838612,
  "expected_value_psgibbs_state": -9.999963706346183,
  "entropy_gibbs_state": 5.219132805135683,
  "entropy_psgibbs_state": 3.951724609995812,
  "area_gibbs_state": 0.006477846944206406,
  "area_psgibbs_state": 3.2002754211751215e-05
}