{
  "expected_value_gibbs_state": -9.967468285838612,
  "expected_value_psgibbs_state": -9.999999999911388,
  "entropy_gibbs_state": 5.219132805135683,
  "entropy_psgibbs_state": 3.9512437207957545,
  "area_gibbs_state": 0.006477846944206406,
  "area_psgibbs_state": 5.043305907094218e-08
}