{
  "expected_value_gibbs_state": -7.153176283749263,
  "expected_value_psgibbs_state": -7.0000000199716625,
  "entropy_gibbs_state": 5.281631383841781,
  "entropy_psgibbs_state": 4.025352057039412,
  "area_gibbs_state": 0.005050647740711109,
  "area_psgibbs_state": 3.21056937559355e-07
}