{
  "expected_value_gibbs_state": -10.256048745630558,
  "expected_value_psgibbs_state": -10.001727325975413,
  "entropy_gibbs_state": 5.119397638081525,
  "entropy_psgibbs_state": 3.8397360959525257,
  "area_gibbs_state": 0.01428352473928238,
  "area_psgibbs_state": 0.0003052861713222324
}