{
  "expected_value_gibbs_state": -15.993594888505344,
  "expected_value_psgibbs_state": -15.997576730494645,
  "entropy_gibbs_state": 6.350132657789731,
  "entropy_psgibbs_state": 4.730494948170825,
  "area_gibbs_state": 0.00329146058984138,
  "area_psgibbs_state": 0.00011857581063926007
}