{
  "expected_value_gibbs_state": -15.21854657296948,
  "expected_value_psgibbs_state": -14.999999999999998,
  "entropy_gibbs_state": 6.4349908918815935,
  "entropy_psgibbs_state": 5.036952602413614,
  "area_gibbs_state": 0.0022069703878891856,
  "area_psgibbs_state": 8.304974071924933e-05
}