{
  "expected_value_gibbs_state": -8.780271242713976,
  "expected_value_psgibbs_state": -8.966506765242766,
  "entropy_gibbs_state": 5.2637351230748655,
  "entropy_psgibbs_state": 4.10358940331855,
  "area_gibbs_state": 0.006828832991589459,
  "area_psgibbs_state": 0.000973220037803608
}