{
  "expected_value_gibbs_state": -7.227727754158783,
  "expected_value_psgibbs_state": -6.999999999999996,
  "entropy_gibbs_state": 5.2573119933687495,
  "entropy_psgibbs_state": 4.0604430105464155,
  "area_gibbs_state": 0.008482761784472246,
  "area_psgibbs_state": 4.44801013968221e-15
}