{
  "expected_value_gibbs_state": -13.728229861336702,
  "expected_value_psgibbs_state": -13.464497675554892,
  "entropy_gibbs_state": 6.406410098155353,
  "entropy_psgibbs_state": 5.890007815740291,
  "area_gibbs_state": 0.002950766744722738,
  "area_psgibbs_state": 0.003157698365752335
}