{
  "expected_value_gibbs_state": -14.280538926680185,
  "expected_value_psgibbs_state": -14.102752768948521,
  "entropy_gibbs_state": 6.401623928946923,
  "entropy_psgibbs_state": 5.239743898189512,
  "area_gibbs_state": 0.0023406547762850807,
  "area_psgibbs_state": 0.0005756693557810326
}