{
  "expected_value_gibbs_state": -11.786393738923405,
  "expected_value_psgibbs_state": -11.521248243290861,
  "entropy_gibbs_state": 6.35389539976128,
  "entropy_psgibbs_state": 5.802207604933869,
  "area_gibbs_state": 0.004668531562542519,
  "area_psgibbs_state": 0.00348300140655907
}