{
  "expected_value_gibbs_state": -9.45457178043328,
  "expected_value_psgibbs_state": -9.355289508763954,
  "entropy_gibbs_state": 5.217907328567735,
  "entropy_psgibbs_state": 4.7088368367106455,
  "area_gibbs_state": 0.0066839674182170225,
  "area_psgibbs_state": 0.005402109413480095
}