{
  "expected_value_gibbs_state": -10.623633579230185,
  "expected_value_psgibbs_state": -10.42977839637954,
  "entropy_gibbs_state": 5.177659938407785,
  "entropy_psgibbs_state": 4.7289178656969435,
  "area_gibbs_state": 0.007709761785393467,
  "area_psgibbs_state": 0.005856878776601534
}