{
  "expected_value_gibbs_state": -15.791692327431697,
  "expected_value_psgibbs_state": -15.997861706979116,
  "entropy_gibbs_state": 6.419112437006799,
  "entropy_psgibbs_state": 4.883536969925159,
  "area_gibbs_state": 0.003155083477871436,
  "area_psgibbs_state": 5.207463772355737e-05
}