{
  "expected_value_gibbs_state": -8.7158695990321,
  "expected_value_psgibbs_state": -8.484397774482872,
  "entropy_gibbs_state": 5.111852337330171,
  "entropy_psgibbs_state": 4.621544108266704,
  "area_gibbs_state": 0.009443018697908994,
  "area_psgibbs_state": 0.012671887326274207
}