{
  "expected_value_gibbs_state": -10.274336132471234,
  "expected_value_psgibbs_state": -10.162756949847575,
  "entropy_gibbs_state": 6.513751174720871,
  "entropy_psgibbs_state": 5.939456148251354,
  "area_gibbs_state": 0.003298223209789344,
  "area_psgibbs_state": 0.0022701495129028174
}