{
  "expected_value_gibbs_state": -8.378704927464042,
  "expected_value_psgibbs_state": -8.272229606509999,
  "entropy_gibbs_state": 5.224777779666251,
  "entropy_psgibbs_state": 4.605588163106593,
  "area_gibbs_state": 0.006567202955299937,
  "area_psgibbs_state": 0.003832494022212021
}