{
  "expected_value_gibbs_state": -7.867272679089179,
  "expected_value_psgibbs_state": -7.650598154602666,
  "entropy_gibbs_state": 5.21783789915598,
  "entropy_psgibbs_state": 4.800671878245911,
  "area_gibbs_state": 0.01322234472989685,
  "area_psgibbs_state": 0.007720142837423406
}