{
  "expected_value_gibbs_state": -7.2545894969711116,
  "expected_value_psgibbs_state": -7.101965818654433,
  "entropy_gibbs_state": 5.24740081353659,
  "entropy_psgibbs_state": 4.476810462231822,
  "area_gibbs_state": 0.008685652044371618,
  "area_psgibbs_state": 0.004575550946792513
}