{
  "expected_value_gibbs_state": -9.507629534915665,
  "expected_value_psgibbs_state": -9.314453389933282,
  "entropy_gibbs_state": 5.198473172189368,
  "entropy_psgibbs_state": 4.71629371509508,
  "area_gibbs_state": 0.006178295108633144,
  "area_psgibbs_state": 0.006751847980616305
}