{
  "expected_value_gibbs_state": -15.169960978901095,
  "expected_value_psgibbs_state": -15.028784132159542,
  "entropy_gibbs_state": 6.447971334577082,
  "entropy_psgibbs_state": 5.175218767790079,
  "area_gibbs_state": 0.0025053616728872097,
  "area_psgibbs_state": 0.0002642695867151863
}