{
  "expected_value_gibbs_state": -14.866878045741366,
  "expected_value_psgibbs_state": -14.986017161011711,
  "entropy_gibbs_state": 6.380513369839898,
  "entropy_psgibbs_state": 4.851109544780414,
  "area_gibbs_state": 0.0028766659596471318,
  "area_psgibbs_state": 0.00018481501306409818
}