{
  "expected_value_gibbs_state": -5.456847429602088,
  "expected_value_psgibbs_state": -5.30476900743966,
  "entropy_gibbs_state": 5.3189989608353185,
  "entropy_psgibbs_state": 5.041951932509592,
  "area_gibbs_state": 0.009036400128517008,
  "area_psgibbs_state": 0.00828364220407221
}