{
  "expected_value_gibbs_state": -9.408846790767505,
  "expected_value_psgibbs_state": -9.29694298383621,
  "entropy_gibbs_state": 5.231490219805493,
  "entropy_psgibbs_state": 4.854062404018606,
  "area_gibbs_state": 0.00445280001370738,
  "area_psgibbs_state": 0.005254778501962015
}