{
  "expected_value_gibbs_state": -11.924864945096951,
  "expected_value_psgibbs_state": -11.772505694579966,
  "entropy_gibbs_state": 6.487858634161756,
  "entropy_psgibbs_state": 5.896612071271959,
  "area_gibbs_state": 0.002015545428469029,
  "area_psgibbs_state": 0.0014531798340458783
}