{
  "expected_value_gibbs_state": -12.326543500889548,
  "expected_value_psgibbs_state": -12.00011607062597,
  "entropy_gibbs_state": 6.526040477600496,
  "entropy_psgibbs_state": 5.160178036798635,
  "area_gibbs_state": 0.001372386437810803,
  "area_psgibbs_state": 9.986634713690128e-05
}