{
  "expected_value_gibbs_state": -8.910160333551303,
  "expected_value_psgibbs_state": -8.993255607344533,
  "entropy_gibbs_state": 5.22201314411298,
  "entropy_psgibbs_state": 3.958073385309764,
  "area_gibbs_state": 0.007858374433806041,
  "area_psgibbs_state": 0.0003681577825910512
}