{
  "expected_value_gibbs_state": -10.17826372285068,
  "expected_value_psgibbs_state": -9.973712574985019,
  "entropy_gibbs_state": 6.542482454827406,
  "entropy_psgibbs_state": 6.102741505555323,
  "area_gibbs_state": 0.0030586955935789704,
  "area_psgibbs_state": 0.0025858867278523486
}