{
  "expected_value_gibbs_state": -10.934397219151409,
  "expected_value_psgibbs_state": -10.733657635598405,
  "entropy_gibbs_state": 6.466437698463362,
  "entropy_psgibbs_state": 5.877758704988449,
  "area_gibbs_state": 0.002695312674238324,
  "area_psgibbs_state": 0.003046877789198682
}