{
  "expected_value_gibbs_state": -11.962829939151693,
  "expected_value_psgibbs_state": -11.999953343600296,
  "entropy_gibbs_state": 6.470591277044492,
  "entropy_psgibbs_state": 4.942243657651471,
  "area_gibbs_state": 0.0025032432630344662,
  "area_psgibbs_state": 6.863257364540074e-05
}