{
  "expected_value_gibbs_state": -15.169960978901095,
  "expected_value_psgibbs_state": -15.000330208551267,
  "entropy_gibbs_state": 6.447971334577082,
  "entropy_psgibbs_state": 5.013398198718302,
  "area_gibbs_state": 0.0025053616728872097,
  "area_psgibbs_state": 2.581769129785599e-05
}