{
  "expected_value_gibbs_state": -6.835026622358093,
  "expected_value_psgibbs_state": -6.999999917420008,
  "entropy_gibbs_state": 5.213566259367098,
  "entropy_psgibbs_state": 3.5835204043609155,
  "area_gibbs_state": 0.011184123029165646,
  "area_psgibbs_state": 6.770661014708588e-07
}