{
  "expected_value_gibbs_state": -9.579964555051383,
  "expected_value_psgibbs_state": -9.717012847090782,
  "entropy_gibbs_state": 5.174842220184854,
  "entropy_psgibbs_state": 4.013580747610318,
  "area_gibbs_state": 0.0066387182221164815,
  "area_psgibbs_state": 0.004939475965341799
}