{
  "expected_value_gibbs_state": -9.30787665718093,
  "expected_value_psgibbs_state": -9.000029915695782,
  "entropy_gibbs_state": 5.262033274006274,
  "entropy_psgibbs_state": 4.276983410332974,
  "area_gibbs_state": 0.006419800844325505,
  "area_psgibbs_state": 2.215274060414899e-05
}