{
  "expected_value_gibbs_state": -7.1311007516614335,
  "expected_value_psgibbs_state": -7.01185536778612,
  "entropy_gibbs_state": 5.289105712974678,
  "entropy_psgibbs_state": 4.895384245204349,
  "area_gibbs_state": 0.006119097389596815,
  "area_psgibbs_state": 0.0035981872817421306
}