{
  "expected_value_gibbs_state": -5.632322863766222,
  "expected_value_psgibbs_state": -5.9999999999925,
  "entropy_gibbs_state": 5.261203946035099,
  "entropy_psgibbs_state": 3.4011973818678944,
  "area_gibbs_state": 0.006131675556715694,
  "area_psgibbs_state": 3.012079694844069e-08
}