{
  "expected_value_gibbs_state": -16.67134039322401,
  "expected_value_one_state": -17.0,
  "energy_qaoa_gibbs_state": -18.444818306187923,
  "energy_qaoa_one_state": -16.999999904819926,
  "energy_value_exact": -19
}