{
  "expected_value_gibbs_state": -17.645555333567916,
  "expected_value_one_state": -18.0,
  "energy_qaoa_gibbs_state": -20.106624212828848,
  "energy_qaoa_one_state": -17.999999754230267,
  "energy_value_exact": -21
}