{
  "expected_value_gibbs_state": -11.174611461879252,
  "expected_value_one_state": -12.0,
  "energy_qaoa_gibbs_state": -15.530895825545013,
  "energy_qaoa_one_state": -11.487228925804368,
  "energy_value_exact": -16
}