{
  "expected_value_gibbs_state": -12.659540928109289,
  "expected_value_one_state": -13.0,
  "energy_qaoa_gibbs_state": -13.984965032387878,
  "energy_qaoa_one_state": -12.999999758561978,
  "energy_value_exact": -15
}