{
  "expected_value_gibbs_state": -17.756188559181656,
  "expected_value_one_state": -18.0,
  "energy_qaoa_gibbs_state": -19.544751620348222,
  "energy_qaoa_one_state": -17.99999986653831,
  "energy_value_exact": -21
}