{
  "expected_value_gibbs_state": -11.34113677492809,
  "expected_value_one_state": -12.0,
  "energy_qaoa_gibbs_state": -12.40979182297459,
  "energy_qaoa_one_state": -12.094528014962377,
  "energy_value_exact": -15
}