{
  "expected_value_gibbs_state": -15.253743416801978,
  "expected_value_one_state": -16.0,
  "energy_qaoa_gibbs_state": -17.872130216873213,
  "energy_qaoa_one_state": -15.9999999879629,
  "energy_value_exact": -19
}