{
  "expected_value_gibbs_state": -17.878338215659717,
  "expected_value_one_state": -18.0,
  "energy_qaoa_gibbs_state": -19.72792128703844,
  "energy_qaoa_one_state": -18.00000035186973,
  "energy_value_exact": -21
}