{
  "expected_value_gibbs_state": -13.369968876142732,
  "expected_value_one_state": -14.0,
  "energy_qaoa_gibbs_state": -14.474778285362964,
  "energy_qaoa_one_state": -14.000000000000153,
  "energy_value_exact": -17
}