{
  "expected_value_gibbs_state": -13.451427650266991,
  "expected_value_one_state": -14.0,
  "energy_qaoa_gibbs_state": -16.022701022889855,
  "energy_qaoa_one_state": -13.64669406717552,
  "energy_value_exact": -17
}