{
  "expected_value_gibbs_state": -14.830688498871158,
  "expected_value_one_state": -15.0,
  "energy_qaoa_gibbs_state": -17.14330501321723,
  "energy_qaoa_one_state": -14.999999758842241,
  "energy_value_exact": -18
}