{
  "expected_value_gibbs_state": -15.755791081846032,
  "expected_value_one_state": -16.0,
  "energy_qaoa_gibbs_state": -17.008060646442758,
  "energy_qaoa_one_state": -16.000000000000288,
  "energy_value_exact": -19
}