{
  "expected_value_gibbs_state": -14.211059154560493,
  "expected_value_one_state": -15.0,
  "energy_qaoa_gibbs_state": -15.490126168640028,
  "energy_qaoa_one_state": -15.000000000000254,
  "energy_value_exact": -18
}