{
  "expected_value_gibbs_state": -11.431177634795457,
  "expected_value_one_state": -12.0,
  "energy_qaoa_gibbs_state": -13.502564305095628,
  "energy_qaoa_one_state": -12.000000000000144,
  "energy_value_exact": -16
}