{
  "expected_value_gibbs_state": -15.237536581123827,
  "expected_value_one_state": -16.0,
  "energy_qaoa_gibbs_state": -17.82137022210597,
  "energy_qaoa_one_state": -15.999999822967029,
  "energy_value_exact": -19
}