{
  "expected_value_gibbs_state": -11.594738476913985,
  "expected_value_one_state": -12.0,
  "energy_qaoa_gibbs_state": -13.467724095187585,
  "energy_qaoa_one_state": -11.999999686700654,
  "energy_value_exact": -14
}