{
  "expected_value_gibbs_state": -13.731467430068058,
  "expected_value_one_state": -14.0,
  "energy_qaoa_gibbs_state": -14.314343474783545,
  "energy_qaoa_one_state": -14.000000000000185,
  "energy_value_exact": -17
}