{
  "expected_value_gibbs_state": -14.079326346798444,
  "expected_value_one_state": -15.0,
  "energy_qaoa_gibbs_state": -16.601746396725552,
  "energy_qaoa_one_state": -14.999999919521047,
  "energy_value_exact": -18
}