{
  "expected_value_gibbs_state": -19.520887579169482,
  "expected_value_one_state": -20.0,
  "energy_qaoa_gibbs_state": -20.821847886441816,
  "energy_qaoa_one_state": -19.999999535597812,
  "energy_value_exact": -22
}