{
  "expected_value_gibbs_state": -11.832586857540896,
  "expected_value_one_state": -12.0,
  "energy_qaoa_gibbs_state": -13.070038664152632,
  "energy_qaoa_one_state": -11.999999832902253,
  "energy_value_exact": -14
}