{
  "expected_value_gibbs_state": -11.853525052495321,
  "expected_value_one_state": -12.0,
  "energy_qaoa_gibbs_state": -12.691002337549342,
  "energy_qaoa_one_state": -12.500000000000068,
  "energy_value_exact": -15
}