{
  "expected_value_gibbs_state": -14.570746355002154,
  "expected_value_one_state": -15.0,
  "energy_qaoa_gibbs_state": -15.701296616141601,
  "energy_qaoa_one_state": -15.00000000000015,
  "energy_value_exact": -18
}