{
  "expected_value_gibbs_state": -16.60943542325423,
  "expected_value_one_state": -17.0,
  "energy_qaoa_gibbs_state": -19.523046329308386,
  "energy_qaoa_one_state": -17.28294407726878,
  "energy_value_exact": -21
}