{
  "expected_value_gibbs_state": -16.14044146619659,
  "expected_value_one_state": -17.0,
  "energy_qaoa_gibbs_state": -18.36924568520537,
  "energy_qaoa_one_state": -17.58018323987993,
  "energy_value_exact": -19
}