{
  "expected_value_gibbs_state": -13.261629015697286,
  "expected_value_one_state": -14.0,
  "energy_qaoa_gibbs_state": -14.47895027268556,
  "energy_qaoa_one_state": -13.999999968546495,
  "energy_value_exact": -15
}