{
  "expected_value_gibbs_state": -19.118828628997314,
  "expected_value_one_state": -20.0,
  "energy_qaoa_gibbs_state": -21.165454219690243,
  "energy_qaoa_one_state": -19.99999984142528,
  "energy_value_exact": -22
}