{
  "expected_value_gibbs_state": -16.22609319810385,
  "expected_value_one_state": -17.0,
  "energy_qaoa_gibbs_state": -16.790546610746134,
  "energy_qaoa_one_state": -17.000000000000206,
  "energy_value_exact": -20
}