{
  "expected_value_gibbs_state": -16.250710047562873,
  "expected_value_one_state": -17.0,
  "energy_qaoa_gibbs_state": -18.006557756864616,
  "energy_qaoa_one_state": -16.999999963569604,
  "energy_value_exact": -19
}