{
  "expected_value_gibbs_state": -14.242416696262762,
  "expected_value_one_state": -15.0,
  "energy_qaoa_gibbs_state": -16.530121395342412,
  "energy_qaoa_one_state": -14.99999978981156,
  "energy_value_exact": -18
}