{
  "expected_value_gibbs_state": -15.946699591995058,
  "expected_value_one_state": -16.0,
  "energy_qaoa_gibbs_state": -17.125448297578274,
  "energy_qaoa_one_state": -15.999999963835165,
  "energy_value_exact": -18
}