{
  "expected_value_gibbs_state": -12.03560596848715,
  "expected_value_one_state": -13.0,
  "energy_qaoa_gibbs_state": -14.59849305647095,
  "energy_qaoa_one_state": -13.000000000000131,
  "energy_value_exact": -16
}