{
  "expected_value_gibbs_state": -15.02211370324203,
  "expected_value_one_state": -16.0,
  "energy_qaoa_gibbs_state": -18.02412341112222,
  "energy_qaoa_one_state": -15.999999768893009,
  "energy_value_exact": -20
}