{
  "expected_value_gibbs_state": -14.428698568035115,
  "expected_value_one_state": -15.0,
  "energy_qaoa_gibbs_state": -16.130120022866965,
  "energy_qaoa_one_state": -14.999999782365643,
  "energy_value_exact": -17
}