{
  "expected_value_gibbs_state": -15.341402127446186,
  "expected_value_one_state": -16.0,
  "energy_qaoa_gibbs_state": -17.49749287934872,
  "energy_qaoa_one_state": -15.999999914795378,
  "energy_value_exact": -19
}