{
  "expected_value_gibbs_state": -11.011204226403034,
  "expected_value_one_state": -12.0,
  "energy_qaoa_gibbs_state": -12.113896523779136,
  "energy_qaoa_one_state": -11.999999950918513,
  "energy_value_exact": -13
}