{
  "expected_value_gibbs_state": -15.739114752069533,
  "expected_value_one_state": -16.0,
  "energy_qaoa_gibbs_state": -16.568864662193587,
  "energy_qaoa_one_state": -16.197334877233423,
  "energy_value_exact": -20
}