{
  "expected_value_gibbs_state": -16.310429109946785,
  "expected_value_one_state": -17.0,
  "energy_qaoa_gibbs_state": -18.098464368619773,
  "energy_qaoa_one_state": -16.999999853444326,
  "energy_value_exact": -19
}