{
  "expected_value_gibbs_state": -14.245906867455421,
  "expected_value_one_state": -15.0,
  "energy_qaoa_gibbs_state": -17.840742667362875,
  "energy_qaoa_one_state": -14.999999934314074,
  "energy_value_exact": -19
}