{
  "expected_value_gibbs_state": -14.227997517465058,
  "expected_value_one_state": -15.0,
  "energy_qaoa_gibbs_state": -17.009393685401946,
  "energy_qaoa_one_state": -14.999999762484013,
  "energy_value_exact": -18
}