{
  "expected_value_gibbs_state": -13.711861275562464,
  "expected_value_one_state": -14.0,
  "energy_qaoa_gibbs_state": -14.52231156508517,
  "energy_qaoa_one_state": -13.99999968664749,
  "energy_value_exact": -15
}