{
  "expected_value_gibbs_state": -13.561038728768162,
  "expected_value_one_state": -14.0,
  "energy_qaoa_gibbs_state": -14.988367589012247,
  "energy_qaoa_one_state": -13.999999812292238,
  "energy_value_exact": -16
}