{
  "expected_value_gibbs_state": -15.208566387719905,
  "expected_value_one_state": -16.0,
  "energy_qaoa_gibbs_state": -17.972591680555034,
  "energy_qaoa_one_state": -15.99999982655398,
  "energy_value_exact": -20
}