{
  "expected_value_gibbs_state": -15.758514066610743,
  "expected_value_one_state": -16.0,
  "energy_qaoa_gibbs_state": -17.55266932835409,
  "energy_qaoa_one_state": -15.999999885681913,
  "energy_value_exact": -19
}