{
  "expected_value_gibbs_state": -13.762430720433999,
  "expected_value_one_state": -14.0,
  "energy_qaoa_gibbs_state": -18.503804304671846,
  "energy_qaoa_one_state": -13.999999561742447,
  "energy_value_exact": -19
}