{
  "expected_value_gibbs_state": -14.428788618259066,
  "expected_value_one_state": -15.0,
  "energy_qaoa_gibbs_state": -15.689465857840645,
  "energy_qaoa_one_state": -14.999999808433312,
  "energy_value_exact": -16
}