{
  "expected_value_gibbs_state": -16.88869603095131,
  "expected_value_one_state": -17.0,
  "energy_qaoa_gibbs_state": -18.109695839939228,
  "energy_qaoa_one_state": -16.999999708264593,
  "energy_value_exact": -19
}