{
  "expected_value_gibbs_state": -14.696997940136356,
  "expected_value_one_state": -15.0,
  "energy_qaoa_gibbs_state": -16.772456838566672,
  "energy_qaoa_one_state": -15.000000000000146,
  "energy_value_exact": -19
}