{
  "expected_value_gibbs_state": -11.506585458815211,
  "expected_value_one_state": -12.0,
  "energy_qaoa_gibbs_state": -14.062578889306616,
  "energy_qaoa_one_state": -11.999999628374262,
  "energy_value_exact": -15
}