{
  "expected_value_gibbs_state": -13.891506345204206,
  "expected_value_one_state": -14.0,
  "energy_qaoa_gibbs_state": -15.536138282942128,
  "energy_qaoa_one_state": -13.999999947208972,
  "energy_value_exact": -16
}