{
  "expected_value_gibbs_state": -14.687472958651847,
  "expected_value_one_state": -15.0,
  "energy_qaoa_gibbs_state": -17.3046871756895,
  "energy_qaoa_one_state": -14.999999866304774,
  "energy_value_exact": -19
}