{
  "expected_value_gibbs_state": -15.369065639614572,
  "expected_value_one_state": -16.0,
  "energy_qaoa_gibbs_state": -17.978277785459355,
  "energy_qaoa_one_state": -15.999999947044232,
  "energy_value_exact": -20
}