{
  "expected_value_gibbs_state": -16.9484095231809,
  "expected_value_one_state": -17.0,
  "energy_qaoa_gibbs_state": -19.894065416031236,
  "energy_qaoa_one_state": -16.999999826513424,
  "energy_value_exact": -21
}