{
  "expected_value_gibbs_state": -12.633099470706451,
  "expected_value_one_state": -13.0,
  "energy_qaoa_gibbs_state": -14.87850849101392,
  "energy_qaoa_one_state": -12.999999842430599,
  "energy_value_exact": -16
}