{
  "expected_value_gibbs_state": -18.3286053776035,
  "expected_value_one_state": -19.0,
  "energy_qaoa_gibbs_state": -19.460601940560288,
  "energy_qaoa_one_state": -18.99999955794998,
  "energy_value_exact": -20
}