{
  "expected_value_gibbs_state": -14.78013347744937,
  "expected_value_one_state": -15.0,
  "energy_qaoa_gibbs_state": -18.711905301667368,
  "energy_qaoa_one_state": -14.999999879170117,
  "energy_value_exact": -19
}