{
  "expected_value_gibbs_state": -12.654567560701484,
  "expected_value_one_state": -13.0,
  "energy_qaoa_gibbs_state": -14.780186398864343,
  "energy_qaoa_one_state": -12.999999832594101,
  "energy_value_exact": -16
}