{
  "expected_value_gibbs_state": -11.636950708375712,
  "expected_value_one_state": -12.0,
  "energy_qaoa_gibbs_state": -14.451128017889893,
  "energy_qaoa_one_state": -11.999999747870882,
  "energy_value_exact": -15
}