{
  "expected_value_gibbs_state": -14.644811051393038,
  "expected_value_one_state": -15.0,
  "energy_qaoa_gibbs_state": -17.06998668102489,
  "energy_qaoa_one_state": -14.999999883565351,
  "energy_value_exact": -18
}