{
  "expected_value_gibbs_state": -13.565817664185225,
  "expected_value_one_state": -14.0,
  "energy_qaoa_gibbs_state": -17.297472056659124,
  "energy_qaoa_one_state": -13.999999831198577,
  "energy_value_exact": -18
}