{
  "expected_value_gibbs_state": -15.200182766778502,
  "expected_value_one_state": -16.0,
  "energy_qaoa_gibbs_state": -17.74872927510795,
  "energy_qaoa_one_state": -16.641348817560157,
  "energy_value_exact": -19
}