{
  "expected_value_gibbs_state": -11.80185444179163,
  "expected_value_one_state": -12.0,
  "energy_qaoa_gibbs_state": -13.340484867128485,
  "energy_qaoa_one_state": -11.876688269815315,
  "energy_value_exact": -15
}