{
  "expected_value_gibbs_state": -13.974288744500997,
  "expected_value_one_state": -14.0,
  "energy_qaoa_gibbs_state": -15.145818442329993,
  "energy_qaoa_one_state": -13.999999530293206,
  "energy_value_exact": -16
}