{
  "expected_value_gibbs_state": -14.126767851521384,
  "expected_value_one_state": -15.0,
  "energy_qaoa_gibbs_state": -15.144943615838391,
  "energy_qaoa_one_state": -14.999999687810066,
  "energy_value_exact": -16
}