{
  "expected_value_gibbs_state": -13.24216107356556,
  "expected_value_one_state": -14.0,
  "energy_qaoa_gibbs_state": -14.698889597108257,
  "energy_qaoa_one_state": -13.999999668349174,
  "energy_value_exact": -16
}