{
  "expected_value_gibbs_state": -12.575651104315131,
  "expected_value_one_state": -13.0,
  "energy_qaoa_gibbs_state": -15.403651912779504,
  "energy_qaoa_one_state": -12.999999957750921,
  "energy_value_exact": -16
}