{
  "expected_value_gibbs_state": -15.69046413444035,
  "expected_value_one_state": -16.0,
  "energy_qaoa_gibbs_state": -18.118365100836883,
  "energy_qaoa_one_state": -15.999999977292765,
  "energy_value_exact": -20
}