{
  "expected_value_gibbs_state": -16.005184300677737,
  "expected_value_one_state": -17.0,
  "energy_qaoa_gibbs_state": -19.325331663940247,
  "energy_qaoa_one_state": -16.999999601479495,
  "energy_value_exact": -20
}