{
  "expected_value_gibbs_state": -12.388265832209767,
  "expected_value_one_state": -13.0,
  "energy_qaoa_gibbs_state": -14.212665406512102,
  "energy_qaoa_one_state": -12.999999958710877,
  "energy_value_exact": -15
}