{
  "expected_value_gibbs_state": -12.677377536372338,
  "expected_value_one_state": -13.0,
  "energy_qaoa_gibbs_state": -13.681547734817585,
  "energy_qaoa_one_state": -12.999999670597532,
  "energy_value_exact": -14
}