{
  "expected_value_gibbs_state": -14.268445228751261,
  "expected_value_one_state": -15.0,
  "energy_qaoa_gibbs_state": -16.636760623212393,
  "energy_qaoa_one_state": -14.99999977540779,
  "energy_value_exact": -18
}