{
  "expected_value_gibbs_state": -10.945178476333336,
  "expected_value_one_state": -11.0,
  "energy_qaoa_gibbs_state": -13.413131318609752,
  "energy_qaoa_one_state": -11.100986935722505,
  "energy_value_exact": -15
}