{
  "expected_value_gibbs_state": -15.737491654108476,
  "expected_value_one_state": -16.0,
  "energy_qaoa_gibbs_state": -17.862550212135332,
  "energy_qaoa_one_state": -15.490184928354655,
  "energy_value_exact": -19
}