{
  "expected_value_gibbs_state": -14.896899543943046,
  "expected_value_one_state": -15.0,
  "energy_qaoa_gibbs_state": -16.085963251565705,
  "energy_qaoa_one_state": -14.999999632565672,
  "energy_value_exact": -17
}