{
  "expected_value_gibbs_state": -14.233195091701493,
  "expected_value_one_state": -15.0,
  "energy_qaoa_gibbs_state": -18.66866257380122,
  "energy_qaoa_one_state": -14.999999799868116,
  "energy_value_exact": -19
}