{
  "expected_value_gibbs_state": -13.126099284284848,
  "expected_value_one_state": -14.0,
  "energy_qaoa_gibbs_state": -14.607487183408246,
  "energy_qaoa_one_state": -13.999999607890429,
  "energy_value_exact": -15
}