{
  "expected_value_gibbs_state": -17.783439724935505,
  "expected_value_one_state": -18.0,
  "energy_qaoa_gibbs_state": -21.38148346960469,
  "energy_qaoa_one_state": -18.329912164834408,
  "energy_value_exact": -22
}