{
  "expected_value_gibbs_state": -10.166500737379604,
  "expected_value_one_state": -11.0,
  "energy_qaoa_gibbs_state": -12.057266764209114,
  "energy_qaoa_one_state": -10.999999783104794,
  "energy_value_exact": -13
}