{
  "expected_value_gibbs_state": -17.314973118942778,
  "expected_value_one_state": -18.0,
  "energy_qaoa_gibbs_state": -21.351787136499716,
  "energy_qaoa_one_state": -17.999999661959553,
  "energy_value_exact": -23
}