{
  "expected_value_gibbs_state": -13.543088404438974,
  "expected_value_one_state": -14.0,
  "energy_qaoa_gibbs_state": -15.433932811779256,
  "energy_qaoa_one_state": -13.999999749784322,
  "energy_value_exact": -16
}