{
  "expected_value_gibbs_state": -16.18610569974924,
  "expected_value_one_state": -17.0,
  "energy_qaoa_gibbs_state": -17.992730578291,
  "energy_qaoa_one_state": -16.99999948339998,
  "energy_value_exact": -19
}