{
  "expected_value_gibbs_state": -16.724670142552863,
  "expected_value_one_state": -17.0,
  "energy_qaoa_gibbs_state": -19.22977969415011,
  "energy_qaoa_one_state": -16.999999990520195,
  "energy_value_exact": -21
}