{
  "expected_value_gibbs_state": -14.691401748766033,
  "expected_value_one_state": -15.0,
  "energy_qaoa_gibbs_state": -17.05885427401812,
  "energy_qaoa_one_state": -14.99999980223654,
  "energy_value_exact": -18
}