{
  "expected_value_gibbs_state": -17.45450441620601,
  "expected_value_one_state": -18.0,
  "energy_qaoa_gibbs_state": -20.84179282508317,
  "energy_qaoa_one_state": -17.99999980195436,
  "energy_value_exact": -22
}