{
  "expected_value_gibbs_state": -14.941661268956508,
  "expected_value_one_state": -15.0,
  "energy_qaoa_gibbs_state": -18.022194443583732,
  "energy_qaoa_one_state": -14.999999789363486,
  "energy_value_exact": -19
}