{
  "expected_value_gibbs_state": -14.52506711259956,
  "expected_value_one_state": -15.0,
  "energy_qaoa_gibbs_state": -19.25166228485699,
  "energy_qaoa_one_state": -14.99999989072361,
  "energy_value_exact": -20
}