{
  "expected_value_gibbs_state": -12.867038833344287,
  "expected_value_one_state": -13.0,
  "energy_qaoa_gibbs_state": -14.37082125559791,
  "energy_qaoa_one_state": -12.999999772023829,
  "energy_value_exact": -15
}