{
  "expected_value_gibbs_state": -17.430893069273335,
  "expected_value_one_state": -18.0,
  "energy_qaoa_gibbs_state": -19.80657911219088,
  "energy_qaoa_one_state": -18.223247151174416,
  "energy_value_exact": -21
}