{
  "expected_value_gibbs_state": -14.898968404498762,
  "expected_value_one_state": -15.0,
  "energy_qaoa_gibbs_state": -18.288118992290787,
  "energy_qaoa_one_state": -15.247910993731185,
  "energy_value_exact": -19
}