{
  "expected_value_gibbs_state": -11.52322830889008,
  "expected_value_one_state": -12.0,
  "energy_qaoa_gibbs_state": -14.014655814720987,
  "energy_qaoa_one_state": -11.999999761764645,
  "energy_value_exact": -15
}