{
  "expected_value_gibbs_state": -13.236606995405191,
  "expected_value_one_state": -14.0,
  "energy_qaoa_gibbs_state": -15.59650985985855,
  "energy_qaoa_one_state": -13.999999883170625,
  "energy_value_exact": -17
}