{
  "expected_value_gibbs_state": -13.426088135212792,
  "expected_value_one_state": -14.0,
  "energy_qaoa_gibbs_state": -15.885344159931519,
  "energy_qaoa_one_state": -13.919446207782036,
  "energy_value_exact": -18
}