{
  "expected_value_gibbs_state": -12.44752193806554,
  "expected_value_one_state": -13.0,
  "energy_qaoa_gibbs_state": -14.462710945205608,
  "energy_qaoa_one_state": -12.999999714823762,
  "energy_value_exact": -15
}