{
  "expected_value_gibbs_state": -16.31924673570222,
  "expected_value_one_state": -17.0,
  "energy_qaoa_gibbs_state": -17.40307889605839,
  "energy_qaoa_one_state": -16.999999732295468,
  "energy_value_exact": -18
}