{
  "expected_value_gibbs_state": -11.513298499243694,
  "expected_value_one_state": -12.0,
  "energy_qaoa_gibbs_state": -12.866048932918705,
  "energy_qaoa_one_state": -12.184882840133083,
  "energy_value_exact": -16
}