{
  "expected_value_gibbs_state": -11.762250016208966,
  "expected_value_one_state": -12.0,
  "energy_qaoa_gibbs_state": -13.13414152307773,
  "energy_qaoa_one_state": -11.999999645613732,
  "energy_value_exact": -14
}