{
  "expected_value_gibbs_state": -15.749572441600387,
  "expected_value_one_state": -16.0,
  "energy_qaoa_gibbs_state": -17.550222713883347,
  "energy_qaoa_one_state": -16.277915500965044,
  "energy_value_exact": -19
}