{
  "expected_value_gibbs_state": -13.678505139618805,
  "expected_value_one_state": -14.0,
  "energy_qaoa_gibbs_state": -15.708666450401717,
  "energy_qaoa_one_state": -13.999999976334832,
  "energy_value_exact": -17
}