{
  "expected_value_gibbs_state": -12.205378184075512,
  "expected_value_one_state": -13.0,
  "energy_qaoa_gibbs_state": -13.715596014904623,
  "energy_qaoa_one_state": -12.999999949088018,
  "energy_value_exact": -15
}