{
  "expected_value_gibbs_state": -11.360124896711577,
  "expected_value_one_state": -12.0,
  "energy_qaoa_gibbs_state": -13.67287432902794,
  "energy_qaoa_one_state": -12.000000000000162,
  "energy_value_exact": -15
}