{
  "expected_value_gibbs_state": -17.20956420668243,
  "expected_value_one_state": -18.0,
  "energy_qaoa_gibbs_state": -20.175679564399857,
  "energy_qaoa_one_state": -17.999999845959827,
  "energy_value_exact": -21
}