{
  "expected_value_gibbs_state": -17.31974717536413,
  "expected_value_one_state": -18.0,
  "energy_qaoa_gibbs_state": -19.973410136179258,
  "energy_qaoa_one_state": -17.999999918814794,
  "energy_value_exact": -22
}