{
  "expected_value_gibbs_state": -16.53030580362576,
  "expected_value_one_state": -17.0,
  "energy_qaoa_gibbs_state": -18.97362819859884,
  "energy_qaoa_one_state": -16.99999995219716,
  "energy_value_exact": -20
}