{
  "expected_value_gibbs_state": -14.087812914033696,
  "expected_value_one_state": -15.0,
  "energy_qaoa_gibbs_state": -16.484222154286012,
  "energy_qaoa_one_state": -15.180358700383996,
  "energy_value_exact": -17
}