{
  "expected_value_gibbs_state": -14.450193931319673,
  "expected_value_one_state": -15.0,
  "energy_qaoa_gibbs_state": -18.515883241682058,
  "energy_qaoa_one_state": -15.235118891072258,
  "energy_value_exact": -20
}