{
  "expected_value_gibbs_state": -13.481125876490571,
  "expected_value_one_state": -14.0,
  "energy_qaoa_gibbs_state": -15.116859191807926,
  "energy_qaoa_one_state": -13.999999974855507,
  "energy_value_exact": -16
}