{
  "expected_value_gibbs_state": -17.34064087871892,
  "expected_value_one_state": -18.0,
  "energy_qaoa_gibbs_state": -21.151992055403497,
  "energy_qaoa_one_state": -18.237497554633695,
  "energy_value_exact": -22
}