{
  "expected_value_gibbs_state": -18.123287521833454,
  "expected_value_one_state": -19.0,
  "energy_qaoa_gibbs_state": -20.253635821878458,
  "energy_qaoa_one_state": -18.999999854605875,
  "energy_value_exact": -22
}