{
  "expected_value_gibbs_state": -14.421547898777252,
  "expected_value_one_state": -15.0,
  "energy_qaoa_gibbs_state": -15.573251845145776,
  "energy_qaoa_one_state": -14.99999953360093,
  "energy_value_exact": -16
}