{
  "expected_value_gibbs_state": -15.543807705676613,
  "expected_value_one_state": -16.0,
  "energy_qaoa_gibbs_state": -18.121738421962775,
  "energy_qaoa_one_state": -16.204497597944112,
  "energy_value_exact": -19
}