{
  "expected_value_gibbs_state": -12.325279247546568,
  "expected_value_one_state": -13.0,
  "energy_qaoa_gibbs_state": -14.279378905979833,
  "energy_qaoa_one_state": -12.999999715881637,
  "energy_value_exact": -15
}