{
  "expected_value_gibbs_state": -18.36234041745544,
  "expected_value_one_state": -19.0,
  "energy_qaoa_gibbs_state": -21.161420120883676,
  "energy_qaoa_one_state": -18.99999987949475,
  "energy_value_exact": -23
}