{
  "expected_value_gibbs_state": -11.795335726070022,
  "expected_value_one_state": -12.0,
  "energy_qaoa_gibbs_state": -12.542863172957784,
  "energy_qaoa_one_state": -12.984659369709737,
  "energy_value_exact": -15
}