{
  "expected_value_gibbs_state": -12.02136514213111,
  "expected_value_one_state": -13.0,
  "energy_qaoa_gibbs_state": -14.750995534464742,
  "energy_qaoa_one_state": -12.999999999999753,
  "energy_value_exact": -16
}