{
  "expected_value_gibbs_state": -12.697778770302257,
  "expected_value_one_state": -13.0,
  "energy_qaoa_gibbs_state": -15.31372107730787,
  "energy_qaoa_one_state": -13.000000000000064,
  "energy_value_exact": -17
}