{
  "expected_value_gibbs_state": -15.699572107186857,
  "expected_value_one_state": -16.0,
  "energy_qaoa_gibbs_state": -17.528062596469475,
  "energy_qaoa_one_state": -16.00000000000011,
  "energy_value_exact": -19
}