{
  "expected_value_gibbs_state": -16.83084184838592,
  "expected_value_one_state": -17.0,
  "energy_qaoa_gibbs_state": -20.279564175762587,
  "energy_qaoa_one_state": -16.999999579495203,
  "energy_value_exact": -21
}