{
  "expected_value_gibbs_state": -12.55408673593207,
  "expected_value_one_state": -13.0,
  "energy_qaoa_gibbs_state": -13.937780203080171,
  "energy_qaoa_one_state": -12.999999598374943,
  "energy_value_exact": -15
}