{
  "expected_value_gibbs_state": -14.780341728615864,
  "expected_value_one_state": -15.0,
  "energy_qaoa_gibbs_state": -16.862900417777194,
  "energy_qaoa_one_state": -14.999999884764458,
  "energy_value_exact": -18
}