{
  "expected_value_gibbs_state": -14.863927841888376,
  "expected_value_one_state": -15.0,
  "energy_qaoa_gibbs_state": -15.393519949755891,
  "energy_qaoa_one_state": -14.682592230920186,
  "energy_value_exact": -19
}