{
  "expected_value_gibbs_state": -12.636411455740781,
  "expected_value_one_state": -13.0,
  "energy_qaoa_gibbs_state": -14.726352535917915,
  "energy_qaoa_one_state": -12.917369586046496,
  "energy_value_exact": -17
}