{
  "expected_value_gibbs_state": -17.627067875883412,
  "expected_value_one_state": -18.0,
  "energy_qaoa_gibbs_state": -19.580984223493207,
  "energy_qaoa_one_state": -17.999999976748665,
  "energy_value_exact": -21
}