{
  "expected_value_gibbs_state": -16.09752863003023,
  "expected_value_one_state": -17.0,
  "energy_qaoa_gibbs_state": -18.430399436774568,
  "energy_qaoa_one_state": -16.99999990506788,
  "energy_value_exact": -20
}