{
  "expected_value_gibbs_state": -15.434460652136138,
  "expected_value_one_state": -16.0,
  "energy_qaoa_gibbs_state": -17.904097419414924,
  "energy_qaoa_one_state": -15.999999927282152,
  "energy_value_exact": -20
}