{
  "expected_value_gibbs_state": -11.857201816181487,
  "expected_value_one_state": -12.0,
  "energy_qaoa_gibbs_state": -13.498095166747365,
  "energy_qaoa_one_state": -11.99999976135495,
  "energy_value_exact": -14
}