{
  "expected_value_gibbs_state": -13.561018484377863,
  "expected_value_one_state": -14.0,
  "energy_qaoa_gibbs_state": -14.728852333414471,
  "energy_qaoa_one_state": -13.949791428558195,
  "energy_value_exact": -16
}