{
  "expected_value_gibbs_state": -15.32158903398892,
  "expected_value_one_state": -16.0,
  "energy_qaoa_gibbs_state": -17.82898874851915,
  "energy_qaoa_one_state": -15.455921339520977,
  "energy_value_exact": -19
}