{
  "expected_value_gibbs_state": -18.763617934274976,
  "expected_value_one_state": -19.0,
  "energy_qaoa_gibbs_state": -21.133292014349134,
  "energy_qaoa_one_state": -18.999999939301816,
  "energy_value_exact": -23
}