{
  "expected_value_gibbs_state": -14.932489082863842,
  "expected_value_one_state": -15.0,
  "energy_qaoa_gibbs_state": -17.245672874871122,
  "energy_qaoa_one_state": -14.999999844514525,
  "energy_value_exact": -18
}