{
  "expected_value_gibbs_state": -14.634525751439154,
  "expected_value_one_state": -15.0,
  "energy_qaoa_gibbs_state": -17.171792794345947,
  "energy_qaoa_one_state": -14.999999825635753,
  "energy_value_exact": -19
}