{
  "expected_value_gibbs_state": -18.938292951453867,
  "expected_value_one_state": -19.0,
  "energy_qaoa_gibbs_state": -21.017442215899308,
  "energy_qaoa_one_state": -18.999999861553597,
  "energy_value_exact": -22
}