{
  "expected_value_gibbs_state": -13.494598504019455,
  "expected_value_one_state": -14.0,
  "energy_qaoa_gibbs_state": -15.766930209174179,
  "energy_qaoa_one_state": -13.99999980185477,
  "energy_value_exact": -17
}