{
  "expected_value_gibbs_state": -17.997741283287226,
  "expected_value_one_state": -18.0,
  "energy_qaoa_gibbs_state": -19.39286886033901,
  "energy_qaoa_one_state": -17.999999968161767,
  "energy_value_exact": -20
}