{
  "expected_value_gibbs_state": -14.509470957630406,
  "expected_value_one_state": -15.0,
  "energy_qaoa_gibbs_state": -15.309093919717597,
  "energy_qaoa_one_state": -14.49882155104617,
  "energy_value_exact": -17
}