{
  "expected_value_gibbs_state": -13.669626758460929,
  "expected_value_one_state": -14.0,
  "energy_qaoa_gibbs_state": -15.807987192838771,
  "energy_qaoa_one_state": -13.999999840104358,
  "energy_value_exact": -17
}