{
  "expected_value_gibbs_state": -16.830864303261173,
  "expected_value_one_state": -17.0,
  "energy_qaoa_gibbs_state": -18.97636620017118,
  "energy_qaoa_one_state": -16.999999751576926,
  "energy_value_exact": -20
}