{
  "expected_value_gibbs_state": -12.558852993686195,
  "expected_value_one_state": -13.0,
  "energy_qaoa_gibbs_state": -14.440693636959713,
  "energy_qaoa_one_state": -12.999999700038991,
  "energy_value_exact": -15
}