{
  "expected_value_gibbs_state": -13.50991409280477,
  "expected_value_one_state": -14.0,
  "energy_qaoa_gibbs_state": -15.024875455002778,
  "energy_qaoa_one_state": -13.999999506444418,
  "energy_value_exact": -16
}