{
  "expected_value_gibbs_state": -13.98844196195893,
  "expected_value_one_state": -14.0,
  "energy_qaoa_gibbs_state": -17.499956998941535,
  "energy_qaoa_one_state": -13.869260015578481,
  "energy_value_exact": -18
}