{
  "expected_value_gibbs_state": -17.547879039628768,
  "expected_value_one_state": -18.0,
  "energy_qaoa_gibbs_state": -19.177284319570287,
  "energy_qaoa_one_state": -17.99999936000973,
  "energy_value_exact": -20
}