{
  "expected_value_gibbs_state": -12.605591881949968,
  "expected_value_one_state": -13.0,
  "energy_qaoa_gibbs_state": -13.760805131782522,
  "energy_qaoa_one_state": -13.013243248540716,
  "energy_value_exact": -16
}