{
  "expected_value_gibbs_state": -16.749021288217445,
  "expected_value_one_state": -17.0,
  "energy_qaoa_gibbs_state": -17.869029537741653,
  "energy_qaoa_one_state": -17.511641917816014,
  "energy_value_exact": -20
}