{
  "expected_value_gibbs_state": -16.690635810686317,
  "expected_value_one_state": -17.0,
  "energy_qaoa_gibbs_state": -18.91620651767027,
  "energy_qaoa_one_state": -16.999999861676258,
  "energy_value_exact": -21
}