{
  "expected_value_gibbs_state": -14.570630036953842,
  "expected_value_one_state": -15.0,
  "energy_qaoa_gibbs_state": -16.133692004442214,
  "energy_qaoa_one_state": -14.999999581346742,
  "energy_value_exact": -17
}