{
  "expected_value_gibbs_state": -16.69792236793085,
  "expected_value_one_state": -17.0,
  "energy_qaoa_gibbs_state": -19.61357404288298,
  "energy_qaoa_one_state": -16.999999789683798,
  "energy_value_exact": -21
}