{
  "expected_value_gibbs_state": -15.833003809717363,
  "expected_value_one_state": -16.0,
  "energy_qaoa_gibbs_state": -17.947588915653988,
  "energy_qaoa_one_state": -15.999999854546836,
  "energy_value_exact": -20
}