{
  "expected_value_gibbs_state": -13.255570817883777,
  "expected_value_one_state": -14.0,
  "energy_qaoa_gibbs_state": -14.71344127661055,
  "energy_qaoa_one_state": -13.999999531117194,
  "energy_value_exact": -15
}