{
  "expected_value_gibbs_state": -16.065337331624093,
  "expected_value_one_state": -17.0,
  "energy_qaoa_gibbs_state": -17.47066863240259,
  "energy_qaoa_one_state": -16.999999685328973,
  "energy_value_exact": -18
}