{
  "expected_value_gibbs_state": -14.174206920777523,
  "expected_value_one_state": -15.0,
  "energy_qaoa_gibbs_state": -15.493330264823449,
  "energy_qaoa_one_state": -14.99999952248714,
  "energy_value_exact": -16
}