{
  "expected_value_gibbs_state": -13.924016046079965,
  "expected_value_one_state": -14.0,
  "energy_qaoa_gibbs_state": -16.840012091133175,
  "energy_qaoa_one_state": -13.9999998435509,
  "energy_value_exact": -18
}