{
  "expected_value_gibbs_state": -16.13544205489858,
  "expected_value_one_state": -17.0,
  "energy_qaoa_gibbs_state": -19.212472416220322,
  "energy_qaoa_one_state": -16.999999872547093,
  "energy_value_exact": -21
}