{
  "expected_value_gibbs_state": -14.064341799544167,
  "expected_value_one_state": -15.0,
  "energy_qaoa_gibbs_state": -15.635129626250022,
  "energy_qaoa_one_state": -14.999999704550618,
  "energy_value_exact": -17
}