{
  "expected_value_gibbs_state": -15.311634891644832,
  "expected_value_one_state": -16.0,
  "energy_qaoa_gibbs_state": -17.963697184935327,
  "energy_qaoa_one_state": -15.99999973091023,
  "energy_value_exact": -19
}