{
  "expected_value_gibbs_state": -12.968714413246294,
  "expected_value_one_state": -13.0,
  "energy_qaoa_gibbs_state": -16.204247711635574,
  "energy_qaoa_one_state": -13.415156314933238,
  "energy_value_exact": -18
}