{
  "expected_value_gibbs_state": -13.628095318283002,
  "expected_value_one_state": -14.0,
  "energy_qaoa_gibbs_state": -16.16252913862123,
  "energy_qaoa_one_state": -13.999999999999424,
  "energy_value_exact": -17
}