{
  "expected_value_gibbs_state": -17.52869895808895,
  "expected_value_one_state": -18.0,
  "energy_qaoa_gibbs_state": -19.797509244770524,
  "energy_qaoa_one_state": -17.99999979511002,
  "energy_value_exact": -21
}