{
  "expected_value_gibbs_state": -17.063714489562805,
  "expected_value_one_state": -18.0,
  "energy_qaoa_gibbs_state": -18.618727812147846,
  "energy_qaoa_one_state": -17.999999976050177,
  "energy_value_exact": -20
}