{
  "expected_value_gibbs_state": -15.689158978041823,
  "expected_value_one_state": -16.0,
  "energy_qaoa_gibbs_state": -18.626470439297513,
  "energy_qaoa_one_state": -15.999999972696877,
  "energy_value_exact": -21
}