{
  "expected_value_gibbs_state": -16.72209031968073,
  "expected_value_one_state": -17.0,
  "energy_qaoa_gibbs_state": -19.28111360526581,
  "energy_qaoa_one_state": -17.290446534853217,
  "energy_value_exact": -20
}