{
  "expected_value_gibbs_state": -9.708246091218816,
  "expected_value_one_state": -10.0,
  "energy_qaoa_gibbs_state": -11.58174185167697,
  "energy_qaoa_one_state": -10.00000000000006,
  "energy_value_exact": -13
}