{
  "expected_value_gibbs_state": -14.67016876938349,
  "expected_value_one_state": -15.0,
  "energy_qaoa_gibbs_state": -16.003817050578593,
  "energy_qaoa_one_state": -15.000000000000163,
  "energy_value_exact": -19
}