{
  "expected_value_gibbs_state": -16.17123448293621,
  "expected_value_one_state": -17.0,
  "energy_qaoa_gibbs_state": -19.35949015827834,
  "energy_qaoa_one_state": -16.99999974666044,
  "energy_value_exact": -21
}