{
  "expected_value_gibbs_state": -16.485036317121864,
  "expected_value_one_state": -17.0,
  "energy_qaoa_gibbs_state": -18.462489006589266,
  "energy_qaoa_one_state": -16.999999663836668,
  "energy_value_exact": -19
}