{
  "expected_value_gibbs_state": -12.690304848516302,
  "expected_value_one_state": -13.0,
  "energy_qaoa_gibbs_state": -15.415686941826653,
  "energy_qaoa_one_state": -12.891629809959705,
  "energy_value_exact": -16
}