{
  "expected_value_gibbs_state": -14.353037457923316,
  "expected_value_one_state": -15.0,
  "energy_qaoa_gibbs_state": -15.662172283909467,
  "energy_qaoa_one_state": -15.00000000000026,
  "energy_value_exact": -19
}