{
  "expected_value_gibbs_state": -17.306659412358336,
  "expected_value_one_state": -18.0,
  "energy_qaoa_gibbs_state": -20.385646894472508,
  "energy_qaoa_one_state": -18.437158147615317,
  "energy_value_exact": -22
}