{
  "expected_value_gibbs_state": -15.027124050162685,
  "expected_value_one_state": -16.0,
  "energy_qaoa_gibbs_state": -16.905055043555045,
  "energy_qaoa_one_state": -15.589785987060619,
  "energy_value_exact": -18
}