{
  "expected_value_gibbs_state": -15.463653796891812,
  "expected_value_one_state": -16.0,
  "energy_qaoa_gibbs_state": -18.42350439130529,
  "energy_qaoa_one_state": -16.00000003372623,
  "energy_value_exact": -19
}