{
  "expected_value_gibbs_state": -16.916876473634797,
  "expected_value_one_state": -17.0,
  "energy_qaoa_gibbs_state": -19.901721120303804,
  "energy_qaoa_one_state": -17.3072166616219,
  "energy_value_exact": -21
}