{
  "expected_value_gibbs_state": -17.607698601097145,
  "expected_value_one_state": -18.0,
  "energy_qaoa_gibbs_state": -19.19468468661506,
  "energy_qaoa_one_state": -17.99999957185649,
  "energy_value_exact": -20
}