{
  "expected_value_gibbs_state": -14.605446851736025,
  "expected_value_one_state": -15.0,
  "energy_qaoa_gibbs_state": -17.979348702898587,
  "energy_qaoa_one_state": -14.999999817631778,
  "energy_value_exact": -19
}