{
  "expected_value_gibbs_state": -15.838733335089694,
  "expected_value_one_state": -16.0,
  "energy_qaoa_gibbs_state": -16.984379077615703,
  "energy_qaoa_one_state": -15.999999969221816,
  "energy_value_exact": -18
}