{
  "expected_value_gibbs_state": -13.438045359942553,
  "expected_value_one_state": -14.0,
  "energy_qaoa_gibbs_state": -15.311884289841261,
  "energy_qaoa_one_state": -13.999999893666375,
  "energy_value_exact": -16
}