{
  "expected_value_gibbs_state": -15.83080076998444,
  "expected_value_one_state": -16.0,
  "energy_qaoa_gibbs_state": -17.771829665077654,
  "energy_qaoa_one_state": -15.999999833524708,
  "energy_value_exact": -19
}