{
  "expected_value_gibbs_state": -13.635410175340416,
  "expected_value_one_state": -14.0,
  "energy_qaoa_gibbs_state": -15.581549240937736,
  "energy_qaoa_one_state": -13.999999704245656,
  "energy_value_exact": -16
}