{
  "expected_value_gibbs_state": -17.6144982873204,
  "expected_value_one_state": -18.0,
  "energy_qaoa_gibbs_state": -18.849480577016802,
  "energy_qaoa_one_state": -18.00000000000019,
  "energy_value_exact": -22
}