{
  "expected_value_gibbs_state": -13.067029148324728,
  "expected_value_one_state": -14.0,
  "energy_qaoa_gibbs_state": -15.945378739105319,
  "energy_qaoa_one_state": -13.999999758841456,
  "energy_value_exact": -18
}