{
  "expected_value_gibbs_state": -15.350991495525188,
  "expected_value_one_state": -16.0,
  "energy_qaoa_gibbs_state": -17.57066619828983,
  "energy_qaoa_one_state": -15.999999798178266,
  "energy_value_exact": -19
}