{
  "expected_value_gibbs_state": -14.03244775737193,
  "expected_value_one_state": -15.0,
  "energy_qaoa_gibbs_state": -16.28461494871057,
  "energy_qaoa_one_state": -14.999999747268156,
  "energy_value_exact": -17
}