{
  "expected_value_gibbs_state": -16.05193531845554,
  "expected_value_one_state": -17.0,
  "energy_qaoa_gibbs_state": -18.543500446822275,
  "energy_qaoa_one_state": -16.999999775248813,
  "energy_value_exact": -20
}