{
  "expected_value_gibbs_state": -11.9393784681401,
  "expected_value_one_state": -12.0,
  "energy_qaoa_gibbs_state": -13.89888020278029,
  "energy_qaoa_one_state": -11.99999977315982,
  "energy_value_exact": -15
}