{
  "expected_value_gibbs_state": -13.860470786898905,
  "expected_value_one_state": -14.0,
  "energy_qaoa_gibbs_state": -15.077672734634131,
  "energy_qaoa_one_state": -13.999999839412236,
  "energy_value_exact": -16
}