{
  "expected_value_gibbs_state": -18.000985371896878,
  "expected_value_one_state": -19.0,
  "energy_qaoa_gibbs_state": -20.17755685569175,
  "energy_qaoa_one_state": -18.99999969340974,
  "energy_value_exact": -22
}