{
  "expected_value_gibbs_state": -15.282096559910443,
  "expected_value_one_state": -16.0,
  "energy_qaoa_gibbs_state": -17.432712413981633,
  "energy_qaoa_one_state": -15.999999949475805,
  "energy_value_exact": -19
}