{
  "expected_value_gibbs_state": -17.155356242358575,
  "expected_value_one_state": -18.0,
  "energy_qaoa_gibbs_state": -19.964089494843243,
  "energy_qaoa_one_state": -17.999999956684753,
  "energy_value_exact": -21
}