{
  "expected_value_gibbs_state": -13.002752822424123,
  "expected_value_one_state": -14.0,
  "energy_qaoa_gibbs_state": -15.371412978766001,
  "energy_qaoa_one_state": -13.999999999991259,
  "energy_value_exact": -16
}