{
  "expected_value_gibbs_state": -13.574589188175068,
  "expected_value_one_state": -14.0,
  "energy_qaoa_gibbs_state": -16.049486974648612,
  "energy_qaoa_one_state": -13.99999985760144,
  "energy_value_exact": -17
}