{
  "expected_value_gibbs_state": -16.793878431595076,
  "expected_value_one_state": -17.0,
  "energy_qaoa_gibbs_state": -18.282404783128506,
  "energy_qaoa_one_state": -16.999999481046686,
  "energy_value_exact": -19
}