{
  "expected_value_gibbs_state": -15.43749971777277,
  "expected_value_one_state": -16.0,
  "energy_qaoa_gibbs_state": -18.971307559030187,
  "energy_qaoa_one_state": -15.999999741004093,
  "energy_value_exact": -20
}