{
  "expected_value_gibbs_state": -15.71563240092368,
  "expected_value_one_state": -16.0,
  "energy_qaoa_gibbs_state": -17.861059492802745,
  "energy_qaoa_one_state": -15.999999780469361,
  "energy_value_exact": -19
}