{
  "expected_value_gibbs_state": -11.903817290436596,
  "expected_value_one_state": -12.0,
  "energy_qaoa_gibbs_state": -14.220452362536324,
  "energy_qaoa_one_state": -11.999999917400707,
  "energy_value_exact": -15
}