{
  "expected_value_gibbs_state": -17.00575727542772,
  "expected_value_one_state": -18.0,
  "energy_qaoa_gibbs_state": -18.082583480907036,
  "energy_qaoa_one_state": -17.999999945927613,
  "energy_value_exact": -19
}