{
  "expected_value_gibbs_state": -14.33519652033266,
  "expected_value_one_state": -15.0,
  "energy_qaoa_gibbs_state": -15.634873852072676,
  "energy_qaoa_one_state": -14.999999838285051,
  "energy_value_exact": -16
}