{
  "expected_value_gibbs_state": -16.55175662927154,
  "expected_value_one_state": -17.0,
  "energy_qaoa_gibbs_state": -19.365719445410594,
  "energy_qaoa_one_state": -16.999999914997826,
  "energy_value_exact": -20
}