{
  "expected_value_gibbs_state": -11.94078255376909,
  "expected_value_one_state": -12.0,
  "energy_qaoa_gibbs_state": -13.821128956511167,
  "energy_qaoa_one_state": -11.99999996686826,
  "energy_value_exact": -15
}