{
  "expected_value_gibbs_state": -14.975140380390773,
  "expected_value_one_state": -15.0,
  "energy_qaoa_gibbs_state": -16.49086042790358,
  "energy_qaoa_one_state": -14.999999975893534,
  "energy_value_exact": -17
}