{
  "expected_value_gibbs_state": -14.22855943481869,
  "expected_value_one_state": -15.0,
  "energy_qaoa_gibbs_state": -17.246429598004788,
  "energy_qaoa_one_state": -14.999999764788692,
  "energy_value_exact": -19
}