{
  "energy_tevo": [
    8.199806779502714,
    7.740341296516184,
    7.338406652218019,
    6.985131822708791,
    6.6731717562314135,
    6.396331800680665,
    6.149456178209139,
    5.928252276582039,
    5.729139153740713,
    5.5491206368082535,
    5.385680769438763,
    5.236698425471623,
    5.100377847014262,
    4.975192192657497,
    4.859837629418049,
    4.753195942306836,
    4.654304019178164,
    4.562328885963717,
    4.476547224746498,
    4.396328514827935,
    4.321121104795952,
    4.25044065946593,
    4.1838605354537,
    4.121003727736124,
    4.061536100655674,
    4.0051606736103125,
    3.951612776842582,
    3.9006559285839293,
    3.8520783132226146,
    3.805689762697325
  ],
  "exact_energy": 1.7286093818792319
}