{
  "energy_tevo": [
    -12.118570214626551,
    -12.23080988696505,
    -12.339631562346597,
    -12.445195120883207,
    -12.547805299168468,
    -12.64772069857539,
    -12.745220148194027,
    -12.840561815403252,
    -12.933983442007582,
    -13.025702922733004
  ],
  "exact_energy": -19.0
}