{
  "energy_tevo": [
    -12.118570214626551,
    -12.23080988696505,
    -12.339631562346597,
    -12.445195120883207,
    -12.547805299168468,
    -12.64772069857539,
    -12.745220148194027,
    -12.840561815403252,
    -12.933983442007582,
    -13.025702922733004,
    -13.115919137362738,
    -13.204812961195477,
    -13.292548390490282,
    -13.37927373014305,
    -13.465122800139142,
    -13.55021612550466,
    -13.634662081696163,
    -13.718557973760376,
    -13.801991033263597,
    -13.885039322003534,
    -13.967772535914499,
    -14.050252706387411,
    -14.132534799466807,
    -14.214667216082269,
    -14.296692198651613,
    -14.378646151099666,
    -14.46055988062103,
    -14.542458770435882,
    -14.624362893404559,
    -14.706287076737393
  ],
  "exact_energy": -19.0
}