{"n_nodes": 3, "distances": [[0.0, 0.7533711605047309, 0.5477209031594384], [0.8576459601168213, 0.0, 0.6978690163265522], [0.4564302473752415, 0.32324251860297204, 0.0]]}