{
  "energy_tevo": [
    8.199806779502714,
    7.740341296516184,
    7.338406652218019,
    6.985131822708791,
    6.6731717562314135,
    6.396331800680665,
    6.149456178209139,
    5.928252276582039,
    5.729139153740713,
    5.5491206368082535
  ],
  "exact_energy": 1.7286093818792319
}