{
  "expected_value_gibbs_state": -44.23405911107138,
  "expected_value_hadamard_state": -39.000038999778916,
  "energy_qaoa_gibbs_state": -44.659055079636865,
  "energy_qaoa_hadamard_state": -41.10029162699461,
  "energy_value_exact": -50.0
}