{
  "expected_value_gibbs_state": -46.66972294310326,
  "expected_value_hadamard_state": -42.50004249969824,
  "energy_qaoa_gibbs_state": -48.39448345527787,
  "energy_qaoa_hadamard_state": -46.461731227025496,
  "energy_value_exact": -54.0
}