{
  "expected_value_gibbs_state": -46.31410843888332,
  "expected_value_hadamard_state": -41.000040999729244,
  "energy_qaoa_gibbs_state": -50.2521054624546,
  "energy_qaoa_hadamard_state": -46.488372534839804,
  "energy_value_exact": -53.0
}