{
  "expected_value_gibbs_state": -48.775990504151174,
  "expected_value_hadamard_state": -42.000041999725156,
  "energy_qaoa_gibbs_state": -50.740555569524126,
  "energy_qaoa_hadamard_state": -45.097287332040025,
  "energy_value_exact": -54.0
}