{
  "expected_value_gibbs_state": -48.771685937134926,
  "expected_value_hadamard_state": -43.00004299968968,
  "energy_qaoa_gibbs_state": -49.39348694475981,
  "energy_qaoa_hadamard_state": -46.764587754321724,
  "energy_value_exact": -54.0
}