{
  "expected_value_gibbs_state": -51.41291607365854,
  "expected_value_hadamard_state": -43.50004349967,
  "energy_qaoa_gibbs_state": -52.67450365274318,
  "energy_qaoa_hadamard_state": -45.37131952430243,
  "energy_value_exact": -55.0
}