{
  "expected_value_gibbs_state": -52.909489588912685,
  "expected_value_hadamard_state": -41.50004149973735,
  "energy_qaoa_gibbs_state": -52.93006655255449,
  "energy_qaoa_hadamard_state": -44.73792679192993,
  "energy_value_exact": -53.0
}