{
  "expected_value_gibbs_state": -50.410161846333004,
  "expected_value_hadamard_state": -46.000045999610045,
  "energy_qaoa_gibbs_state": -52.08803125832218,
  "energy_qaoa_hadamard_state": -49.2651305564069,
  "energy_value_exact": -58.0
}