{
  "expected_value_gibbs_state": -49.71387689455239,
  "expected_value_hadamard_state": -44.000043999669806,
  "energy_qaoa_gibbs_state": -49.716757346521334,
  "energy_qaoa_hadamard_state": -45.87113607228716,
  "energy_value_exact": -55.0
}