{
  "expected_value_gibbs_state": -51.29778528200268,
  "expected_value_hadamard_state": -41.000040999729165,
  "energy_qaoa_gibbs_state": -51.60913335134574,
  "energy_qaoa_hadamard_state": -44.31564235843082,
  "energy_value_exact": -52.0
}