{
  "expected_value_gibbs_state": -45.363325472806686,
  "expected_value_hadamard_state": -41.00004099973493,
  "energy_qaoa_gibbs_state": -45.51965209957784,
  "energy_qaoa_hadamard_state": -43.60633688832482,
  "energy_value_exact": -53.0
}