{
  "expected_value_gibbs_state": -49.414293045339974,
  "expected_value_hadamard_state": -40.00003999976816,
  "energy_qaoa_gibbs_state": -49.02890931156355,
  "energy_qaoa_hadamard_state": -44.8123062316377,
  "energy_value_exact": -52.0
}