{
  "expected_value_gibbs_state": -45.83912110639305,
  "expected_value_hadamard_state": -41.50004149972995,
  "energy_qaoa_gibbs_state": -47.621282898676164,
  "energy_qaoa_hadamard_state": -46.126280515546426,
  "energy_value_exact": -53.0
}