{
  "expected_value_gibbs_state": -49.83409676001938,
  "expected_value_hadamard_state": -43.50004349965953,
  "energy_qaoa_gibbs_state": -52.49916139246439,
  "energy_qaoa_hadamard_state": -45.95854864736429,
  "energy_value_exact": -55.0
}