{
  "expected_value_gibbs_state": -51.10550079549024,
  "expected_value_hadamard_state": -44.50004449968142,
  "energy_qaoa_gibbs_state": -54.21312566474217,
  "energy_qaoa_hadamard_state": -48.59587253128912,
  "energy_value_exact": -56.0
}