{
  "expected_value_gibbs_state": -45.36603025696612,
  "expected_value_hadamard_state": -41.50004149972428,
  "energy_qaoa_gibbs_state": -45.94805706131751,
  "energy_qaoa_hadamard_state": -43.74169347822979,
  "energy_value_exact": -53.0
}