{
  "expected_value_gibbs_state": -52.93610841574423,
  "expected_value_hadamard_state": -41.00004099972881,
  "energy_qaoa_gibbs_state": -52.94524461299614,
  "energy_qaoa_hadamard_state": -42.96513805609706,
  "energy_value_exact": -53.0
}