{
  "expected_value_gibbs_state": -46.68611367308529,
  "expected_value_hadamard_state": -41.50004149974215,
  "energy_qaoa_gibbs_state": -47.73376131596667,
  "energy_qaoa_hadamard_state": -45.65221838586183,
  "energy_value_exact": -53.0
}