{
  "expected_value_gibbs_state": -44.14871727499094,
  "expected_value_hadamard_state": -39.00003899977821,
  "energy_qaoa_gibbs_state": -46.90134396489821,
  "energy_qaoa_hadamard_state": -44.57905214960497,
  "energy_value_exact": -50.0
}