{
  "expected_value_gibbs_state": -46.27763905526976,
  "expected_value_hadamard_state": -41.50004149971992,
  "energy_qaoa_gibbs_state": -46.760027035128765,
  "energy_qaoa_hadamard_state": -43.424766401216736,
  "energy_value_exact": -51.0
}