{
  "expected_value_gibbs_state": -47.61635316296557,
  "expected_value_hadamard_state": -41.500041499725576,
  "energy_qaoa_gibbs_state": -48.87685828267646,
  "energy_qaoa_hadamard_state": -47.91249749515544,
  "energy_value_exact": -53.0
}