{
  "expected_value_gibbs_state": -51.92026778551732,
  "expected_value_hadamard_state": -44.50004449966925,
  "energy_qaoa_gibbs_state": -51.929333118309444,
  "energy_qaoa_hadamard_state": -49.608521633094355,
  "energy_value_exact": -56.0
}