{
  "expected_value_gibbs_state": -44.287019173717134,
  "expected_value_hadamard_state": -40.00003999973964,
  "energy_qaoa_gibbs_state": -44.89140866687399,
  "energy_qaoa_hadamard_state": -44.110973378166044,
  "energy_value_exact": -51.0
}