{
  "expected_value_gibbs_state": -42.0832006338117,
  "expected_value_hadamard_state": -38.00003799979638,
  "energy_qaoa_gibbs_state": -45.6230440783137,
  "energy_qaoa_hadamard_state": -40.766391848659865,
  "energy_value_exact": -51.0
}