{
  "expected_value_gibbs_state": -49.89070768325762,
  "expected_value_hadamard_state": -40.50004049973959,
  "energy_qaoa_gibbs_state": -51.381357382785296,
  "energy_qaoa_hadamard_state": -46.663403386867074,
  "energy_value_exact": -53.0
}