{
  "expected_value_gibbs_state": -50.76043258894942,
  "expected_value_hadamard_state": -45.00004499963034,
  "energy_qaoa_gibbs_state": -52.41900748341624,
  "energy_qaoa_hadamard_state": -48.56200993339618,
  "energy_value_exact": -56.0
}