{
  "expected_value_gibbs_state": -49.38503525375478,
  "expected_value_hadamard_state": -41.00004099974171,
  "energy_qaoa_gibbs_state": -50.23229692412508,
  "energy_qaoa_hadamard_state": -44.3127010072651,
  "energy_value_exact": -53.0
}