{
  "expected_value_gibbs_state": -41.45105056662085,
  "expected_value_hadamard_state": -36.50003649981257,
  "energy_qaoa_gibbs_state": -41.795380052082294,
  "energy_qaoa_hadamard_state": -39.81938019090345,
  "energy_value_exact": -48.0
}