{
  "expected_value_gibbs_state": -50.97499155913201,
  "expected_value_hadamard_state": -37.500037499799404,
  "energy_qaoa_gibbs_state": -50.983501520054496,
  "energy_qaoa_hadamard_state": -42.030643200625,
  "energy_value_exact": -51.0
}