{
  "expected_value_gibbs_state": -45.05082725990193,
  "expected_value_hadamard_state": -40.50004049974097,
  "energy_qaoa_gibbs_state": -48.1211359972538,
  "energy_qaoa_hadamard_state": -46.50126593511051,
  "energy_value_exact": -53.0
}