{
  "expected_value_gibbs_state": -50.90961037436971,
  "expected_value_hadamard_state": -47.00004699961059,
  "energy_qaoa_gibbs_state": -52.23335188090444,
  "energy_qaoa_hadamard_state": -51.11833691499355,
  "energy_value_exact": -59.0
}