{
  "expected_value_gibbs_state": -41.43201036147139,
  "expected_value_hadamard_state": -37.500037499790935,
  "energy_qaoa_gibbs_state": -41.01364333747989,
  "energy_qaoa_hadamard_state": -46.475629900767956,
  "energy_value_exact": -49.0
}