{
  "expected_value_gibbs_state": -43.26242571069942,
  "expected_value_hadamard_state": -38.00003799978734,
  "energy_qaoa_gibbs_state": -46.8203376299434,
  "energy_qaoa_hadamard_state": -41.960063691672566,
  "energy_value_exact": -51.0
}