{
  "expected_value_gibbs_state": -47.66473529027076,
  "expected_value_hadamard_state": -43.00004299970479,
  "energy_qaoa_gibbs_state": -47.60815247919831,
  "energy_qaoa_hadamard_state": -44.73568790718489,
  "energy_value_exact": -55.0
}