{
  "expected_value_gibbs_state": -49.42921300336084,
  "expected_value_hadamard_state": -45.500045499655705,
  "energy_qaoa_gibbs_state": -53.59663227308681,
  "energy_qaoa_hadamard_state": -48.19892720482876,
  "energy_value_exact": -57.0
}