{
  "expected_value_gibbs_state": -52.881668123295384,
  "expected_value_hadamard_state": -47.00004699960211,
  "energy_qaoa_gibbs_state": -54.97060420646662,
  "energy_qaoa_hadamard_state": -49.27454645523242,
  "energy_value_exact": -58.0
}