{
  "expected_value_gibbs_state": -50.1930281894285,
  "expected_value_hadamard_state": -38.50003849978955,
  "energy_qaoa_gibbs_state": -50.444569432016095,
  "energy_qaoa_hadamard_state": -45.52405132909137,
  "energy_value_exact": -51.0
}