{
  "expected_value_gibbs_state": -50.88445830047405,
  "expected_value_hadamard_state": -44.50004449968296,
  "energy_qaoa_gibbs_state": -52.109621143789454,
  "energy_qaoa_hadamard_state": -47.61282284846041,
  "energy_value_exact": -56.0
}