{
  "expected_value_gibbs_state": -51.64051239068658,
  "expected_value_hadamard_state": -39.00003899978527,
  "energy_qaoa_gibbs_state": -52.865681056723616,
  "energy_qaoa_hadamard_state": -42.5531434629726,
  "energy_value_exact": -54.0
}