{
  "expected_value_gibbs_state": -49.57445057264792,
  "expected_value_hadamard_state": -45.000044999638476,
  "energy_qaoa_gibbs_state": -48.74437007810251,
  "energy_qaoa_hadamard_state": -48.378969734938124,
  "energy_value_exact": -58.0
}