{
  "expected_value_gibbs_state": -45.35628676574465,
  "expected_value_hadamard_state": -41.500041499737904,
  "energy_qaoa_gibbs_state": -46.70113701182247,
  "energy_qaoa_hadamard_state": -44.35653685557575,
  "energy_value_exact": -53.0
}