{
  "expected_value_gibbs_state": -45.44904668599006,
  "expected_value_hadamard_state": -41.000040999733415,
  "energy_qaoa_gibbs_state": -45.616678772105104,
  "energy_qaoa_hadamard_state": -45.29635746466418,
  "energy_value_exact": -53.0
}