{
  "expected_value_gibbs_state": -53.32247457448492,
  "expected_value_hadamard_state": -42.00004199972385,
  "energy_qaoa_gibbs_state": -52.316844646025864,
  "energy_qaoa_hadamard_state": -50.41491342997639,
  "energy_value_exact": -54.0
}