{
  "expected_value_gibbs_state": -50.30104516014068,
  "expected_value_hadamard_state": -45.50004549962989,
  "energy_qaoa_gibbs_state": -51.673914515396305,
  "energy_qaoa_hadamard_state": -49.017864066904124,
  "energy_value_exact": -57.0
}