{
  "expected_value_gibbs_state": -48.441990480400165,
  "expected_value_hadamard_state": -43.000042999703446,
  "energy_qaoa_gibbs_state": -48.45180927692582,
  "energy_qaoa_hadamard_state": -45.42801301541601,
  "energy_value_exact": -56.0
}