{
  "expected_value_gibbs_state": -57.480663467272976,
  "expected_value_hadamard_state": -46.50004649961057,
  "energy_qaoa_gibbs_state": -56.306223080489474,
  "energy_qaoa_hadamard_state": -47.981838326682166,
  "energy_value_exact": -58.0
}