{
  "expected_value_gibbs_state": -46.62603608296192,
  "expected_value_hadamard_state": -41.50004149973462,
  "energy_qaoa_gibbs_state": -45.710239375054364,
  "energy_qaoa_hadamard_state": -46.148087695267435,
  "energy_value_exact": -54.0
}