{
  "expected_value_gibbs_state": -51.25040126487164,
  "expected_value_hadamard_state": -46.50004649959148,
  "energy_qaoa_gibbs_state": -53.70488722166481,
  "energy_qaoa_hadamard_state": -49.397451075480305,
  "energy_value_exact": -58.0
}