{
  "expected_value_gibbs_state": -52.64332285335373,
  "expected_value_hadamard_state": -48.00004799956536,
  "energy_qaoa_gibbs_state": -53.91155294809565,
  "energy_qaoa_hadamard_state": -50.5544525353083,
  "energy_value_exact": -58.0
}