{
  "expected_value_gibbs_state": -44.97928289851809,
  "expected_value_hadamard_state": -40.000039999743045,
  "energy_qaoa_gibbs_state": -48.49192224007262,
  "energy_qaoa_hadamard_state": -42.80928411570696,
  "energy_value_exact": -53.0
}