{
  "expected_value_gibbs_state": -44.82319305664337,
  "expected_value_hadamard_state": -39.00003899976719,
  "energy_qaoa_gibbs_state": -46.74843934593362,
  "energy_qaoa_hadamard_state": -44.575740294142264,
  "energy_value_exact": -50.0
}