{
  "expected_value_gibbs_state": -45.3760386774201,
  "expected_value_hadamard_state": -41.500041499731985,
  "energy_qaoa_gibbs_state": -47.850473491221,
  "energy_qaoa_hadamard_state": -44.53379595462556,
  "energy_value_exact": -53.0
}