{
  "expected_value_gibbs_state": -53.848342357153925,
  "expected_value_hadamard_state": -44.50004449966806,
  "energy_qaoa_gibbs_state": -52.9364989888994,
  "energy_qaoa_hadamard_state": -48.91399511907089,
  "energy_value_exact": -54.0
}