{
  "expected_value_gibbs_state": -47.09023344775511,
  "expected_value_hadamard_state": -42.00004199970795,
  "energy_qaoa_gibbs_state": -47.54045104788072,
  "energy_qaoa_hadamard_state": -44.50529755921241,
  "energy_value_exact": -53.0
}