{
  "expected_value_gibbs_state": -45.7694371149298,
  "expected_value_hadamard_state": -40.500040499751286,
  "energy_qaoa_gibbs_state": -49.019212963201305,
  "energy_qaoa_hadamard_state": -47.22148614288492,
  "energy_value_exact": -52.0
}