{
  "expected_value_gibbs_state": -46.97458283829125,
  "expected_value_hadamard_state": -43.00004299970941,
  "energy_qaoa_gibbs_state": -48.34929328284366,
  "energy_qaoa_hadamard_state": -45.048879755473806,
  "energy_value_exact": -55.0
}