{
  "expected_value_gibbs_state": -49.76151938136056,
  "expected_value_hadamard_state": -45.0000449996153,
  "energy_qaoa_gibbs_state": -52.700925319969656,
  "energy_qaoa_hadamard_state": -48.238833550741376,
  "energy_value_exact": -56.0
}