{
  "expected_value_gibbs_state": -45.20961529066411,
  "expected_value_hadamard_state": -40.50004049975185,
  "energy_qaoa_gibbs_state": -48.0688705943931,
  "energy_qaoa_hadamard_state": -45.23351342393521,
  "energy_value_exact": -53.0
}