{
  "expected_value_gibbs_state": -44.93176655001143,
  "expected_value_hadamard_state": -40.50004049974156,
  "energy_qaoa_gibbs_state": -48.569417673513776,
  "energy_qaoa_hadamard_state": -42.05963826265694,
  "energy_value_exact": -52.0
}