{
  "expected_value_gibbs_state": -44.68855415080049,
  "expected_value_hadamard_state": -41.00004099971539,
  "energy_qaoa_gibbs_state": -46.2329568744461,
  "energy_qaoa_hadamard_state": -45.498303385663974,
  "energy_value_exact": -51.0
}