{
  "expected_value_gibbs_state": -45.961525309434066,
  "expected_value_hadamard_state": -42.00004199972118,
  "energy_qaoa_gibbs_state": -48.823448576691874,
  "energy_qaoa_hadamard_state": -43.49694173190586,
  "energy_value_exact": -54.0
}