{
  "expected_value_gibbs_state": -47.23109847791937,
  "expected_value_hadamard_state": -43.000042999690805,
  "energy_qaoa_gibbs_state": -47.702465594614054,
  "energy_qaoa_hadamard_state": -45.884382203408876,
  "energy_value_exact": -54.0
}