{
  "expected_value_gibbs_state": -46.276378926611834,
  "expected_value_hadamard_state": -41.500041499748754,
  "energy_qaoa_gibbs_state": -45.30044487658374,
  "energy_qaoa_hadamard_state": -43.71629866966019,
  "energy_value_exact": -54.0
}