{
  "expected_value_gibbs_state": -42.431372844390296,
  "expected_value_hadamard_state": -36.00003599981291,
  "energy_qaoa_gibbs_state": -44.782072864878074,
  "energy_qaoa_hadamard_state": -39.09823499299934,
  "energy_value_exact": -49.0
}