{
  "expected_value_gibbs_state": -53.992593091124796,
  "expected_value_hadamard_state": -41.00004099972692,
  "energy_qaoa_gibbs_state": -53.99402239384817,
  "energy_qaoa_hadamard_state": -46.152689305866446,
  "energy_value_exact": -54.0
}