{
  "expected_value_gibbs_state": -51.27110724552287,
  "expected_value_hadamard_state": -39.00003899978476,
  "energy_qaoa_gibbs_state": -51.31967789212495,
  "energy_qaoa_hadamard_state": -43.88471966417671,
  "energy_value_exact": -52.0
}