{
  "expected_value_gibbs_state": -51.66215157053015,
  "expected_value_hadamard_state": -47.00004699959107,
  "energy_qaoa_gibbs_state": -52.802574032892444,
  "energy_qaoa_hadamard_state": -49.40166321593737,
  "energy_value_exact": -57.0
}