{
  "expected_value_gibbs_state": -44.520543078316976,
  "expected_value_hadamard_state": -40.00003999974494,
  "energy_qaoa_gibbs_state": -48.081993074815124,
  "energy_qaoa_hadamard_state": -42.69986693373966,
  "energy_value_exact": -52.0
}