{
  "expected_value_gibbs_state": -46.841391933304344,
  "expected_value_hadamard_state": -41.50004149973923,
  "energy_qaoa_gibbs_state": -47.637578510283554,
  "energy_qaoa_hadamard_state": -44.17724446139485,
  "energy_value_exact": -53.0
}