{
  "expected_value_gibbs_state": -52.001615750989814,
  "expected_value_hadamard_state": -46.50004649960006,
  "energy_qaoa_gibbs_state": -53.74199370994709,
  "energy_qaoa_hadamard_state": -48.4135179205867,
  "energy_value_exact": -57.0
}