{
  "expected_value_gibbs_state": -51.75931699238638,
  "expected_value_hadamard_state": -44.5000444996877,
  "energy_qaoa_gibbs_state": -52.02282732418093,
  "energy_qaoa_hadamard_state": -51.290168719027236,
  "energy_value_exact": -58.0
}