{
  "expected_value_gibbs_state": -39.744570563139334,
  "expected_value_hadamard_state": -36.0000359997988,
  "energy_qaoa_gibbs_state": -40.10692762455201,
  "energy_qaoa_hadamard_state": -38.71749520367388,
  "energy_value_exact": -47.0
}