{
  "expected_value_gibbs_state": -49.46171717403818,
  "expected_value_hadamard_state": -37.000036999795775,
  "energy_qaoa_gibbs_state": -49.6744456353719,
  "energy_qaoa_hadamard_state": -39.1887549808977,
  "energy_value_exact": -50.0
}