{
  "expected_value_gibbs_state": -41.95731704175294,
  "expected_value_hadamard_state": -36.500036499831104,
  "energy_qaoa_gibbs_state": -45.468568218304,
  "energy_qaoa_hadamard_state": -39.32561422678262,
  "energy_value_exact": -49.0
}