{
  "expected_value_gibbs_state": -48.84591530210013,
  "expected_value_hadamard_state": -44.5000444996722,
  "energy_qaoa_gibbs_state": -50.60829330582288,
  "energy_qaoa_hadamard_state": -47.441013450354845,
  "energy_value_exact": -56.0
}