{
  "expected_value_gibbs_state": -52.207113251699305,
  "expected_value_hadamard_state": -41.000040999731205,
  "energy_qaoa_gibbs_state": -52.36212055687298,
  "energy_qaoa_hadamard_state": -45.20020535582705,
  "energy_value_exact": -53.0
}