{
  "expected_value_gibbs_state": -54.29786199324697,
  "expected_value_hadamard_state": -44.00004399968451,
  "energy_qaoa_gibbs_state": -51.79903945257237,
  "energy_qaoa_hadamard_state": -51.832413611990084,
  "energy_value_exact": -55.0
}