{
  "expected_value_gibbs_state": -50.219491047200115,
  "expected_value_hadamard_state": -45.00004499964364,
  "energy_qaoa_gibbs_state": -50.24171618917846,
  "energy_qaoa_hadamard_state": -48.534968712413026,
  "energy_value_exact": -56.0
}