{
  "expected_value_gibbs_state": -52.92045358964079,
  "expected_value_hadamard_state": -41.50004149972266,
  "energy_qaoa_gibbs_state": -52.933591217056765,
  "energy_qaoa_hadamard_state": -42.25753246892468,
  "energy_value_exact": -53.0
}