{
  "expected_value_gibbs_state": -52.008578439002946,
  "expected_value_hadamard_state": -44.00004399967316,
  "energy_qaoa_gibbs_state": -52.07234487605559,
  "energy_qaoa_hadamard_state": -47.867610781202224,
  "energy_value_exact": -56.0
}