{
  "expected_value_gibbs_state": -47.91843648031702,
  "expected_value_hadamard_state": -42.500042499713494,
  "energy_qaoa_gibbs_state": -48.74789193398752,
  "energy_qaoa_hadamard_state": -46.18828485304634,
  "energy_value_exact": -56.0
}