{
  "expected_value_gibbs_state": -50.93194953370506,
  "expected_value_hadamard_state": -40.00003999973114,
  "energy_qaoa_gibbs_state": -49.829787437781505,
  "energy_qaoa_hadamard_state": -42.847350015535405,
  "energy_value_exact": -51.0
}