{
  "expected_value_gibbs_state": -55.362281223936044,
  "expected_value_hadamard_state": -43.500043499659824,
  "energy_qaoa_gibbs_state": -55.62224516177651,
  "energy_qaoa_hadamard_state": -45.838872182334356,
  "energy_value_exact": -56.0
}