{
  "expected_value_gibbs_state": -58.461510151028094,
  "expected_value_hadamard_state": -45.50004549965247,
  "energy_qaoa_gibbs_state": -58.66066011241275,
  "energy_qaoa_hadamard_state": -48.67253646250524,
  "energy_value_exact": -59.0
}