{
  "expected_value_gibbs_state": -47.77920860905104,
  "expected_value_hadamard_state": -41.000040999738424,
  "energy_qaoa_gibbs_state": -47.78315005974389,
  "energy_qaoa_hadamard_state": -44.943351028181894,
  "energy_value_exact": -54.0
}