{
  "expected_value_gibbs_state": -48.14406284225764,
  "expected_value_hadamard_state": -43.00004299970776,
  "energy_qaoa_gibbs_state": -48.167204520705674,
  "energy_qaoa_hadamard_state": -49.03176830551427,
  "energy_value_exact": -54.0
}