{
  "expected_value_gibbs_state": -53.6785929307919,
  "expected_value_hadamard_state": -42.50004249971043,
  "energy_qaoa_gibbs_state": -53.69464849049642,
  "energy_qaoa_hadamard_state": -45.58487117852971,
  "energy_value_exact": -54.0
}