{
  "expected_value_gibbs_state": -48.05641012695232,
  "expected_value_hadamard_state": -41.00004099971247,
  "energy_qaoa_gibbs_state": -48.482009358545106,
  "energy_qaoa_hadamard_state": -45.65508393335861,
  "energy_value_exact": -51.0
}