{
  "expected_value_gibbs_state": -46.769855827263356,
  "expected_value_hadamard_state": -42.50004249970263,
  "energy_qaoa_gibbs_state": -45.64458724803134,
  "energy_qaoa_hadamard_state": -45.02587300357476,
  "energy_value_exact": -53.0
}