{
  "expected_value_gibbs_state": -43.503196973353006,
  "expected_value_hadamard_state": -39.50003949976416,
  "energy_qaoa_gibbs_state": -46.418341646880606,
  "energy_qaoa_hadamard_state": -43.43720201430991,
  "energy_value_exact": -53.0
}