{
  "expected_value_gibbs_state": -42.892785824916764,
  "expected_value_hadamard_state": -39.000038999778745,
  "energy_qaoa_gibbs_state": -42.889826838658664,
  "energy_qaoa_hadamard_state": -43.114445475192724,
  "energy_value_exact": -50.0
}