{
  "expected_value_gibbs_state": -44.81946894511666,
  "expected_value_hadamard_state": -41.000040999728895,
  "energy_qaoa_gibbs_state": -46.22504009133752,
  "energy_qaoa_hadamard_state": -45.73450348298821,
  "energy_value_exact": -52.0
}