{
  "expected_value_gibbs_state": -43.72635577735218,
  "expected_value_hadamard_state": -36.500036499838515,
  "energy_qaoa_gibbs_state": -44.46097788810013,
  "energy_qaoa_hadamard_state": -41.49344526390197,
  "energy_value_exact": -50.0
}