{
  "expected_value_gibbs_state": -51.45741674872178,
  "expected_value_hadamard_state": -40.50004049971314,
  "energy_qaoa_gibbs_state": -50.14871294915193,
  "energy_qaoa_hadamard_state": -44.73287048467268,
  "energy_value_exact": -52.0
}