{
  "expected_value_gibbs_state": -49.42997368989939,
  "expected_value_hadamard_state": -40.5000404997375,
  "energy_qaoa_gibbs_state": -49.462163570591045,
  "energy_qaoa_hadamard_state": -44.28419819044328,
  "energy_value_exact": -53.0
}