{
  "expected_value_gibbs_state": -49.99929139646251,
  "expected_value_hadamard_state": -46.000045999593304,
  "energy_qaoa_gibbs_state": -52.732602379967204,
  "energy_qaoa_hadamard_state": -49.70521093721836,
  "energy_value_exact": -56.0
}