{
  "expected_value_gibbs_state": -55.928882771638115,
  "expected_value_hadamard_state": -46.000045999611295,
  "energy_qaoa_gibbs_state": -55.93703511922443,
  "energy_qaoa_hadamard_state": -48.67485499101096,
  "energy_value_exact": -56.0
}