{
  "expected_value_gibbs_state": -55.92391484664044,
  "expected_value_hadamard_state": -44.50004449966745,
  "energy_qaoa_gibbs_state": -55.93016454101984,
  "energy_qaoa_hadamard_state": -48.28471347464577,
  "energy_value_exact": -56.0
}