{
  "expected_value_gibbs_state": -45.280134433123074,
  "expected_value_hadamard_state": -41.5000414997258,
  "energy_qaoa_gibbs_state": -47.420836133134465,
  "energy_qaoa_hadamard_state": -45.04780857034782,
  "energy_value_exact": -53.0
}