{
  "expected_value_gibbs_state": -49.838540796577234,
  "expected_value_hadamard_state": -43.00004299968218,
  "energy_qaoa_gibbs_state": -51.03405370133107,
  "energy_qaoa_hadamard_state": -46.951800848813384,
  "energy_value_exact": -53.0
}