{
  "expected_value_gibbs_state": -47.71566497646505,
  "expected_value_hadamard_state": -41.50004149974048,
  "energy_qaoa_gibbs_state": -48.931986401634056,
  "energy_qaoa_hadamard_state": -44.786622824051605,
  "energy_value_exact": -53.0
}