{
  "expected_value_gibbs_state": -48.98465181044667,
  "expected_value_hadamard_state": -36.00003599980458,
  "energy_qaoa_gibbs_state": -44.37707935577114,
  "energy_qaoa_hadamard_state": -39.04139384784209,
  "energy_value_exact": -49.0
}