{
  "expected_value_gibbs_state": -53.802941753782065,
  "expected_value_hadamard_state": -44.50004449966698,
  "energy_qaoa_gibbs_state": -53.8413010297622,
  "energy_qaoa_hadamard_state": -46.36626677200841,
  "energy_value_exact": -54.0
}