{
  "expected_value_gibbs_state": -47.16972038033144,
  "expected_value_hadamard_state": -43.00004299971675,
  "energy_qaoa_gibbs_state": -48.50106706433859,
  "energy_qaoa_hadamard_state": -45.48106195618199,
  "energy_value_exact": -55.0
}