{
  "expected_value_gibbs_state": -44.38691664819299,
  "expected_value_hadamard_state": -40.50004049973609,
  "energy_qaoa_gibbs_state": -46.470777086646706,
  "energy_qaoa_hadamard_state": -42.989630920059255,
  "energy_value_exact": -52.0
}