{
  "expected_value_gibbs_state": -44.1368063877326,
  "expected_value_hadamard_state": -38.50003849979515,
  "energy_qaoa_gibbs_state": -44.52295461814444,
  "energy_qaoa_hadamard_state": -46.5511825466178,
  "energy_value_exact": -52.0
}