{
  "expected_value_gibbs_state": -43.90958477570042,
  "expected_value_hadamard_state": -38.500038499786925,
  "energy_qaoa_gibbs_state": -45.72745376488284,
  "energy_qaoa_hadamard_state": -42.508967816504295,
  "energy_value_exact": -51.0
}