{
  "expected_value_gibbs_state": -44.91342885044746,
  "expected_value_hadamard_state": -40.500040499742695,
  "energy_qaoa_gibbs_state": -45.665848978994006,
  "energy_qaoa_hadamard_state": -45.153080781667704,
  "energy_value_exact": -51.0
}