{
  "expected_value_gibbs_state": -18.758279038825794,
  "expected_value_hadamard_state": -16.000015999938466,
  "energy_qaoa_gibbs_state": -20.355841938397184,
  "energy_qaoa_hadamard_state": -19.12709888728034,
  "energy_value_exact": -22
}