{
  "expected_value_gibbs_state": -19.627476826054373,
  "expected_value_hadamard_state": -14.0000139999623,
  "energy_qaoa_gibbs_state": -19.631145451686326,
  "energy_qaoa_hadamard_state": -17.311380829951602,
  "energy_value_exact": -20
}