{
  "expected_value_gibbs_state": -22.9528791823776,
  "expected_value_hadamard_state": -16.500016499930865,
  "energy_qaoa_gibbs_state": -22.974777138684843,
  "energy_qaoa_hadamard_state": -19.257323117978714,
  "energy_value_exact": -23
}