{
  "expected_value_gibbs_state": -18.72784269014842,
  "expected_value_hadamard_state": -17.00001699992354,
  "energy_qaoa_gibbs_state": -19.200317793935703,
  "energy_qaoa_hadamard_state": -21.231268829187798,
  "energy_value_exact": -22
}