{
  "expected_value_gibbs_state": -19.511429004538886,
  "expected_value_hadamard_state": -16.50001649993237,
  "energy_qaoa_gibbs_state": -20.987817865888076,
  "energy_qaoa_hadamard_state": -18.807324663929016,
  "energy_value_exact": -23
}