{
  "expected_value_gibbs_state": -15.516815333741633,
  "expected_value_hadamard_state": -13.500013499968395,
  "energy_qaoa_gibbs_state": -17.985431662752237,
  "energy_qaoa_hadamard_state": -16.52212128660574,
  "energy_value_exact": -19
}