{
  "expected_value_gibbs_state": -18.357496826697535,
  "expected_value_hadamard_state": -16.50001649992638,
  "energy_qaoa_gibbs_state": -18.62519145838074,
  "energy_qaoa_hadamard_state": -19.997213271999104,
  "energy_value_exact": -21
}