{
  "expected_value_gibbs_state": -17.859689425058615,
  "expected_value_hadamard_state": -16.000015999944438,
  "energy_qaoa_gibbs_state": -20.29957045847788,
  "energy_qaoa_hadamard_state": -18.736388881944848,
  "energy_value_exact": -22
}