{
  "expected_value_gibbs_state": -19.035595105246088,
  "expected_value_hadamard_state": -17.00001699992654,
  "energy_qaoa_gibbs_state": -20.64497099692297,
  "energy_qaoa_hadamard_state": -18.968505745016916,
  "energy_value_exact": -23
}