{
  "expected_value_gibbs_state": -22.994240171630086,
  "expected_value_hadamard_state": -16.000015999939954,
  "energy_qaoa_gibbs_state": -22.995701588979692,
  "energy_qaoa_hadamard_state": -19.787360786091533,
  "energy_value_exact": -23
}