{
  "expected_value_gibbs_state": -10.826022368113636,
  "expected_value_hadamard_state": -9.000008999988033,
  "energy_qaoa_gibbs_state": -12.881777429494456,
  "energy_qaoa_hadamard_state": -12.033726792224769,
  "energy_value_exact": -15
}