{
  "expected_value_gibbs_state": -19.289726810034562,
  "expected_value_hadamard_state": -15.000014999950507,
  "energy_qaoa_gibbs_state": -19.482162602541116,
  "energy_qaoa_hadamard_state": -17.827066783614143,
  "energy_value_exact": -20
}