{
  "expected_value_gibbs_state": -12.345224768585714,
  "expected_value_hadamard_state": -9.500009499983445,
  "energy_qaoa_gibbs_state": -13.387167728361078,
  "energy_qaoa_hadamard_state": -12.107505991343263,
  "energy_value_exact": -14
}