{
  "expected_value_gibbs_state": -19.56432307276849,
  "expected_value_hadamard_state": -17.000016999922035,
  "energy_qaoa_gibbs_state": -20.33321635498654,
  "energy_qaoa_hadamard_state": -19.707406820419166,
  "energy_value_exact": -22
}