{
  "expected_value_gibbs_state": -21.34192426262608,
  "expected_value_hadamard_state": -16.50001649992939,
  "energy_qaoa_gibbs_state": -21.63382704661013,
  "energy_qaoa_hadamard_state": -18.6516583551356,
  "energy_value_exact": -22
}