{
  "expected_value_gibbs_state": -20.571830166159547,
  "expected_value_hadamard_state": -15.000014999949022,
  "energy_qaoa_gibbs_state": -20.808725545940355,
  "energy_qaoa_hadamard_state": -17.19390860355389,
  "energy_value_exact": -21
}