{
  "expected_value_gibbs_state": -21.93482788981508,
  "expected_value_hadamard_state": -17.500017499914403,
  "energy_qaoa_gibbs_state": -21.651880550720286,
  "energy_qaoa_hadamard_state": -19.960467328195307,
  "energy_value_exact": -22
}