{
  "expected_value_gibbs_state": -16.907207709194235,
  "expected_value_hadamard_state": -15.000014999947515,
  "energy_qaoa_gibbs_state": -17.775905967235502,
  "energy_qaoa_hadamard_state": -17.309230311216147,
  "energy_value_exact": -20
}