{
  "expected_value_gibbs_state": -20.9591114528068,
  "expected_value_hadamard_state": -15.500015499943027,
  "energy_qaoa_gibbs_state": -20.98216336361287,
  "energy_qaoa_hadamard_state": -19.246224768887096,
  "energy_value_exact": -21
}