{
  "expected_value_gibbs_state": -21.74537061834906,
  "expected_value_hadamard_state": -15.00001499995351,
  "energy_qaoa_gibbs_state": -21.87347478493031,
  "energy_qaoa_hadamard_state": -16.14868939292626,
  "energy_value_exact": -22
}