{
  "expected_value_gibbs_state": -19.719446692476655,
  "expected_value_hadamard_state": -17.000016999925027,
  "energy_qaoa_gibbs_state": -20.63236120146766,
  "energy_qaoa_hadamard_state": -18.473002892472543,
  "energy_value_exact": -23
}