{
  "expected_value_gibbs_state": -17.603000683214102,
  "expected_value_hadamard_state": -15.000014999944518,
  "energy_qaoa_gibbs_state": -17.887381728455374,
  "energy_qaoa_hadamard_state": -17.003414511839424,
  "energy_value_exact": -21
}