{
  "expected_value_gibbs_state": -15.223004320960216,
  "expected_value_hadamard_state": -13.500013499965435,
  "energy_qaoa_gibbs_state": -18.09531398204419,
  "energy_qaoa_hadamard_state": -17.332627833213788,
  "energy_value_exact": -20
}