{
  "expected_value_gibbs_state": -19.44783219038767,
  "expected_value_hadamard_state": -14.500014499956583,
  "energy_qaoa_gibbs_state": -19.52997381423114,
  "energy_qaoa_hadamard_state": -17.165712412686545,
  "energy_value_exact": -20
}