{
  "expected_value_gibbs_state": -17.29017415460384,
  "expected_value_hadamard_state": -15.500015499947514,
  "energy_qaoa_gibbs_state": -17.966162168961084,
  "energy_qaoa_hadamard_state": -18.084936078500764,
  "energy_value_exact": -21
}