{
  "expected_value_gibbs_state": -19.650327291197307,
  "expected_value_hadamard_state": -17.00001699992504,
  "energy_qaoa_gibbs_state": -20.65067407579547,
  "energy_qaoa_hadamard_state": -19.58862891281268,
  "energy_value_exact": -22
}