{
  "expected_value_gibbs_state": -20.746429303646682,
  "expected_value_hadamard_state": -18.00001799991012,
  "energy_qaoa_gibbs_state": -22.011320842466297,
  "energy_qaoa_hadamard_state": -20.539111714676487,
  "energy_value_exact": -24
}