{
  "expected_value_gibbs_state": -18.663836558682554,
  "expected_value_hadamard_state": -17.000016999917566,
  "energy_qaoa_gibbs_state": -20.340784255635107,
  "energy_qaoa_hadamard_state": -19.075414452255828,
  "energy_value_exact": -22
}