{
  "expected_value_gibbs_state": -19.976727180825076,
  "expected_value_hadamard_state": -18.000017999910163,
  "energy_qaoa_gibbs_state": -21.61355756816505,
  "energy_qaoa_hadamard_state": -21.509949636949834,
  "energy_value_exact": -23
}