{
  "expected_value_gibbs_state": -18.8562125438689,
  "expected_value_hadamard_state": -13.500013499966926,
  "energy_qaoa_gibbs_state": -18.903609681060225,
  "energy_qaoa_hadamard_state": -15.975425388259584,
  "energy_value_exact": -19
}