{
  "expected_value_gibbs_state": -19.3921200257245,
  "expected_value_hadamard_state": -14.000013999957796,
  "energy_qaoa_gibbs_state": -19.58910771570303,
  "energy_qaoa_hadamard_state": -16.261832981321124,
  "energy_value_exact": -20
}