{
  "expected_value_gibbs_state": -20.861613132566866,
  "expected_value_hadamard_state": -15.500015499940028,
  "energy_qaoa_gibbs_state": -20.86816954382381,
  "energy_qaoa_hadamard_state": -18.552132460226673,
  "energy_value_exact": -21
}