{
  "expected_value_gibbs_state": -21.217350548461095,
  "expected_value_hadamard_state": -16.5000164999294,
  "energy_qaoa_gibbs_state": -21.474689985236786,
  "energy_qaoa_hadamard_state": -19.640987181714365,
  "energy_value_exact": -22
}