{
  "expected_value_gibbs_state": -21.896923494263632,
  "expected_value_hadamard_state": -16.50001649993089,
  "energy_qaoa_gibbs_state": -21.919234359885383,
  "energy_qaoa_hadamard_state": -18.94600690947977,
  "energy_value_exact": -22
}