{
  "expected_value_gibbs_state": -12.117258205980573,
  "expected_value_hadamard_state": -9.000008999986534,
  "energy_qaoa_gibbs_state": -12.568943569497613,
  "energy_qaoa_hadamard_state": -11.844458381194194,
  "energy_value_exact": -14
}