{
  "expected_value_gibbs_state": -21.53225411635011,
  "expected_value_hadamard_state": -15.500015499947501,
  "energy_qaoa_gibbs_state": -21.751378387115853,
  "energy_qaoa_hadamard_state": -18.85539815591373,
  "energy_value_exact": -22
}