{
  "expected_value_gibbs_state": -18.912656015377944,
  "expected_value_hadamard_state": -17.00001699992208,
  "energy_qaoa_gibbs_state": -19.64361501320731,
  "energy_qaoa_hadamard_state": -19.200485696533462,
  "energy_value_exact": -22
}