{
  "expected_value_gibbs_state": -19.697292988785712,
  "expected_value_hadamard_state": -18.00001799990715,
  "energy_qaoa_gibbs_state": -20.505848771673143,
  "energy_qaoa_hadamard_state": -20.33406832425012,
  "energy_value_exact": -23
}