{
  "expected_value_gibbs_state": -20.42000703371991,
  "expected_value_hadamard_state": -15.000014999947526,
  "energy_qaoa_gibbs_state": -20.46962579880536,
  "energy_qaoa_hadamard_state": -17.25118037192542,
  "energy_value_exact": -21
}