{
  "expected_value_gibbs_state": -22.905209119219414,
  "expected_value_hadamard_state": -17.500017499917433,
  "energy_qaoa_gibbs_state": -22.93766885851791,
  "energy_qaoa_hadamard_state": -19.8117298504999,
  "energy_value_exact": -23
}