{
  "expected_value_gibbs_state": -17.966205284483348,
  "expected_value_hadamard_state": -16.000015999938448,
  "energy_qaoa_gibbs_state": -19.3117460239599,
  "energy_qaoa_hadamard_state": -18.6236517963116,
  "energy_value_exact": -21
}