{
  "expected_value_gibbs_state": -22.88697554030135,
  "expected_value_hadamard_state": -17.00001699992802,
  "energy_qaoa_gibbs_state": -22.903156105849654,
  "energy_qaoa_hadamard_state": -18.940861647067884,
  "energy_value_exact": -23
}