{
  "expected_value_gibbs_state": -16.925314882218387,
  "expected_value_hadamard_state": -15.000014999949032,
  "energy_qaoa_gibbs_state": -17.89157339591429,
  "energy_qaoa_hadamard_state": -17.59696196961945,
  "energy_value_exact": -20
}