{
  "expected_value_gibbs_state": -17.742391292277496,
  "expected_value_hadamard_state": -15.000014999949043,
  "energy_qaoa_gibbs_state": -18.959623809795424,
  "energy_qaoa_hadamard_state": -16.778305036955647,
  "energy_value_exact": -20
}