{
  "expected_value_gibbs_state": -15.620339095197043,
  "expected_value_hadamard_state": -13.500013499960913,
  "energy_qaoa_gibbs_state": -16.368316674557793,
  "energy_qaoa_hadamard_state": -17.266948088335845,
  "energy_value_exact": -18
}