{
  "expected_value_gibbs_state": -12.51178671903672,
  "expected_value_hadamard_state": -10.500010499983446,
  "energy_qaoa_gibbs_state": -13.975027849575788,
  "energy_qaoa_hadamard_state": -13.296338888550292,
  "energy_value_exact": -16
}