{
  "expected_value_gibbs_state": -19.144057107662583,
  "expected_value_hadamard_state": -14.000013999954785,
  "energy_qaoa_gibbs_state": -19.172249260705243,
  "energy_qaoa_hadamard_state": -17.009671218472775,
  "energy_value_exact": -20
}