{
  "expected_value_gibbs_state": -15.899956686567988,
  "expected_value_hadamard_state": -12.00001199997457,
  "energy_qaoa_gibbs_state": -16.755874021211916,
  "energy_qaoa_hadamard_state": -16.021105312792102,
  "energy_value_exact": -18
}