{
  "expected_value_gibbs_state": -17.70888322078594,
  "expected_value_hadamard_state": -16.00001599993546,
  "energy_qaoa_gibbs_state": -20.222841345227902,
  "energy_qaoa_hadamard_state": -17.375234581702365,
  "energy_value_exact": -22
}