{
  "expected_value_gibbs_state": -21.209109183941376,
  "expected_value_hadamard_state": -17.00001699991904,
  "energy_qaoa_gibbs_state": -21.52955751537018,
  "energy_qaoa_hadamard_state": -19.095997458238728,
  "energy_value_exact": -22
}