{
  "expected_value_gibbs_state": -14.22743683908044,
  "expected_value_hadamard_state": -11.000010999972908,
  "energy_qaoa_gibbs_state": -15.417335255182543,
  "energy_qaoa_hadamard_state": -13.852890649020193,
  "energy_value_exact": -17
}