{
  "expected_value_gibbs_state": -18.236657668513057,
  "expected_value_hadamard_state": -16.500016499932386,
  "energy_qaoa_gibbs_state": -19.53336344191356,
  "energy_qaoa_hadamard_state": -19.170819023638614,
  "energy_value_exact": -22
}