{
  "expected_value_gibbs_state": -19.873404523785283,
  "expected_value_hadamard_state": -14.000013999959293,
  "energy_qaoa_gibbs_state": -19.911002964345627,
  "energy_qaoa_hadamard_state": -16.816626141716764,
  "energy_value_exact": -20
}