{
  "expected_value_gibbs_state": -21.38687131286054,
  "expected_value_hadamard_state": -16.000015999941443,
  "energy_qaoa_gibbs_state": -21.62200351480717,
  "energy_qaoa_hadamard_state": -18.581189350857002,
  "energy_value_exact": -22
}