{
  "expected_value_gibbs_state": -19.66341200159418,
  "expected_value_hadamard_state": -15.000014999940019,
  "energy_qaoa_gibbs_state": -19.679670010415734,
  "energy_qaoa_hadamard_state": -17.82694349135909,
  "energy_value_exact": -20
}