{
  "expected_value_gibbs_state": -16.705489511176413,
  "expected_value_hadamard_state": -15.000014999949016,
  "energy_qaoa_gibbs_state": -17.743116000959375,
  "energy_qaoa_hadamard_state": -17.640049538454807,
  "energy_value_exact": -21
}