{
  "expected_value_gibbs_state": -17.99070808921489,
  "expected_value_hadamard_state": -16.000015999941454,
  "energy_qaoa_gibbs_state": -18.72883308144224,
  "energy_qaoa_hadamard_state": -17.675370463767244,
  "energy_value_exact": -21
}