{
  "expected_value_gibbs_state": -11.753672172997666,
  "expected_value_hadamard_state": -10.000009999980549,
  "energy_qaoa_gibbs_state": -12.838491984075318,
  "energy_qaoa_hadamard_state": -12.58974651113283,
  "energy_value_exact": -15
}