{
  "expected_value_gibbs_state": -16.210610899611915,
  "expected_value_hadamard_state": -14.500014499956581,
  "energy_qaoa_gibbs_state": -18.527728284161554,
  "energy_qaoa_hadamard_state": -17.66303013183778,
  "energy_value_exact": -20
}