{
  "expected_value_gibbs_state": -18.49612579684251,
  "expected_value_hadamard_state": -16.50001649993238,
  "energy_qaoa_gibbs_state": -19.022316677322912,
  "energy_qaoa_hadamard_state": -19.91732672585413,
  "energy_value_exact": -22
}