{
  "expected_value_gibbs_state": -17.837801661615586,
  "expected_value_hadamard_state": -16.000015999939944,
  "energy_qaoa_gibbs_state": -20.54124899252458,
  "energy_qaoa_hadamard_state": -19.439304640527588,
  "energy_value_exact": -23
}