{
  "expected_value_gibbs_state": -9.056784225900161,
  "expected_value_hadamard_state": -7.50000749999397,
  "energy_qaoa_gibbs_state": -10.758919028356024,
  "energy_qaoa_hadamard_state": -10.304534731803393,
  "energy_value_exact": -12
}