{
  "expected_value_gibbs_state": -11.745134469795165,
  "expected_value_hadamard_state": -8.500008499992518,
  "energy_qaoa_gibbs_state": -11.834287175344373,
  "energy_qaoa_hadamard_state": -12.72172402892214,
  "energy_value_exact": -14
}