{
  "expected_value_gibbs_state": -18.983009364037915,
  "expected_value_hadamard_state": -14.000013999960787,
  "energy_qaoa_gibbs_state": -18.98724717985577,
  "energy_qaoa_hadamard_state": -17.268999450271853,
  "energy_value_exact": -19
}