{
  "expected_value_gibbs_state": -15.404122073373234,
  "expected_value_hadamard_state": -13.500013499963899,
  "energy_qaoa_gibbs_state": -17.589564180204025,
  "energy_qaoa_hadamard_state": -16.887006809878997,
  "energy_value_exact": -20
}