{
  "expected_value_gibbs_state": -16.93566817324889,
  "expected_value_hadamard_state": -15.000014999949014,
  "energy_qaoa_gibbs_state": -18.84931285919782,
  "energy_qaoa_hadamard_state": -17.87707870484579,
  "energy_value_exact": -21
}