{
  "expected_value_gibbs_state": -18.723456971158882,
  "expected_value_hadamard_state": -17.00001699992205,
  "energy_qaoa_gibbs_state": -19.76925139263791,
  "energy_qaoa_hadamard_state": -18.622096656295597,
  "energy_value_exact": -22
}