{
  "expected_value_gibbs_state": -20.213965181791668,
  "expected_value_hadamard_state": -17.500017499920425,
  "energy_qaoa_gibbs_state": -21.342277489138752,
  "energy_qaoa_hadamard_state": -19.9470249608838,
  "energy_value_exact": -23
}