{
  "expected_value_gibbs_state": -12.02542537254815,
  "expected_value_hadamard_state": -10.000009999986549,
  "energy_qaoa_gibbs_state": -14.149315451605956,
  "energy_qaoa_hadamard_state": -12.975226971744934,
  "energy_value_exact": -15
}