{
  "expected_value_gibbs_state": -16.323744669765702,
  "expected_value_hadamard_state": -14.500014499949073,
  "energy_qaoa_gibbs_state": -17.57295904482654,
  "energy_qaoa_hadamard_state": -16.001289486545424,
  "energy_value_exact": -20
}