{
  "expected_value_gibbs_state": -14.407039226949584,
  "expected_value_hadamard_state": -12.000011999977575,
  "energy_qaoa_gibbs_state": -15.911195832413863,
  "energy_qaoa_hadamard_state": -16.47884649157005,
  "energy_value_exact": -19
}