{
  "expected_value_gibbs_state": -13.53698132184215,
  "expected_value_hadamard_state": -10.000009999989553,
  "energy_qaoa_gibbs_state": -14.622460556746613,
  "energy_qaoa_hadamard_state": -14.046035881132365,
  "energy_value_exact": -15
}