{
  "expected_value_gibbs_state": -19.830085734217803,
  "expected_value_hadamard_state": -17.00001699992353,
  "energy_qaoa_gibbs_state": -21.91550306983948,
  "energy_qaoa_hadamard_state": -21.105038292817312,
  "energy_value_exact": -23
}