{
  "expected_value_gibbs_state": -16.16148548355075,
  "expected_value_hadamard_state": -14.500014499953576,
  "energy_qaoa_gibbs_state": -17.555793675478785,
  "energy_qaoa_hadamard_state": -16.976186530445247,
  "energy_value_exact": -20
}