{
  "expected_value_gibbs_state": -17.812835763236038,
  "expected_value_one_state": -18.0,
  "energy_qaoa_gibbs_state": -20.63335535180627,
  "energy_qaoa_one_state": -19.99999999999986,
  "energy_value_exact": -22
}