{
  "expected_value_gibbs_state": -21.839691176358745,
  "expected_value_one_state": -22.0,
  "energy_qaoa_gibbs_state": -23.419465805145734,
  "energy_qaoa_one_state": -22.15300972831984,
  "energy_value_exact": -26
}