{
  "expected_value_gibbs_state": -19.39107798495688,
  "expected_value_one_state": -20.0,
  "energy_qaoa_gibbs_state": -21.565033884985382,
  "energy_qaoa_one_state": -19.9999997342489,
  "energy_value_exact": -23
}