{
  "expected_value_gibbs_state": -17.839653816293364,
  "expected_value_one_state": -18.0,
  "energy_qaoa_gibbs_state": -18.557074354884204,
  "energy_qaoa_one_state": -20.65608872206235,
  "energy_value_exact": -23
}