{
  "expected_value_gibbs_state": -21.685292540599434,
  "expected_value_one_state": -22.0,
  "energy_qaoa_gibbs_state": -24.44010896420987,
  "energy_qaoa_one_state": -21.99999998498935,
  "energy_value_exact": -26
}