{
  "expected_value_gibbs_state": -21.120269990848797,
  "expected_value_one_state": -22.0,
  "energy_qaoa_gibbs_state": -22.81777442367877,
  "energy_qaoa_one_state": -21.99999982789888,
  "energy_value_exact": -24
}