{
  "expected_value_gibbs_state": -17.717256702830998,
  "expected_value_one_state": -18.0,
  "energy_qaoa_gibbs_state": -19.126221093919888,
  "energy_qaoa_one_state": -18.086703865237894,
  "energy_value_exact": -21
}