{
  "expected_value_gibbs_state": -18.507326354449006,
  "expected_value_one_state": -19.0,
  "energy_qaoa_gibbs_state": -19.75550901485576,
  "energy_qaoa_one_state": -18.9999997277354,
  "energy_value_exact": -21
}