{
  "expected_value_gibbs_state": -19.612792653472056,
  "expected_value_one_state": -20.0,
  "energy_qaoa_gibbs_state": -22.21772471968682,
  "energy_qaoa_one_state": -19.999999631205828,
  "energy_value_exact": -24
}