{
  "expected_value_gibbs_state": -22.431880569235368,
  "expected_value_one_state": -23.0,
  "energy_qaoa_gibbs_state": -24.71596343347857,
  "energy_qaoa_one_state": -22.99999999999994,
  "energy_value_exact": -27
}