{
  "expected_value_gibbs_state": -23.45959723872541,
  "expected_value_one_state": -24.0,
  "energy_qaoa_gibbs_state": -27.94324189466012,
  "energy_qaoa_one_state": -24.136122778557557,
  "energy_value_exact": -29
}