{
  "expected_value_gibbs_state": -19.18798300014838,
  "expected_value_one_state": -20.0,
  "energy_qaoa_gibbs_state": -21.866098266284695,
  "energy_qaoa_one_state": -19.99999985811528,
  "energy_value_exact": -23
}