{
  "expected_value_gibbs_state": -20.775267702959376,
  "expected_value_one_state": -21.0,
  "energy_qaoa_gibbs_state": -22.263383712404647,
  "energy_qaoa_one_state": -20.999999309226578,
  "energy_value_exact": -23
}