{
  "expected_value_gibbs_state": -20.938832741735062,
  "expected_value_one_state": -21.0,
  "energy_qaoa_gibbs_state": -22.284491179018218,
  "energy_qaoa_one_state": -21.000000000000405,
  "energy_value_exact": -25
}