{
  "expected_value_gibbs_state": -22.755398053448776,
  "expected_value_one_state": -23.0,
  "energy_qaoa_gibbs_state": -26.39505719437686,
  "energy_qaoa_one_state": -22.999999811936384,
  "energy_value_exact": -28
}