{
  "expected_value_gibbs_state": -16.032760006322686,
  "expected_value_one_state": -17.0,
  "energy_qaoa_gibbs_state": -17.726734281847513,
  "energy_qaoa_one_state": -16.999999899648074,
  "energy_value_exact": -19
}