{
  "expected_value_gibbs_state": -20.071191782227423,
  "expected_value_one_state": -21.0,
  "energy_qaoa_gibbs_state": -23.029571737551038,
  "energy_qaoa_one_state": -20.99999971239066,
  "energy_value_exact": -25
}