{
  "expected_value_gibbs_state": -19.72317319150531,
  "expected_value_one_state": -20.0,
  "energy_qaoa_gibbs_state": -21.345090663824735,
  "energy_qaoa_one_state": -19.754790537797,
  "energy_value_exact": -26
}