{
  "expected_value_gibbs_state": -18.316612884457037,
  "expected_value_one_state": -19.0,
  "energy_qaoa_gibbs_state": -22.131829246198784,
  "energy_qaoa_one_state": -18.999999850514136,
  "energy_value_exact": -23
}