{
  "expected_value_gibbs_state": -17.669849821339383,
  "expected_value_one_state": -18.0,
  "energy_qaoa_gibbs_state": -19.118487104261682,
  "energy_qaoa_one_state": -19.48366590496573,
  "energy_value_exact": -22
}