{
  "expected_value_gibbs_state": -22.37906023979135,
  "expected_value_one_state": -23.0,
  "energy_qaoa_gibbs_state": -24.612152207213015,
  "energy_qaoa_one_state": -22.99999963598366,
  "energy_value_exact": -26
}