{
  "expected_value_gibbs_state": -21.11928574551089,
  "expected_value_one_state": -22.0,
  "energy_qaoa_gibbs_state": -23.988221529040217,
  "energy_qaoa_one_state": -21.633801461891206,
  "energy_value_exact": -26
}