{
  "expected_value_gibbs_state": -22.27442135266694,
  "expected_value_one_state": -23.0,
  "energy_qaoa_gibbs_state": -25.90738569404257,
  "energy_qaoa_one_state": -23.183201001445582,
  "energy_value_exact": -27
}