{
  "expected_value_gibbs_state": -15.005767197240553,
  "expected_value_one_state": -16.0,
  "energy_qaoa_gibbs_state": -17.608978600315147,
  "energy_qaoa_one_state": -15.999999629778856,
  "energy_value_exact": -19
}