{
  "expected_value_gibbs_state": -22.85563288746061,
  "expected_value_one_state": -23.0,
  "energy_qaoa_gibbs_state": -25.585732810038657,
  "energy_qaoa_one_state": -23.28256702995085,
  "energy_value_exact": -27
}