{
  "expected_value_gibbs_state": -19.969635152428655,
  "expected_value_one_state": -20.0,
  "energy_qaoa_gibbs_state": -22.3186195183685,
  "energy_qaoa_one_state": -19.999999788730115,
  "energy_value_exact": -24
}