{
  "expected_value_gibbs_state": -19.445083484000783,
  "expected_value_one_state": -20.0,
  "energy_qaoa_gibbs_state": -21.62687384588115,
  "energy_qaoa_one_state": -19.783891767408974,
  "energy_value_exact": -24
}