{
  "expected_value_gibbs_state": -22.541292403758586,
  "expected_value_one_state": -23.0,
  "energy_qaoa_gibbs_state": -25.01611149564075,
  "energy_qaoa_one_state": -22.999999801546007,
  "energy_value_exact": -27
}