{
  "expected_value_gibbs_state": -15.871286253464428,
  "expected_value_one_state": -16.0,
  "energy_qaoa_gibbs_state": -17.570709464631335,
  "energy_qaoa_one_state": -15.999999500270063,
  "energy_value_exact": -19
}