{
  "expected_value_gibbs_state": -16.592955728933166,
  "expected_value_one_state": -17.0,
  "energy_qaoa_gibbs_state": -19.735733940865714,
  "energy_qaoa_one_state": -18.21901266676562,
  "energy_value_exact": -21
}