{
  "expected_value_gibbs_state": -21.836241106705756,
  "expected_value_one_state": -22.0,
  "energy_qaoa_gibbs_state": -23.764339044179067,
  "energy_qaoa_one_state": -21.99999942880007,
  "energy_value_exact": -25
}