{
  "expected_value_gibbs_state": -20.2015018750137,
  "expected_value_one_state": -21.0,
  "energy_qaoa_gibbs_state": -22.32088416284916,
  "energy_qaoa_one_state": -20.999999999999922,
  "energy_value_exact": -24
}