{
  "expected_value_gibbs_state": -20.468114811744286,
  "expected_value_one_state": -21.0,
  "energy_qaoa_gibbs_state": -23.641563006739958,
  "energy_qaoa_one_state": -20.999999877231367,
  "energy_value_exact": -25
}