{
  "expected_value_gibbs_state": -23.150145718294667,
  "expected_value_one_state": -24.0,
  "energy_qaoa_gibbs_state": -26.683613418683038,
  "energy_qaoa_one_state": -23.99999979725145,
  "energy_value_exact": -28
}