{
  "expected_value_gibbs_state": -21.973451601733974,
  "expected_value_one_state": -22.0,
  "energy_qaoa_gibbs_state": -27.03821083549518,
  "energy_qaoa_one_state": -22.57821725267247,
  "energy_value_exact": -28
}