{
  "expected_value_gibbs_state": -26.347082560298002,
  "expected_value_one_state": -27.0,
  "energy_qaoa_gibbs_state": -30.036100293233623,
  "energy_qaoa_one_state": -26.999999880970577,
  "energy_value_exact": -32
}