{
  "expected_value_gibbs_state": -19.556408469090467,
  "expected_value_one_state": -20.0,
  "energy_qaoa_gibbs_state": -22.306753700752544,
  "energy_qaoa_one_state": -19.999999791724317,
  "energy_value_exact": -24
}