{
  "expected_value_gibbs_state": -22.52642965259261,
  "expected_value_one_state": -23.0,
  "energy_qaoa_gibbs_state": -26.60916133747525,
  "energy_qaoa_one_state": -23.06090560641643,
  "energy_value_exact": -28
}