{
  "expected_value_gibbs_state": -17.470386137033927,
  "expected_value_one_state": -18.0,
  "energy_qaoa_gibbs_state": -19.726713825922715,
  "energy_qaoa_one_state": -17.999999719610194,
  "energy_value_exact": -21
}