{
  "expected_value_gibbs_state": -21.485751767936847,
  "expected_value_one_state": -22.0,
  "energy_qaoa_gibbs_state": -25.121470212796332,
  "energy_qaoa_one_state": -21.99999988527589,
  "energy_value_exact": -26
}