{
  "expected_value_gibbs_state": -21.85885420684534,
  "expected_value_one_state": -22.0,
  "energy_qaoa_gibbs_state": -23.406474585964343,
  "energy_qaoa_one_state": -21.999999477581284,
  "energy_value_exact": -25
}