{
  "expected_value_gibbs_state": -22.04142441288466,
  "expected_value_one_state": -23.0,
  "energy_qaoa_gibbs_state": -25.614653931369173,
  "energy_qaoa_one_state": -22.999999697421057,
  "energy_value_exact": -27
}