{
  "expected_value_gibbs_state": -18.90923400485668,
  "expected_value_one_state": -19.0,
  "energy_qaoa_gibbs_state": -20.920192028432815,
  "energy_qaoa_one_state": -18.99999971411663,
  "energy_value_exact": -22
}