{
  "expected_value_gibbs_state": -21.778958246833405,
  "expected_value_one_state": -22.0,
  "energy_qaoa_gibbs_state": -24.70513068613601,
  "energy_qaoa_one_state": -22.27933015743615,
  "energy_value_exact": -27
}