{
  "expected_value_gibbs_state": -18.796009836081787,
  "expected_value_one_state": -19.0,
  "energy_qaoa_gibbs_state": -20.202092971145824,
  "energy_qaoa_one_state": -18.99999956293403,
  "energy_value_exact": -21
}