{
  "expected_value_gibbs_state": -26.567428964823904,
  "expected_value_one_state": -27.0,
  "energy_qaoa_gibbs_state": -31.651402786951174,
  "energy_qaoa_one_state": -27.36491987820535,
  "energy_value_exact": -33
}