{
  "expected_value_gibbs_state": -22.165172158628682,
  "expected_value_one_state": -23.0,
  "energy_qaoa_gibbs_state": -24.185994939921848,
  "energy_qaoa_one_state": -22.999999490546468,
  "energy_value_exact": -26
}