{
  "expected_value_gibbs_state": -19.197156022798524,
  "expected_value_one_state": -20.0,
  "energy_qaoa_gibbs_state": -22.164343084786267,
  "energy_qaoa_one_state": -20.000000000000174,
  "energy_value_exact": -25
}