{
  "expected_value_gibbs_state": -18.259260039115972,
  "expected_value_one_state": -19.0,
  "energy_qaoa_gibbs_state": -20.9988294879882,
  "energy_qaoa_one_state": -19.000000000000238,
  "energy_value_exact": -23
}