{
  "expected_value_gibbs_state": -18.98265274012414,
  "expected_value_one_state": -19.0,
  "energy_qaoa_gibbs_state": -21.23747665030092,
  "energy_qaoa_one_state": -18.99999984086728,
  "energy_value_exact": -22
}