{
  "expected_value_gibbs_state": -25.89053896170873,
  "expected_value_one_state": -26.0,
  "energy_qaoa_gibbs_state": -29.50593147957146,
  "energy_qaoa_one_state": -26.644795457627588,
  "energy_value_exact": -32
}