{
  "expected_value_gibbs_state": -22.18457723338156,
  "expected_value_one_state": -23.0,
  "energy_qaoa_gibbs_state": -26.554976054535715,
  "energy_qaoa_one_state": -22.999999867683837,
  "energy_value_exact": -28
}