{
  "expected_value_gibbs_state": -21.658110856976045,
  "expected_value_one_state": -22.0,
  "energy_qaoa_gibbs_state": -25.027761746561048,
  "energy_qaoa_one_state": -21.9999998424261,
  "energy_value_exact": -27
}