{
  "expected_value_gibbs_state": -17.854170178150422,
  "expected_value_one_state": -18.0,
  "energy_qaoa_gibbs_state": -20.90222669409861,
  "energy_qaoa_one_state": -18.0812986936224,
  "energy_value_exact": -22
}