{
  "expected_value_gibbs_state": -18.70310114382551,
  "expected_value_one_state": -19.0,
  "energy_qaoa_gibbs_state": -21.140692830778164,
  "energy_qaoa_one_state": -18.999999945123104,
  "energy_value_exact": -22
}