{
  "expected_value_gibbs_state": -27.349726592457515,
  "expected_value_one_state": -28.0,
  "energy_qaoa_gibbs_state": -30.72536082590014,
  "energy_qaoa_one_state": -28.556949976170145,
  "energy_value_exact": -33
}