{
  "expected_value_gibbs_state": -21.4563286914788,
  "expected_value_one_state": -22.0,
  "energy_qaoa_gibbs_state": -23.170332256378856,
  "energy_qaoa_one_state": -21.999999963752142,
  "energy_value_exact": -24
}