{
  "expected_value_gibbs_state": -22.54452870041827,
  "expected_value_one_state": -23.0,
  "energy_qaoa_gibbs_state": -25.815777573869617,
  "energy_qaoa_one_state": -22.99999994057392,
  "energy_value_exact": -27
}