{
  "expected_value_gibbs_state": -22.13399768031619,
  "expected_value_one_state": -23.0,
  "energy_qaoa_gibbs_state": -24.133923005797797,
  "energy_qaoa_one_state": -22.999999625787314,
  "energy_value_exact": -26
}