{
  "expected_value_gibbs_state": -22.330057115916766,
  "expected_value_one_state": -23.0,
  "energy_qaoa_gibbs_state": -25.803490264384006,
  "energy_qaoa_one_state": -22.999999585767533,
  "energy_value_exact": -27
}