{
  "expected_value_gibbs_state": -20.00363263392092,
  "expected_value_one_state": -21.0,
  "energy_qaoa_gibbs_state": -21.951091306963683,
  "energy_qaoa_one_state": -20.999999865498957,
  "energy_value_exact": -23
}