{
  "expected_value_gibbs_state": -19.664897698764335,
  "expected_value_one_state": -20.0,
  "energy_qaoa_gibbs_state": -21.52957333315468,
  "energy_qaoa_one_state": -20.00000000000054,
  "energy_value_exact": -24
}