{
  "expected_value_gibbs_state": -16.533519890606595,
  "expected_value_one_state": -17.0,
  "energy_qaoa_gibbs_state": -18.52543867227181,
  "energy_qaoa_one_state": -17.07359647782874,
  "energy_value_exact": -21
}