{
  "expected_value_gibbs_state": -20.188156000284124,
  "expected_value_one_state": -21.0,
  "energy_qaoa_gibbs_state": -24.062036953777657,
  "energy_qaoa_one_state": -20.999999869298165,
  "energy_value_exact": -26
}