{
  "expected_value_gibbs_state": -23.62284207431615,
  "expected_value_one_state": -24.0,
  "energy_qaoa_gibbs_state": -26.716014066622428,
  "energy_qaoa_one_state": -23.9999996824811,
  "energy_value_exact": -28
}