{
  "expected_value_gibbs_state": -16.042320724479655,
  "expected_value_one_state": -17.0,
  "energy_qaoa_gibbs_state": -19.1245888485755,
  "energy_qaoa_one_state": -16.259447977489128,
  "energy_value_exact": -20
}