{
  "expected_value_gibbs_state": -20.327964068294456,
  "expected_value_one_state": -21.0,
  "energy_qaoa_gibbs_state": -22.66581152339026,
  "energy_qaoa_one_state": -21.00000000000019,
  "energy_value_exact": -24
}