{
  "expected_value_gibbs_state": -21.02369781022538,
  "expected_value_one_state": -22.0,
  "energy_qaoa_gibbs_state": -22.256203734157403,
  "energy_qaoa_one_state": -21.999999483979963,
  "energy_value_exact": -23
}