{
  "expected_value_gibbs_state": -21.974856536191652,
  "expected_value_one_state": -22.0,
  "energy_qaoa_gibbs_state": -23.599580208596336,
  "energy_qaoa_one_state": -21.99999970281786,
  "energy_value_exact": -25
}