{
  "expected_value_gibbs_state": -20.589598980133985,
  "expected_value_one_state": -21.0,
  "energy_qaoa_gibbs_state": -23.42998767382485,
  "energy_qaoa_one_state": -20.999999848941464,
  "energy_value_exact": -25
}