{
  "expected_value_gibbs_state": -23.74430947612233,
  "expected_value_one_state": -24.0,
  "energy_qaoa_gibbs_state": -26.48174839730465,
  "energy_qaoa_one_state": -23.99999981156504,
  "energy_value_exact": -29
}