{
  "expected_value_gibbs_state": -23.711694603854383,
  "expected_value_one_state": -24.0,
  "energy_qaoa_gibbs_state": -27.46903108112369,
  "energy_qaoa_one_state": -23.9999998537922,
  "energy_value_exact": -29
}