{
  "expected_value_gibbs_state": -17.790297041821752,
  "expected_value_one_state": -18.0,
  "energy_qaoa_gibbs_state": -20.187492457192555,
  "energy_qaoa_one_state": -17.99999982225046,
  "energy_value_exact": -21
}