{
  "expected_value_gibbs_state": -19.78652196320646,
  "expected_value_one_state": -20.0,
  "energy_qaoa_gibbs_state": -22.195692604192885,
  "energy_qaoa_one_state": -20.000000000000256,
  "energy_value_exact": -24
}