{
  "expected_value_gibbs_state": -19.593461961576857,
  "expected_value_one_state": -20.0,
  "energy_qaoa_gibbs_state": -20.459262788577213,
  "energy_qaoa_one_state": -22.111049518279103,
  "energy_value_exact": -25
}