{
  "expected_value_gibbs_state": -20.70526546725907,
  "expected_value_one_state": -21.0,
  "energy_qaoa_gibbs_state": -23.77581970960702,
  "energy_qaoa_one_state": -20.999999732417283,
  "energy_value_exact": -26
}