{
  "expected_value_gibbs_state": -19.776726043297042,
  "expected_value_one_state": -20.0,
  "energy_qaoa_gibbs_state": -22.120412221355057,
  "energy_qaoa_one_state": -19.99999973336404,
  "energy_value_exact": -24
}