{
  "expected_value_gibbs_state": -21.295468938604166,
  "expected_value_one_state": -22.0,
  "energy_qaoa_gibbs_state": -24.615163339187955,
  "energy_qaoa_one_state": -21.99999971943338,
  "energy_value_exact": -27
}