{
  "expected_value_gibbs_state": -19.777161866828607,
  "expected_value_one_state": -20.0,
  "energy_qaoa_gibbs_state": -23.61047534356151,
  "energy_qaoa_one_state": -19.301948263614058,
  "energy_value_exact": -25
}