{
  "expected_value_gibbs_state": -27.196975190870326,
  "expected_value_one_state": -28.0,
  "energy_qaoa_gibbs_state": -28.4288663947545,
  "energy_qaoa_one_state": -28.000000000000348,
  "energy_value_exact": -32
}