{
  "expected_value_gibbs_state": -25.407666058760988,
  "expected_value_one_state": -26.0,
  "energy_qaoa_gibbs_state": -29.01090221369149,
  "energy_qaoa_one_state": -26.404442558926586,
  "energy_value_exact": -30
}