{
  "expected_value_gibbs_state": -22.57413147692335,
  "expected_value_one_state": -23.0,
  "energy_qaoa_gibbs_state": -25.026691820594635,
  "energy_qaoa_one_state": -22.999999779439744,
  "energy_value_exact": -27
}