{
  "expected_value_gibbs_state": -19.91020025987127,
  "expected_value_one_state": -20.0,
  "energy_qaoa_gibbs_state": -21.131625647081876,
  "energy_qaoa_one_state": -19.999999940939766,
  "energy_value_exact": -22
}