{
  "expected_value_gibbs_state": -24.91454801990643,
  "expected_value_one_state": -25.0,
  "energy_qaoa_gibbs_state": -28.739828640812604,
  "energy_qaoa_one_state": -24.99999994017539,
  "energy_value_exact": -31
}