{
  "expected_value_gibbs_state": -20.719690029565776,
  "expected_value_one_state": -21.0,
  "energy_qaoa_gibbs_state": -24.87271103201752,
  "energy_qaoa_one_state": -21.729394381112932,
  "energy_value_exact": -26
}