{
  "expected_value_gibbs_state": -23.388236535886854,
  "expected_value_one_state": -24.0,
  "energy_qaoa_gibbs_state": -27.227953570060215,
  "energy_qaoa_one_state": -23.99999990693869,
  "energy_value_exact": -28
}