{
  "expected_value_gibbs_state": -22.18491059383207,
  "expected_value_one_state": -23.0,
  "energy_qaoa_gibbs_state": -23.637474583582758,
  "energy_qaoa_one_state": -22.99999949353161,
  "energy_value_exact": -25
}