{
  "expected_value_gibbs_state": -23.761466896299346,
  "expected_value_one_state": -24.0,
  "energy_qaoa_gibbs_state": -25.798804317894863,
  "energy_qaoa_one_state": -23.999999755984348,
  "energy_value_exact": -28
}