{
  "expected_value_gibbs_state": -22.082194543906347,
  "expected_value_one_state": -23.0,
  "energy_qaoa_gibbs_state": -23.710414886022136,
  "energy_qaoa_one_state": -22.99999994261138,
  "energy_value_exact": -25
}