{
  "expected_value_gibbs_state": -17.374226349013508,
  "expected_value_one_state": -18.0,
  "energy_qaoa_gibbs_state": -18.977998341641722,
  "energy_qaoa_one_state": -18.000000000000355,
  "energy_value_exact": -23
}