{
  "expected_value_gibbs_state": -16.275335245314732,
  "expected_value_one_state": -17.0,
  "energy_qaoa_gibbs_state": -19.72269453052337,
  "energy_qaoa_one_state": -17.000000000000068,
  "energy_value_exact": -21
}