{
  "expected_value_gibbs_state": -16.150887860319585,
  "expected_value_one_state": -17.0,
  "energy_qaoa_gibbs_state": -17.986264945399434,
  "energy_qaoa_one_state": -16.99999946615061,
  "energy_value_exact": -19
}