{
  "expected_value_gibbs_state": -20.30262111372841,
  "expected_value_one_state": -21.0,
  "energy_qaoa_gibbs_state": -23.794210008314227,
  "energy_qaoa_one_state": -20.999999760127114,
  "energy_value_exact": -26
}