{
  "expected_value_gibbs_state": -17.081406267535815,
  "expected_value_one_state": -18.0,
  "energy_qaoa_gibbs_state": -19.659064790179738,
  "energy_qaoa_one_state": -17.999999968800964,
  "energy_value_exact": -21
}