{
  "expected_value_gibbs_state": -24.626848822178925,
  "expected_value_one_state": -25.0,
  "energy_qaoa_gibbs_state": -27.695358861669572,
  "energy_qaoa_one_state": -25.295679105895942,
  "energy_value_exact": -29
}