{
  "expected_value_gibbs_state": -19.368465831526468,
  "expected_value_one_state": -20.0,
  "energy_qaoa_gibbs_state": -21.65460965827924,
  "energy_qaoa_one_state": -20.86874433937945,
  "energy_value_exact": -24
}