{
  "expected_value_gibbs_state": -21.185194415492376,
  "expected_value_one_state": -22.0,
  "energy_qaoa_gibbs_state": -22.726736955900627,
  "energy_qaoa_one_state": -21.999999455521323,
  "energy_value_exact": -24
}