{
  "expected_value_gibbs_state": -22.39627604666002,
  "expected_value_one_state": -23.0,
  "energy_qaoa_gibbs_state": -25.89919892583707,
  "energy_qaoa_one_state": -22.99999996171074,
  "energy_value_exact": -29
}