{
  "expected_value_gibbs_state": -15.627953785797748,
  "expected_value_one_state": -16.0,
  "energy_qaoa_gibbs_state": -17.652160252899833,
  "energy_qaoa_one_state": -16.5160410670502,
  "energy_value_exact": -19
}