{
  "expected_value_gibbs_state": -24.06375363964517,
  "expected_value_one_state": -25.0,
  "energy_qaoa_gibbs_state": -26.57709425471515,
  "energy_qaoa_one_state": -24.999999818267455,
  "energy_value_exact": -28
}