{
  "expected_value_gibbs_state": -21.84376902118535,
  "expected_value_one_state": -22.0,
  "energy_qaoa_gibbs_state": -23.206711071694258,
  "energy_qaoa_one_state": -22.083459353309554,
  "energy_value_exact": -26
}