{
  "expected_value_gibbs_state": -20.684326618151406,
  "expected_value_one_state": -21.0,
  "energy_qaoa_gibbs_state": -24.252952041113076,
  "energy_qaoa_one_state": -20.999999723984534,
  "energy_value_exact": -25
}