{
  "expected_value_gibbs_state": -24.425733552354675,
  "expected_value_one_state": -25.0,
  "energy_qaoa_gibbs_state": -28.630916784396536,
  "energy_qaoa_one_state": -24.999999812920585,
  "energy_value_exact": -30
}