{
  "expected_value_gibbs_state": -23.85253660322841,
  "expected_value_one_state": -24.0,
  "energy_qaoa_gibbs_state": -27.549135150445636,
  "energy_qaoa_one_state": -23.999999791020706,
  "energy_value_exact": -29
}