{
  "expected_value_gibbs_state": -25.69322785041451,
  "expected_value_one_state": -26.0,
  "energy_qaoa_gibbs_state": -28.512453836219045,
  "energy_qaoa_one_state": -25.99999978928918,
  "energy_value_exact": -30
}