{
  "expected_value_gibbs_state": -20.89998235227888,
  "expected_value_one_state": -21.0,
  "energy_qaoa_gibbs_state": -22.383082784944143,
  "energy_qaoa_one_state": -20.99999976814648,
  "energy_value_exact": -23
}