{
  "expected_value_gibbs_state": -19.1293823481369,
  "expected_value_one_state": -20.0,
  "energy_qaoa_gibbs_state": -22.393046817445303,
  "energy_qaoa_one_state": -20.831273413035362,
  "energy_value_exact": -24
}