{
  "expected_value_gibbs_state": -16.96481273894703,
  "expected_value_one_state": -17.0,
  "energy_qaoa_gibbs_state": -19.153291450778884,
  "energy_qaoa_one_state": -17.000000000000313,
  "energy_value_exact": -22
}