{
  "expected_value_gibbs_state": -21.78973333205263,
  "expected_value_one_state": -22.0,
  "energy_qaoa_gibbs_state": -24.957610340644827,
  "energy_qaoa_one_state": -21.999999759650542,
  "energy_value_exact": -28
}