{
  "expected_value_gibbs_state": -19.55965550823682,
  "expected_value_one_state": -20.0,
  "energy_qaoa_gibbs_state": -21.954107391847423,
  "energy_qaoa_one_state": -19.999999837711837,
  "energy_value_exact": -23
}