{
  "expected_value_gibbs_state": -18.937444833847117,
  "expected_value_one_state": -19.0,
  "energy_qaoa_gibbs_state": -22.531587259514453,
  "energy_qaoa_one_state": -19.129677798151764,
  "energy_value_exact": -24
}