{
  "expected_value_gibbs_state": -25.80957559411135,
  "expected_value_one_state": -26.0,
  "energy_qaoa_gibbs_state": -29.1852437693751,
  "energy_qaoa_one_state": -26.160852486255212,
  "energy_value_exact": -31
}