{
  "expected_value_gibbs_state": -23.752922013437132,
  "expected_value_one_state": -24.0,
  "energy_qaoa_gibbs_state": -27.473215609511676,
  "energy_qaoa_one_state": -23.999999852600265,
  "energy_value_exact": -29
}