{
  "expected_value_gibbs_state": -26.78760476629856,
  "expected_value_one_state": -27.0,
  "energy_qaoa_gibbs_state": -29.73874748860494,
  "energy_qaoa_one_state": -27.61852406517772,
  "energy_value_exact": -32
}