{
  "expected_value_gibbs_state": -22.367835594944793,
  "expected_value_one_state": -23.0,
  "energy_qaoa_gibbs_state": -25.710991881058995,
  "energy_qaoa_one_state": -22.999999796834732,
  "energy_value_exact": -29
}