{
  "expected_value_gibbs_state": -21.93785928587926,
  "expected_value_one_state": -22.0,
  "energy_qaoa_gibbs_state": -24.711095230330407,
  "energy_qaoa_one_state": -22.57752944308038,
  "energy_value_exact": -26
}