{
  "expected_value_gibbs_state": -21.893002785981096,
  "expected_value_one_state": -22.0,
  "energy_qaoa_gibbs_state": -24.596761376793435,
  "energy_qaoa_one_state": -21.508696421678664,
  "energy_value_exact": -26
}