{
  "expected_value_gibbs_state": -22.702723835850982,
  "expected_value_one_state": -23.0,
  "energy_qaoa_gibbs_state": -24.40890678180346,
  "energy_qaoa_one_state": -22.99999952312828,
  "energy_value_exact": -26
}