{
  "expected_value_gibbs_state": -20.745735432814286,
  "expected_value_one_state": -21.0,
  "energy_qaoa_gibbs_state": -24.505999738841737,
  "energy_qaoa_one_state": -20.99999986164777,
  "energy_value_exact": -27
}