{
  "expected_value_gibbs_state": -19.609139622657292,
  "expected_value_one_state": -20.0,
  "energy_qaoa_gibbs_state": -21.109864917103533,
  "energy_qaoa_one_state": -22.000000000000334,
  "energy_value_exact": -25
}