{
  "expected_value_gibbs_state": -25.34805007716837,
  "expected_value_one_state": -26.0,
  "energy_qaoa_gibbs_state": -28.86154258205699,
  "energy_qaoa_one_state": -26.375946127265724,
  "energy_value_exact": -30
}