{
  "expected_value_gibbs_state": -24.812037108286432,
  "expected_value_one_state": -25.0,
  "energy_qaoa_gibbs_state": -27.467679098474825,
  "energy_qaoa_one_state": -24.999999884514356,
  "energy_value_exact": -30
}