{
  "expected_value_gibbs_state": -24.430777700598444,
  "expected_value_one_state": -25.0,
  "energy_qaoa_gibbs_state": -26.80722390987738,
  "energy_qaoa_one_state": -24.999999739423675,
  "energy_value_exact": -28
}