{
  "expected_value_gibbs_state": -18.491479624641418,
  "expected_value_one_state": -19.0,
  "energy_qaoa_gibbs_state": -19.878553785102206,
  "energy_qaoa_one_state": -18.99999987493645,
  "energy_value_exact": -21
}