{
  "expected_value_gibbs_state": -24.603162453561243,
  "expected_value_one_state": -25.0,
  "energy_qaoa_gibbs_state": -27.135191318076153,
  "energy_qaoa_one_state": -24.999999784930782,
  "energy_value_exact": -29
}