{
  "expected_value_gibbs_state": -19.092030384585122,
  "expected_value_one_state": -20.0,
  "energy_qaoa_gibbs_state": -22.26719177775125,
  "energy_qaoa_one_state": -20.000000000000203,
  "energy_value_exact": -24
}