{
  "expected_value_gibbs_state": -24.927799093884182,
  "expected_value_one_state": -25.0,
  "energy_qaoa_gibbs_state": -27.93902419350827,
  "energy_qaoa_one_state": -24.999999977985006,
  "energy_value_exact": -30
}