{
  "expected_value_gibbs_state": -24.262152468605155,
  "expected_value_one_state": -25.0,
  "energy_qaoa_gibbs_state": -27.270855952133147,
  "energy_qaoa_one_state": -24.999999664706234,
  "energy_value_exact": -30
}