{
  "expected_value_gibbs_state": -17.841444300108954,
  "expected_value_one_state": -18.0,
  "energy_qaoa_gibbs_state": -20.909412073543542,
  "energy_qaoa_one_state": -17.605697632372102,
  "energy_value_exact": -23
}