{
  "expected_value_gibbs_state": -20.663973384777893,
  "expected_value_one_state": -21.0,
  "energy_qaoa_gibbs_state": -23.697206791096797,
  "energy_qaoa_one_state": -20.999999807493996,
  "energy_value_exact": -26
}