{
  "expected_value_gibbs_state": -22.577858647515455,
  "expected_value_one_state": -23.0,
  "energy_qaoa_gibbs_state": -25.44610183457358,
  "energy_qaoa_one_state": -22.999999780980495,
  "energy_value_exact": -27
}