{
  "expected_value_gibbs_state": -22.586547640571542,
  "expected_value_one_state": -23.0,
  "energy_qaoa_gibbs_state": -25.400424561450414,
  "energy_qaoa_one_state": -22.99999984227334,
  "energy_value_exact": -27
}