{
  "expected_value_gibbs_state": -22.0021637581316,
  "expected_value_one_state": -23.0,
  "energy_qaoa_gibbs_state": -23.96496022635388,
  "energy_qaoa_one_state": -22.999999593292703,
  "energy_value_exact": -25
}