{
  "expected_value_gibbs_state": -16.756682476913344,
  "expected_value_one_state": -17.0,
  "energy_qaoa_gibbs_state": -17.77931130883014,
  "energy_qaoa_one_state": -17.00000000000023,
  "energy_value_exact": -21
}