{
  "expected_value_gibbs_state": -24.004515771895775,
  "expected_value_one_state": -25.0,
  "energy_qaoa_gibbs_state": -27.689492457318487,
  "energy_qaoa_one_state": -24.999999671048563,
  "energy_value_exact": -31
}