{
  "expected_value_gibbs_state": -19.34709786190071,
  "expected_value_one_state": -20.0,
  "energy_qaoa_gibbs_state": -20.30852243070228,
  "energy_qaoa_one_state": -19.32348816543296,
  "energy_value_exact": -24
}