{
  "expected_value_gibbs_state": -21.609675973270836,
  "expected_value_one_state": -22.0,
  "energy_qaoa_gibbs_state": -25.546565085378326,
  "energy_qaoa_one_state": -21.999999858784456,
  "energy_value_exact": -27
}