{
  "expected_value_gibbs_state": -18.113867340599235,
  "expected_value_one_state": -19.0,
  "energy_qaoa_gibbs_state": -20.574401423195134,
  "energy_qaoa_one_state": -18.999999958647937,
  "energy_value_exact": -22
}