{
  "expected_value_gibbs_state": -22.32887288281736,
  "expected_value_one_state": -23.0,
  "energy_qaoa_gibbs_state": -24.83874507367035,
  "energy_qaoa_one_state": -22.9999995792753,
  "energy_value_exact": -26
}