{
  "expected_value_gibbs_state": -21.823766617098943,
  "expected_value_one_state": -22.0,
  "energy_qaoa_gibbs_state": -24.942162000136392,
  "energy_qaoa_one_state": -21.999999770428225,
  "energy_value_exact": -27
}