{
  "expected_value_gibbs_state": -19.627877861030996,
  "expected_value_one_state": -20.0,
  "energy_qaoa_gibbs_state": -21.295475293307753,
  "energy_qaoa_one_state": -19.999999623771217,
  "energy_value_exact": -22
}