{
  "expected_value_gibbs_state": -23.90138919594804,
  "expected_value_one_state": -24.0,
  "energy_qaoa_gibbs_state": -27.178422657141937,
  "energy_qaoa_one_state": -23.999999854314744,
  "energy_value_exact": -30
}