{
  "expected_value_gibbs_state": -20.43998727062678,
  "expected_value_one_state": -21.0,
  "energy_qaoa_gibbs_state": -21.861154459302654,
  "energy_qaoa_one_state": -21.000000000000295,
  "energy_value_exact": -25
}