{
  "expected_value_gibbs_state": -22.26239208838561,
  "expected_value_one_state": -23.0,
  "energy_qaoa_gibbs_state": -24.491224302049538,
  "energy_qaoa_one_state": -22.999999537645664,
  "energy_value_exact": -25
}