{
  "expected_value_gibbs_state": -22.325791488712188,
  "expected_value_one_state": -23.0,
  "energy_qaoa_gibbs_state": -25.399084895017374,
  "energy_qaoa_one_state": -22.99999985450996,
  "energy_value_exact": -28
}