{
  "expected_value_gibbs_state": -22.128348155561078,
  "expected_value_one_state": -23.0,
  "energy_qaoa_gibbs_state": -24.153291671478236,
  "energy_qaoa_one_state": -22.999999628766105,
  "energy_value_exact": -26
}