{
  "expected_value_gibbs_state": -17.623115449121524,
  "expected_value_one_state": -18.0,
  "energy_qaoa_gibbs_state": -20.231035535824763,
  "energy_qaoa_one_state": -17.99999992456614,
  "energy_value_exact": -22
}