{
  "expected_value_gibbs_state": -19.945980831354998,
  "expected_value_one_state": -20.0,
  "energy_qaoa_gibbs_state": -21.423770439013644,
  "energy_qaoa_one_state": -19.99999952951316,
  "energy_value_exact": -22
}