{
  "expected_value_gibbs_state": -20.310917032020786,
  "expected_value_one_state": -21.0,
  "energy_qaoa_gibbs_state": -21.606553332514025,
  "energy_qaoa_one_state": -20.999999569848534,
  "energy_value_exact": -23
}