{
  "expected_value_gibbs_state": -22.98495117477798,
  "expected_value_one_state": -23.0,
  "energy_qaoa_gibbs_state": -25.80460783583435,
  "energy_qaoa_one_state": -22.999999569984343,
  "energy_value_exact": -27
}