{
  "expected_value_gibbs_state": -17.94482536956904,
  "expected_value_one_state": -18.0,
  "energy_qaoa_gibbs_state": -20.25880004474051,
  "energy_qaoa_one_state": -17.999999777720813,
  "energy_value_exact": -22
}