{
  "expected_value_gibbs_state": -22.770775992652734,
  "expected_value_one_state": -23.0,
  "energy_qaoa_gibbs_state": -25.767341039868462,
  "energy_qaoa_one_state": -22.999999793719173,
  "energy_value_exact": -28
}