{
  "expected_value_gibbs_state": -18.44007880676724,
  "expected_value_one_state": -19.0,
  "energy_qaoa_gibbs_state": -20.532196184866606,
  "energy_qaoa_one_state": -18.999999774614842,
  "energy_value_exact": -22
}