{
  "expected_value_gibbs_state": -17.672567428236125,
  "expected_value_one_state": -18.0,
  "energy_qaoa_gibbs_state": -23.984291159512203,
  "energy_qaoa_one_state": -17.99999986487727,
  "energy_value_exact": -25
}