{
  "expected_value_gibbs_state": -17.571925701371647,
  "expected_value_one_state": -18.0,
  "energy_qaoa_gibbs_state": -19.545027675895188,
  "energy_qaoa_one_state": -17.99999964071627,
  "energy_value_exact": -21
}