{
  "expected_value_gibbs_state": -21.00206524931549,
  "expected_value_one_state": -22.0,
  "energy_qaoa_gibbs_state": -23.708248949351365,
  "energy_qaoa_one_state": -21.99999999999993,
  "energy_value_exact": -26
}