{
  "expected_value_gibbs_state": -27.87294125017355,
  "expected_value_psgibbs_state": -27.999643483208544,
  "energy_qaoa_gibbs_state": -29.520454601971245,
  "energy_qaoa_psgibbs_state": -28.000493850092518,
  "energy_value_exact": -33,
  "entropy_gibbs_state": 8.851891802423546,
  "entropy_psgibbs_state": 7.020829404542949
}