{
  "expected_value_gibbs_state": -27.482592436136937,
  "expected_value_psgibbs_state": -27.294397609689604,
  "energy_qaoa_gibbs_state": -28.800495408128377,
  "energy_qaoa_psgibbs_state": -28.13543739074547,
  "energy_value_exact": -33,
  "entropy_gibbs_state": 8.802672139974417,
  "entropy_psgibbs_state": 7.917026099942642
}