{
  "expected_value_gibbs_state": -20.890086452016433,
  "expected_value_psgibbs_state": -20.999734155841463,
  "energy_qaoa_gibbs_state": -24.4916122679601,
  "energy_qaoa_psgibbs_state": -20.99998111508455,
  "energy_value_exact": -27,
  "entropy_gibbs_state": 8.907046055249602,
  "entropy_psgibbs_state": 7.057036878052158
}