{
  "expected_value_gibbs_state": -28.49261544135882,
  "expected_value_psgibbs_state": -28.32074324182412,
  "energy_qaoa_gibbs_state": -29.520619265319823,
  "energy_qaoa_psgibbs_state": -28.276565838233232,
  "energy_value_exact": -34,
  "entropy_gibbs_state": 8.824748340462458,
  "entropy_psgibbs_state": 7.997206513169039
}