{
  "expected_value_gibbs_state": -25.878370161114603,
  "expected_value_psgibbs_state": -25.999672878517863,
  "energy_qaoa_gibbs_state": -26.092832432868555,
  "energy_qaoa_psgibbs_state": -26.000404284668438,
  "energy_value_exact": -31,
  "entropy_gibbs_state": 8.827523005030358,
  "entropy_psgibbs_state": 6.9068392610920375
}