{
  "expected_value_gibbs_state": -23.31282214357001,
  "expected_value_psgibbs_state": -23.000000000000597,
  "energy_qaoa_gibbs_state": -25.801232760517397,
  "energy_qaoa_psgibbs_state": -23.00000000000024,
  "energy_value_exact": -29,
  "entropy_gibbs_state": 8.813571941129865,
  "entropy_psgibbs_state": 7.0596176282912895
}