{
  "expected_value_gibbs_state": -25.988620960210962,
  "expected_value_psgibbs_state": -25.999976053734486,
  "energy_qaoa_gibbs_state": -27.073140866159967,
  "energy_qaoa_psgibbs_state": -25.999977402991455,
  "energy_value_exact": -33,
  "entropy_gibbs_state": 8.618745927164882,
  "entropy_psgibbs_state": 6.540047035702679
}