{
  "expected_value_gibbs_state": -27.36335618221853,
  "expected_value_psgibbs_state": -27.173529122636676,
  "energy_qaoa_gibbs_state": -29.829496438561954,
  "energy_qaoa_psgibbs_state": -27.427192653824974,
  "energy_value_exact": -33,
  "entropy_gibbs_state": 8.681119394104245,
  "entropy_psgibbs_state": 7.2071827288398875
}