{
  "expected_value_gibbs_state": -25.988620960210962,
  "expected_value_psgibbs_state": -25.797822631893112,
  "energy_qaoa_gibbs_state": -28.46407025766119,
  "energy_qaoa_psgibbs_state": -26.42726239896017,
  "energy_value_exact": -33,
  "entropy_gibbs_state": 8.618745927164882,
  "entropy_psgibbs_state": 7.603572343874866
}