{
  "expected_value_gibbs_state": -28.198467117013745,
  "expected_value_psgibbs_state": -27.99999999999946,
  "energy_qaoa_gibbs_state": -30.107275531240916,
  "energy_qaoa_psgibbs_state": -27.999202312573388,
  "energy_value_exact": -34,
  "entropy_gibbs_state": 8.7433907346609,
  "entropy_psgibbs_state": 6.9295167707637795
}