{
  "expected_value_gibbs_state": -27.837336969605335,
  "expected_value_psgibbs_state": -27.65486890606427,
  "energy_qaoa_gibbs_state": -28.776796086291014,
  "energy_qaoa_psgibbs_state": -27.734597441352925,
  "energy_value_exact": -33,
  "entropy_gibbs_state": 8.859733044686664,
  "entropy_psgibbs_state": 8.04728764511485
}