{
  "expected_value_gibbs_state": -28.198467117013745,
  "expected_value_psgibbs_state": -28.000752573489095,
  "energy_qaoa_gibbs_state": -29.270777692247528,
  "energy_qaoa_psgibbs_state": -28.00126064723277,
  "energy_value_exact": -34,
  "entropy_gibbs_state": 8.7433907346609,
  "entropy_psgibbs_state": 6.9353190089459495
}