{
  "expected_value_gibbs_state": -23.929303025937138,
  "expected_value_psgibbs_state": -23.999886353684317,
  "energy_qaoa_gibbs_state": -26.742682387271238,
  "energy_qaoa_psgibbs_state": -23.620871847861267,
  "energy_value_exact": -30,
  "entropy_gibbs_state": 8.781396883297097,
  "entropy_psgibbs_state": 6.829954370581218
}