{
  "expected_value_gibbs_state": -27.36335618221853,
  "expected_value_psgibbs_state": -27.000000000000625,
  "energy_qaoa_gibbs_state": -28.65001455490534,
  "energy_qaoa_psgibbs_state": -27.00000000000162,
  "energy_value_exact": -33,
  "entropy_gibbs_state": 8.681119394104245,
  "entropy_psgibbs_state": 6.813444599535135
}