{
  "expected_value_gibbs_state": -20.890086452016433,
  "expected_value_psgibbs_state": -20.939981435101277,
  "energy_qaoa_gibbs_state": -23.328556178404213,
  "energy_qaoa_psgibbs_state": -20.96181137860078,
  "energy_value_exact": -27,
  "entropy_gibbs_state": 8.907046055249602,
  "entropy_psgibbs_state": 7.34212134813206
}