{
  "expected_value_gibbs_state": -27.837336969605335,
  "expected_value_psgibbs_state": -27.907045496333335,
  "energy_qaoa_gibbs_state": -29.82558791944495,
  "energy_qaoa_psgibbs_state": -27.95966378490977,
  "energy_value_exact": -33,
  "entropy_gibbs_state": 8.859733044686664,
  "entropy_psgibbs_state": 7.336938998136655
}