{
  "expected_value_gibbs_state": -28.49261544135882,
  "expected_value_psgibbs_state": -28.369457649160104,
  "energy_qaoa_gibbs_state": -29.90778359696748,
  "energy_qaoa_psgibbs_state": -28.711097120650656,
  "energy_value_exact": -34,
  "entropy_gibbs_state": 8.824748340462458,
  "entropy_psgibbs_state": 7.729259439379228
}