{
  "expected_value_gibbs_state": -27.87294125017355,
  "expected_value_psgibbs_state": -27.80125902986254,
  "energy_qaoa_gibbs_state": -30.21161019707094,
  "energy_qaoa_psgibbs_state": -28.322652316869195,
  "energy_value_exact": -33,
  "entropy_gibbs_state": 8.851891802423546,
  "entropy_psgibbs_state": 7.7581006139426645
}