{
  "expected_value_gibbs_state": -23.132325296952292,
  "expected_value_psgibbs_state": -22.999999999999726,
  "energy_qaoa_gibbs_state": -24.601260263843095,
  "energy_qaoa_psgibbs_state": -23.00000000000056,
  "energy_value_exact": -28,
  "entropy_gibbs_state": 8.86540852233175,
  "entropy_psgibbs_state": 7.091742115095238
}