{
  "expected_value_gibbs_state": -27.837336969605335,
  "expected_value_psgibbs_state": -27.999127353975982,
  "energy_qaoa_gibbs_state": -29.65472012410553,
  "energy_qaoa_psgibbs_state": -27.999533508258125,
  "energy_value_exact": -33,
  "entropy_gibbs_state": 8.859733044686664,
  "entropy_psgibbs_state": 6.969663745318384
}