{
  "expected_value_gibbs_state": -28.49261544135882,
  "expected_value_psgibbs_state": -28.124420778424607,
  "energy_qaoa_gibbs_state": -30.56522453281496,
  "energy_qaoa_psgibbs_state": -28.38764446136737,
  "energy_value_exact": -34,
  "entropy_gibbs_state": 8.824748340462458,
  "entropy_psgibbs_state": 7.559426073797268
}