{
  "expected_value_gibbs_state": -28.198467117013745,
  "expected_value_psgibbs_state": -28.016903032094067,
  "energy_qaoa_gibbs_state": -31.137974165774843,
  "energy_qaoa_psgibbs_state": -28.5770337509285,
  "energy_value_exact": -34,
  "entropy_gibbs_state": 8.7433907346609,
  "entropy_psgibbs_state": 7.8464244554985445
}