{
  "expected_value_gibbs_state": -23.605570370833767,
  "expected_value_psgibbs_state": -23.872570045225128,
  "energy_qaoa_gibbs_state": -26.094127394324936,
  "energy_qaoa_psgibbs_state": -24.174358277186816,
  "energy_value_exact": -29,
  "entropy_gibbs_state": 8.87999396153642,
  "entropy_psgibbs_state": 7.293829136154849
}