{
  "expected_value_gibbs_state": -27.29410556870517,
  "expected_value_psgibbs_state": -27.13415986489489,
  "energy_qaoa_gibbs_state": -30.559757703239644,
  "energy_qaoa_psgibbs_state": -27.8300690506573,
  "energy_value_exact": -34,
  "entropy_gibbs_state": 8.868898102695315,
  "entropy_psgibbs_state": 8.089023047021863
}