{
  "expected_value_gibbs_state": -32.549189457373586,
  "expected_value_psgibbs_state": -32.42993226912804,
  "energy_qaoa_gibbs_state": -35.835489384521075,
  "energy_qaoa_psgibbs_state": -32.04288518745993,
  "energy_value_exact": -38,
  "entropy_gibbs_state": 8.839279554706302,
  "entropy_psgibbs_state": 7.8225471681817105
}