{
  "expected_value_gibbs_state": -27.482592436136937,
  "expected_value_psgibbs_state": -27.348668204670712,
  "energy_qaoa_gibbs_state": -29.208601112081755,
  "energy_qaoa_psgibbs_state": -27.852242733568936,
  "energy_value_exact": -33,
  "entropy_gibbs_state": 8.802672139974417,
  "entropy_psgibbs_state": 7.609311525788862
}