{
  "expected_value_gibbs_state": -27.29410556870517,
  "expected_value_psgibbs_state": -27.167596504905536,
  "energy_qaoa_gibbs_state": -29.20636614869127,
  "energy_qaoa_psgibbs_state": -27.78735155963015,
  "energy_value_exact": -34,
  "entropy_gibbs_state": 8.868898102695315,
  "entropy_psgibbs_state": 7.837192402151015
}