{
  "expected_value_gibbs_state": -23.31282214357001,
  "expected_value_psgibbs_state": -23.176074746756413,
  "energy_qaoa_gibbs_state": -25.031802482954248,
  "energy_qaoa_psgibbs_state": -23.679387070877766,
  "energy_value_exact": -29,
  "entropy_gibbs_state": 8.813571941129865,
  "entropy_psgibbs_state": 7.650194448557514
}